amount,velocity_amount_per_min,num_hops,fan_out,fan_in,in_degree,out_degree,amount_retention_ratio,complaint_hour,night_activity,network_density,inter_hop_minutes,clustering_coeff,evidence_coverage,fraud_risk,digital_flow_risk,cashout_risk,confidence
2379250.05,89030.25,5,1,1,1,0,0.744,18,0,0.2148,8.02,0.0,0.72,0.8686,0.5127,0.8096,0.892
751456.64,4282.84,2,1,1,1,0,0.962,14,0,0.0511,87.73,0.0,0.71,0.1602,0.16,0.0593,0.9272
255788.2,1863.37,3,1,2,1,0,0.68,2,1,0.2361,50.33,0.0,0.58,0.4533,0.6638,0.5777,0.7241
89117.32,4668.7,4,1,1,1,0,0.891,11,0,0.1086,7.16,0.0,0.92,0.8836,0.5156,0.883,0.9404
831397.66,48140.55,3,3,2,2,2,0.488,9,0,0.2995,6.91,0.0,0.87,0.765,0.8855,0.1304,0.9059
1002259.36,64168.1,4,2,1,1,0,0.8,12,0,0.3005,5.86,0.0,0.63,0.9783,0.5431,0.8338,0.8703
2047880.5,138331.47,3,1,1,1,0,0.916,4,1,0.2628,7.4,0.0,0.92,0.99,0.4624,0.8462,0.9409
1688661.07,111588.65,3,2,1,1,0,0.777,2,1,0.1299,7.57,0.0,0.85,0.9889,0.4903,0.9311,0.9239
796030.92,25912.93,4,5,1,1,1,0.664,6,0,0.2286,9.22,0.0,0.7,0.9043,0.8924,0.2144,0.8629
190750.55,513.51,2,1,1,1,0,0.916,10,0,0.1437,185.73,0.0,0.79,0.0722,0.1713,0.0937,0.942
1327838.38,55671.35,3,2,3,2,1,0.445,16,0,0.2568,9.54,0.0,0.83,0.8963,0.8609,0.2375,0.8951
352609.02,7658.22,4,5,3,1,2,0.427,13,0,0.3258,13.81,0.0,0.65,0.9152,0.9851,0.1779,0.8478
468795.51,8051.57,2,4,1,2,2,0.494,12,0,0.2197,34.93,0.0,0.86,0.7907,0.8788,0.2326,0.9045
264793.61,5209.19,3,2,1,1,0,0.585,5,0,0.2265,18.64,0.0,0.65,0.5839,0.4253,0.6539,0.746
506970.35,29051.98,3,2,1,1,0,0.89,18,1,0.3024,8.73,0.0,0.72,0.9025,0.5851,0.8976,0.8933
1260622.41,23798.91,4,2,2,1,1,0.657,8,0,0.2071,15.89,0.0,0.57,0.917,0.9272,0.18,0.8282
966456.77,9574.25,2,1,1,1,0,0.619,2,0,0.2693,55.52,0.0,0.74,0.5511,0.6486,0.6583,0.7728
791780.43,6865.08,3,1,2,1,0,0.536,2,1,0.1568,42.29,0.0,0.52,0.5714,0.5256,0.6984,0.7066
94284.64,8999.84,4,2,1,1,0,0.803,7,1,0.2644,3.93,0.0,0.8,0.9022,0.4419,0.8751,0.9117
2433875.86,226168.08,3,2,1,1,0,0.877,1,1,0.2613,5.38,0.0,0.83,0.99,0.4075,0.9149,0.9202
1158617.17,19952.1,2,3,1,2,1,0.659,17,0,0.1539,34.84,0.0,0.87,0.8228,0.9857,0.3416,0.9065
315615.43,7358.25,2,1,2,1,0,0.67,17,0,0.2872,23.59,0.0,0.68,0.5925,0.4272,0.5922,0.7535
165881.49,3225.2,2,2,1,1,0,0.797,8,0,0.1719,28.29,0.0,0.52,0.6523,0.6268,0.6628,0.7052
526002.13,6688.23,2,2,1,1,0,0.525,13,0,0.278,43.26,0.0,0.54,0.5439,0.4263,0.5819,0.7106
1190715.14,36314.96,5,2,1,1,0,0.865,21,0,0.1097,9.84,0.0,0.71,0.9198,0.4317,0.9707,0.8895
2414866.98,409733.02,5,1,1,1,0,0.754,14,1,0.1346,1.77,0.0,0.65,0.99,0.5286,0.807,0.8752
1112125.81,244443.68,4,1,1,1,0,0.752,22,0,0.2721,1.71,0.0,0.62,0.969,0.4606,0.8408,0.8689
498021.69,70753.68,3,2,1,1,0,0.845,4,1,0.2049,3.52,0.0,0.69,0.9363,0.5395,0.8324,0.8848
162706.47,21393.43,3,2,1,1,0,0.897,11,0,0.2908,3.8,0.0,0.88,0.895,0.4662,0.9405,0.9318
2375407.04,421848.79,6,1,1,1,0,0.704,18,0,0.3141,1.41,0.0,0.83,0.8712,0.3676,0.9092,0.9193
1485150.17,54278.21,5,2,1,1,0,0.809,0,1,0.2364,8.21,0.0,0.93,0.9402,0.5903,0.9839,0.9431
219935.19,15011.51,5,1,1,1,0,0.726,2,1,0.2639,4.4,0.0,0.73,0.9786,0.4352,0.8443,0.8964
1047013.28,17277.92,3,2,1,1,1,0.449,15,0,0.2559,24.24,0.0,0.73,0.8479,0.9551,0.1494,0.8691
1472332.83,47105.53,5,1,1,1,0,0.767,22,1,0.2886,9.38,0.0,0.64,0.99,0.4763,0.9405,0.8727
2244031.91,757418.96,3,1,1,1,0,0.954,11,0,0.3392,1.48,0.0,0.84,0.9127,0.4733,0.8442,0.9208
1525980.27,54092.32,6,2,1,1,0,0.965,15,1,0.1228,7.05,0.0,0.77,0.8975,0.4874,0.9051,0.9055
370387.56,2317.98,3,1,2,1,0,0.793,16,0,0.1168,58.59,0.0,0.68,0.4682,0.6301,0.6177,0.7541
257852.4,12413.16,5,1,1,1,0,0.804,19,0,0.3269,6.23,0.0,0.81,0.8955,0.527,0.9119,0.9137
1777456.69,72789.39,4,1,1,1,0,0.822,12,0,0.2172,9.16,0.0,0.62,0.8654,0.3794,0.9404,0.8687
470861.32,1693.11,2,1,1,1,1,0.929,16,0,0.1293,139.05,0.0,0.83,0.2184,0.2756,0.1612,0.9496
156331.92,7866.4,3,1,1,1,0,0.771,18,1,0.2308,9.94,0.0,0.82,0.9804,0.4636,0.9067,0.9169
1354208.07,24968.21,2,3,2,2,2,0.567,13,0,0.1924,32.54,0.0,0.76,0.816,0.8898,0.1812,0.8773
686877.16,28291.95,5,1,1,1,0,0.778,20,1,0.2712,7.28,0.0,0.66,0.99,0.5556,0.9615,0.8777
494598.0,3837.31,2,1,1,1,1,0.987,13,0,0.054,64.45,0.0,0.81,0.2202,0.2775,0.0801,0.9463
586814.01,7812.27,3,2,1,1,2,0.363,20,0,0.2184,30.05,0.0,0.52,0.897,0.9657,0.3499,0.8159
568768.75,6561.51,2,2,2,1,0,0.632,20,0,0.1258,47.68,0.0,0.78,0.6015,0.464,0.6081,0.7845
553290.01,6515.52,4,3,2,2,1,0.532,17,0,0.3541,25.48,0.0,0.89,0.765,0.9629,0.2557,0.9107
645290.27,16139.67,2,3,3,1,1,0.398,17,0,0.3951,23.99,0.0,0.74,0.8582,0.9321,0.1409,0.8732
442482.58,1930.9,1,1,1,1,1,0.93,11,0,0.1546,229.16,0.0,0.94,0.1465,0.2484,0.2038,0.969
162360.1,11205.36,4,1,1,1,0,0.759,10,0,0.119,5.43,0.0,0.65,0.8666,0.388,0.8236,0.8748
293273.12,5497.69,2,4,3,1,2,0.41,15,0,0.206,32.01,0.0,0.83,0.8087,0.9052,0.1273,0.8955
813274.67,10187.49,3,2,2,2,1,0.463,15,0,0.3499,31.93,0.0,0.75,0.7639,0.9736,0.3318,0.8753
728350.24,206840.93,3,1,1,1,0,0.752,14,0,0.331,1.76,0.0,0.68,0.9488,0.4828,0.9225,0.8838
411960.78,16655.77,5,1,1,1,0,0.936,10,0,0.1268,7.42,0.0,0.76,0.9192,0.4106,0.8758,0.9016
99174.43,5788.58,3,2,1,1,0,0.792,11,0,0.1857,8.57,0.0,0.77,0.8962,0.5122,0.8815,0.9038
1111813.15,12077.16,4,2,3,2,1,0.468,9,0,0.3115,27.62,0.0,0.73,0.8105,0.9882,0.2593,0.8694
299367.06,26179.36,4,2,1,1,0,0.745,10,0,0.3015,4.29,0.0,0.62,0.9595,0.3629,0.8031,0.8687
797831.87,2880.34,2,1,1,1,1,0.992,14,0,0.1963,138.5,0.0,0.85,0.2018,0.2442,0.1937,0.9525
728013.74,15426.58,2,3,2,2,2,0.499,6,0,0.3341,28.32,0.0,0.71,0.8702,0.9598,0.1401,0.8651
1399721.15,39162.0,2,2,2,2,2,0.397,12,0,0.2872,21.45,0.0,0.58,0.8664,0.8714,0.1519,0.831
335905.36,19215.87,5,1,1,1,0,0.922,16,1,0.2865,5.24,0.0,0.74,0.99,0.5977,0.8649,0.8983
2319801.09,93991.25,6,2,1,1,0,0.919,10,1,0.1504,6.17,0.0,0.66,0.9114,0.5536,0.9431,0.8777
554274.96,14421.17,2,3,3,2,2,0.665,18,0,0.2253,23.06,0.0,0.8,0.8355,0.8902,0.3269,0.8878
1381704.51,112839.05,6,1,1,1,0,0.733,5,0,0.2826,3.06,0.0,0.84,0.8717,0.5697,0.8842,0.9223
462789.17,5738.7,1,1,1,1,0,0.971,15,0,0.0715,80.64,0.0,0.76,0.2,0.1788,0.2009,0.937
1364379.31,47494.83,5,2,1,1,0,0.869,14,1,0.1375,8.62,0.0,0.68,0.9839,0.53,0.939,0.8833
438752.31,2361.78,1,1,1,1,1,0.918,16,0,0.1375,185.77,0.0,0.82,0.147,0.2695,0.0807,0.9476
771185.8,34467.82,2,5,3,2,2,0.548,9,0,0.3475,13.42,0.0,0.51,0.8607,0.9603,0.2061,0.8124
239436.61,9542.55,4,2,1,1,0,0.955,0,1,0.3462,9.41,0.0,0.89,0.9062,0.5802,0.9779,0.9345
897131.27,31663.71,2,2,1,2,2,0.626,15,0,0.2334,17.0,0.0,0.66,0.8414,0.9796,0.1997,0.8514
1856878.06,147755.58,3,1,1,1,0,0.827,18,0,0.2444,6.28,0.0,0.66,0.8544,0.4279,0.9627,0.8779
589238.17,31693.85,4,1,1,1,0,0.973,8,0,0.2037,6.97,0.0,0.63,0.9796,0.4755,0.9312,0.8712
1887403.15,69067.86,5,2,1,1,0,0.757,16,0,0.218,8.2,0.0,0.8,0.8585,0.5439,0.8771,0.9114
675125.05,13229.09,3,4,3,2,1,0.467,12,0,0.3865,20.41,0.0,0.65,0.796,0.9437,0.214,0.8488
432573.86,18427.38,4,2,1,1,0,0.708,22,0,0.149,8.8,0.0,0.78,0.9274,0.4348,0.8968,0.9065
570019.94,10732.16,3,2,2,1,0,0.753,23,1,0.2925,19.47,0.0,0.78,0.4853,0.5138,0.5107,0.7833
1601439.9,278901.62,3,1,1,1,0,0.734,18,0,0.2054,2.87,0.0,0.91,0.9563,0.4355,0.8441,0.939
1496222.61,44131.72,6,1,1,1,0,0.815,8,0,0.1736,8.48,0.0,0.93,0.9493,0.385,0.9776,0.9437
1344464.53,40216.16,2,2,2,1,2,0.595,14,0,0.2145,20.06,0.0,0.56,0.8919,0.988,0.2409,0.8245
717152.95,25602.68,5,2,1,1,0,0.733,3,1,0.1168,8.4,0.0,0.74,0.9547,0.5301,0.8181,0.898
696025.32,23554.13,5,2,1,1,0,0.77,12,1,0.1438,8.87,0.0,0.92,0.9444,0.4458,0.8882,0.9408
457394.25,51598.65,5,1,1,1,0,0.869,20,1,0.2093,2.66,0.0,0.92,0.9838,0.5026,0.99,0.9409
2387512.99,117911.21,4,1,1,1,0,0.776,14,0,0.2488,7.59,0.0,0.62,0.9145,0.4992,0.8568,0.8683
94212.62,738.27,1,1,1,1,0,0.95,16,0,0.1152,127.61,0.0,0.77,0.222,0.2399,0.1889,0.9393
1496065.13,117143.39,5,1,1,1,0,0.957,16,1,0.2115,3.83,0.0,0.66,0.9604,0.5682,0.9545,0.8796
530438.86,1361.85,2,1,1,1,1,0.925,17,0,0.147,194.75,0.0,0.91,0.0608,0.214,0.0588,0.9634
1499046.41,26684.81,3,3,3,2,1,0.594,14,0,0.1981,22.47,0.0,0.55,0.8217,0.9634,0.2914,0.822
1165102.03,41314.51,5,1,1,1,0,0.882,23,1,0.1301,8.46,0.0,0.63,0.9805,0.435,0.9532,0.8705
822461.33,70348.59,3,2,1,1,0,0.789,17,0,0.2067,5.85,0.0,0.91,0.9043,0.4655,0.9684,0.9376
504408.63,20012.81,4,1,1,1,0,0.72,13,0,0.2918,9.45,0.0,0.74,0.9124,0.5069,0.9485,0.8978
775225.21,14148.01,2,2,1,1,0,0.756,16,0,0.1709,30.14,0.0,0.51,0.5241,0.4654,0.4318,0.7045
2469919.85,622080.75,3,1,1,1,0,0.89,11,1,0.2995,1.99,0.0,0.69,0.9665,0.5956,0.9803,0.8858
1357992.85,50092.03,3,5,3,2,2,0.643,11,0,0.3019,10.84,0.0,0.71,0.7892,0.8829,0.1707,0.8633
1959981.96,89557.66,4,2,1,1,0,0.971,16,0,0.2493,8.21,0.0,0.78,0.8838,0.4788,0.9135,0.9081
900513.06,19732.49,2,2,1,1,0,0.688,8,1,0.272,25.1,0.0,0.58,0.5478,0.4764,0.5535,0.7249
2137874.16,96758.05,4,2,1,1,0,0.961,10,0,0.2021,8.29,0.0,0.73,0.8838,0.5309,0.9143,0.8953
589448.84,32565.09,3,1,1,1,0,0.938,7,1,0.229,9.05,0.0,0.92,0.9643,0.5155,0.9224,0.9401
741892.62,5346.01,3,2,2,1,0,0.798,15,0,0.2674,50.88,0.0,0.68,0.62,0.5732,0.6308,0.7537
2208133.36,159570.88,4,1,1,1,0,0.931,9,1,0.1572,5.19,0.0,0.92,0.8901,0.489,0.9586,0.9403
523175.52,39922.79,3,1,1,1,0,0.857,7,0,0.2585,6.55,0.0,0.79,0.9514,0.3767,0.9594,0.9094
1445413.21,24960.53,4,4,2,1,1,0.626,9,0,0.322,17.37,0.0,0.53,0.8012,0.9521,0.1355,0.8171
535177.51,26214.47,3,3,2,2,2,0.587,17,0,0.3374,8.17,0.0,0.55,0.8789,0.8632,0.1251,0.8235
1247175.82,114329.64,5,1,1,1,0,0.825,13,0,0.3361,3.27,0.0,0.64,0.961,0.4818,0.9704,0.8726
2107870.55,88758.75,5,2,1,1,0,0.737,2,1,0.1378,7.12,0.0,0.75,0.99,0.4549,0.9085,0.9003
721827.25,56873.1,5,2,1,1,0,0.95,14,1,0.1501,3.81,0.0,0.9,0.9829,0.4907,0.9102,0.9369
259887.46,4999.43,2,2,3,1,2,0.536,12,0,0.3066,31.19,0.0,0.55,0.7555,0.9797,0.2618,0.8236
390402.66,1051.69,2,1,1,1,1,0.969,12,0,0.1338,185.61,0.0,0.77,0.0838,0.2103,0.1152,0.9382
664038.95,38540.3,2,2,2,2,2,0.488,20,0,0.3,10.34,0.0,0.62,0.8681,0.9718,0.2994,0.8403
1227242.02,132629.01,6,2,1,1,0,0.976,14,0,0.2545,2.31,0.0,0.85,0.9228,0.3524,0.8855,0.923
154603.09,11052.62,2,2,2,2,1,0.396,12,0,0.2002,8.39,0.0,0.78,0.8896,0.8654,0.2742,0.8821
150493.37,5040.46,2,2,1,1,0,0.518,8,0,0.2742,16.42,0.0,0.69,0.6504,0.495,0.6482,0.7557
2242300.81,87901.89,6,2,1,1,0,0.827,2,1,0.141,6.38,0.0,0.75,0.9842,0.4983,0.9406,0.9008
933219.48,8162.25,4,5,1,2,1,0.626,12,0,0.1609,34.3,0.0,0.56,0.7535,0.9449,0.1964,0.8268
752583.35,17012.74,3,2,1,2,1,0.421,12,0,0.2657,17.69,0.0,0.85,0.8736,0.9566,0.2179,0.9003
959044.97,43250.07,6,2,1,1,0,0.943,8,0,0.2813,5.54,0.0,0.77,0.9635,0.5752,0.9017,0.9049
1501258.31,133016.09,4,1,1,1,0,0.874,7,1,0.1589,4.23,0.0,0.87,0.9427,0.5005,0.9375,0.9292
1305907.25,75143.13,3,1,1,1,0,0.822,21,1,0.2113,8.69,0.0,0.78,0.9367,0.4982,0.8578,0.9072
2425060.19,104266.28,4,1,1,1,0,0.791,7,0,0.1992,8.72,0.0,0.68,0.8805,0.5709,0.8751,0.8839
1149505.06,33969.03,6,1,1,1,0,0.826,7,0,0.2767,8.46,0.0,0.66,0.8718,0.3592,0.9552,0.878
384958.39,1826.48,1,1,1,1,1,0.959,14,0,0.0809,210.77,0.0,0.73,0.1066,0.0914,0.1562,0.932
68163.23,1492.93,2,1,1,1,0,0.531,0,0,0.1083,25.11,0.0,0.46,0.6967,0.6702,0.4214,0.6878
649946.34,8696.51,2,2,1,1,0,0.683,22,0,0.1279,41.11,0.0,0.41,0.527,0.5973,0.4765,0.6736
776230.52,3581.31,1,1,1,1,0,0.944,13,0,0.1945,216.74,0.0,0.78,0.1889,0.2757,0.1249,0.9398
648160.86,27557.41,4,2,1,1,0,0.915,7,1,0.3297,8.82,0.0,0.81,0.99,0.5567,0.9434,0.9145
539146.16,6164.67,3,3,3,1,1,0.492,21,0,0.3381,34.98,0.0,0.54,0.7991,0.8742,0.2696,0.8194
741283.12,3156.49,1,1,1,1,1,0.988,15,0,0.1153,234.84,0.0,0.95,0.0752,0.1889,0.0512,0.9702
947830.76,46837.68,5,1,1,1,0,0.809,0,1,0.1933,6.07,0.0,0.68,0.8995,0.5009,0.9436,0.8831
708653.71,9784.18,4,5,2,2,2,0.359,15,0,0.1772,21.73,0.0,0.56,0.8395,0.892,0.2296,0.8255
1396064.88,70148.3,4,1,1,1,0,0.846,20,0,0.1019,7.46,0.0,0.83,0.9667,0.4109,0.9876,0.9184
2339368.27,318885.92,4,2,1,1,0,0.836,15,0,0.2675,2.75,0.0,0.93,0.9192,0.4952,0.8452,0.9421
325925.11,2292.28,1,1,1,1,0,0.952,15,0,0.1522,142.18,0.0,0.75,0.1603,0.2218,0.0714,0.9358
403430.11,5493.74,3,2,1,2,1,0.683,12,0,0.3095,29.37,0.0,0.71,0.8509,0.9632,0.2687,0.8636
933892.67,38483.71,4,2,1,1,0,0.856,4,1,0.283,9.1,0.0,0.9,0.9773,0.5524,0.9603,0.9355
1088664.79,216681.8,3,1,1,1,0,0.943,0,1,0.1239,2.51,0.0,0.61,0.9735,0.5018,0.9229,0.866
1007719.69,330163.58,3,1,1,1,0,0.977,2,1,0.269,1.53,0.0,0.75,0.948,0.5311,0.8327,0.9012
2055832.29,68354.13,6,2,1,1,0,0.954,12,0,0.1214,7.52,0.0,0.91,0.8749,0.4308,0.8685,0.9391
220088.41,12966.56,3,2,1,1,0,0.924,20,0,0.2482,8.49,0.0,0.84,0.88,0.4642,0.8624,0.9211
977267.24,60875.77,4,2,1,1,0,0.825,19,0,0.2406,6.02,0.0,0.94,0.8728,0.5225,0.8642,0.9444
167597.76,3370.79,2,5,1,2,2,0.693,8,0,0.3818,29.83,0.0,0.59,0.8179,0.8798,0.3483,0.8344
553758.42,6735.21,2,2,2,1,0,0.59,7,0,0.1255,45.22,0.0,0.73,0.6455,0.5984,0.4301,0.7691
694625.8,58824.24,4,2,1,1,0,0.962,8,0,0.3063,4.43,0.0,0.7,0.9725,0.5683,0.8575,0.8875
463924.03,946.46,2,1,1,1,1,0.95,9,0,0.0675,245.08,0.0,0.95,0.1299,0.2556,0.2236,0.9701
634124.04,1335.54,2,1,1,1,0,0.94,10,0,0.0731,237.4,0.0,0.77,0.251,0.1946,0.2365,0.9381
732047.8,13407.49,2,3,1,2,2,0.618,18,0,0.2294,32.76,0.0,0.88,0.8903,0.9466,0.148,0.9091
771508.64,6821.41,4,5,1,1,2,0.657,18,0,0.1764,33.93,0.0,0.76,0.7867,0.9405,0.2695,0.8766
200306.59,22043.67,5,1,1,1,0,0.716,10,1,0.2549,2.73,0.0,0.7,0.9459,0.3927,0.8127,0.889
219656.05,1057.78,1,1,1,1,1,0.962,12,0,0.1995,207.66,0.0,0.94,0.1792,0.1413,0.1748,0.97
653472.99,6766.9,4,4,2,2,1,0.474,16,0,0.2535,28.97,0.0,0.83,0.8747,0.96,0.1225,0.8961
734982.62,10165.81,3,2,2,1,2,0.416,10,0,0.2038,28.92,0.0,0.5,0.791,0.9869,0.3044,0.8113
503218.42,10264.7,2,1,1,1,0,0.675,22,0,0.1254,26.96,0.0,0.75,0.5109,0.5825,0.647,0.7738
1292858.72,17977.92,3,2,1,1,2,0.625,14,0,0.3857,28.77,0.0,0.82,0.763,0.8963,0.334,0.8941
1963867.54,72899.85,6,2,1,1,0,0.808,21,0,0.2535,6.73,0.0,0.62,0.9174,0.3875,0.9554,0.8696
1028335.97,86869.41,2,4,3,1,1,0.631,8,0,0.153,7.1,0.0,0.88,0.8754,0.9059,0.1882,0.9095
1947901.15,72551.28,5,1,1,1,0,0.749,4,1,0.3076,8.05,0.0,0.62,0.9452,0.3707,0.8875,0.8698
789010.38,6710.85,3,2,1,1,0,0.572,16,0,0.1521,43.11,0.0,0.43,0.69,0.5339,0.6708,0.6783
356822.25,10901.18,5,2,1,1,0,0.836,15,1,0.2641,9.82,0.0,0.64,0.934,0.582,0.8682,0.8748
1108588.36,61617.34,6,2,1,1,0,0.964,19,0,0.1494,4.5,0.0,0.91,0.934,0.4215,0.9687,0.9385
851118.91,11856.8,2,1,1,1,0,0.577,7,0,0.2116,39.48,0.0,0.47,0.4635,0.4896,0.6309,0.6917
1371912.74,276224.04,3,1,1,1,0,0.892,19,1,0.1534,2.48,0.0,0.78,0.99,0.5332,0.9222,0.9065
774831.81,25622.77,4,4,1,2,1,0.552,14,0,0.3403,9.07,0.0,0.56,0.8285,0.8612,0.1767,0.8266
793529.86,4380.31,2,1,1,1,1,0.98,17,0,0.1333,90.58,0.0,0.92,0.1794,0.1176,0.1211,0.9656
447838.95,916.61,2,1,1,1,1,0.904,9,0,0.0517,244.29,0.0,0.92,0.2093,0.2157,0.2013,0.9665
381552.05,1366.89,1,1,1,1,1,0.939,12,0,0.1583,279.14,0.0,0.97,0.1745,0.1583,0.1325,0.9739
12542.43,74.46,2,1,1,1,1,0.979,12,0,0.1103,84.22,0.0,0.96,0.1571,0.2247,0.0708,0.9732
1772211.43,68889.14,6,2,1,1,0,0.868,18,0,0.3063,6.43,0.0,0.77,0.86,0.3646,0.8868,0.9059
569067.94,2381.98,1,1,1,1,0,0.944,12,0,0.0684,238.91,0.0,0.92,0.0995,0.1543,0.0625,0.9657
615604.93,2329.35,1,1,1,1,0,0.917,14,0,0.1454,264.28,0.0,0.94,0.0749,0.162,0.218,0.9684
1451087.06,128349.94,6,2,1,1,0,0.801,17,0,0.2751,2.83,0.0,0.81,0.9262,0.5244,0.988,0.9132
54347.52,372.32,1,1,1,1,0,0.938,13,0,0.1221,145.97,0.0,0.83,0.2468,0.2212,0.1762,0.9495
2264587.66,137758.24,5,1,1,1,0,0.702,8,0,0.2526,4.93,0.0,0.65,0.9477,0.5142,0.9626,0.8754
189784.07,53648.15,4,1,1,1,0,0.769,13,0,0.168,1.33,0.0,0.87,0.9085,0.5442,0.8111,0.9278
74580.06,923.97,3,2,1,2,2,0.494,12,0,0.1716,32.29,0.0,0.59,0.8745,0.9313,0.1494,0.8346
411644.41,4459.54,3,2,2,1,0,0.756,20,0,0.2308,33.85,0.0,0.48,0.5913,0.5299,0.6922,0.6938
540521.9,48849.55,2,2,3,2,1,0.648,12,0,0.2863,6.64,0.0,0.89,0.7887,0.9125,0.2448,0.912
443582.54,3454.4,2,1,1,1,1,0.985,13,0,0.0711,64.21,0.0,0.9,0.0954,0.0995,0.2224,0.9619
1130193.48,16251.97,4,5,3,2,1,0.368,20,0,0.2743,20.86,0.0,0.64,0.8983,0.9308,0.2944,0.8453
24177.09,48.11,2,1,1,1,1,0.916,17,0,0.134,251.29,0.0,0.93,0.1672,0.1905,0.0688,0.9665
741955.7,50769.62,4,2,1,1,0,0.804,22,1,0.1951,5.48,0.0,0.87,0.99,0.4009,0.919,0.9292
1992493.33,142811.6,6,2,1,1,0,0.923,14,0,0.3242,3.49,0.0,0.78,0.9082,0.4895,0.8582,0.9077
560573.59,11986.41,4,5,2,1,2,0.421,21,0,0.2409,14.03,0.0,0.79,0.8895,0.9007,0.3037,0.8862
861167.72,9257.67,2,2,1,1,0,0.838,12,1,0.2336,51.16,0.0,0.65,0.4915,0.6469,0.5397,0.7462
80888.42,22013.16,3,2,1,1,0,0.901,1,1,0.1948,1.84,0.0,0.94,0.9338,0.4241,0.9861,0.9458
1910976.9,182327.34,3,1,1,1,0,0.882,8,0,0.2236,5.24,0.0,0.89,0.8936,0.3934,0.951,0.9336
89503.61,622.73,1,1,1,1,1,0.935,10,0,0.1623,143.73,0.0,0.9,0.1804,0.1505,0.2183,0.9612
1469179.78,63855.61,4,2,2,2,1,0.59,17,0,0.3204,6.9,0.0,0.57,0.8614,0.9889,0.1367,0.8274
883931.23,59045.34,4,2,1,1,0,0.801,20,0,0.176,5.61,0.0,0.83,0.972,0.5678,0.9602,0.9189
535338.07,1352.34,2,1,1,1,1,0.967,15,0,0.0754,197.93,0.0,0.82,0.1297,0.1253,0.1263,0.947
1061264.77,159469.96,5,2,1,1,0,0.705,7,1,0.3295,2.0,0.0,0.7,0.99,0.4231,0.9548,0.8875
645876.35,1171.24,2,1,1,1,1,0.973,15,0,0.1299,275.72,0.0,0.89,0.1445,0.1237,0.074,0.9603
695123.67,312657.86,3,2,1,1,0,0.779,13,0,0.1743,1.11,0.0,0.7,0.9466,0.362,0.9535,0.8892
677770.54,8196.9,3,2,1,1,0,0.719,15,0,0.2589,30.32,0.0,0.41,0.5957,0.6787,0.6596,0.6742
118870.34,3051.82,2,2,1,1,1,0.668,9,0,0.3671,23.37,0.0,0.53,0.9125,0.8633,0.2797,0.8167
2281157.62,107400.26,4,1,1,1,0,0.795,19,0,0.2518,7.96,0.0,0.82,0.9269,0.5257,0.8404,0.917
178731.58,2481.03,3,4,2,2,2,0.445,16,0,0.3359,28.82,0.0,0.7,0.8578,0.8692,0.1785,0.8627
1207608.72,49403.5,4,1,1,1,0,0.778,0,1,0.2182,9.17,0.0,0.82,0.9511,0.4619,0.8806,0.9163
817086.05,78790.0,2,3,3,2,2,0.45,12,0,0.3506,6.22,0.0,0.73,0.8372,0.8982,0.3343,0.8695
263377.28,15744.96,3,1,1,1,0,0.797,6,0,0.1074,8.36,0.0,0.84,0.8558,0.4626,0.958,0.9207
1005187.26,64171.95,5,2,1,1,0,0.888,12,0,0.1773,4.7,0.0,0.89,0.9742,0.5553,0.8303,0.9332
100424.69,2004.62,2,2,3,2,2,0.44,9,0,0.246,30.06,0.0,0.68,0.8127,0.8757,0.2164,0.8574
66096.05,274.36,2,1,1,1,0,0.994,17,0,0.147,120.45,0.0,0.97,0.1757,0.1804,0.0778,0.974
428087.83,17087.61,5,1,1,1,0,0.907,5,1,0.3478,7.52,0.0,0.89,0.9803,0.4831,0.9063,0.9329
1028453.43,244052.91,3,1,1,1,0,0.76,22,1,0.1168,2.11,0.0,0.74,0.99,0.451,0.8132,0.8965
1296070.18,27363.22,3,3,3,1,2,0.553,14,0,0.2577,18.95,0.0,0.63,0.849,0.9083,0.2582,0.8432
553839.96,3351.63,1,1,1,1,1,0.943,12,0,0.0567,165.25,0.0,0.93,0.2488,0.148,0.1534,0.9671
66440.46,12113.8,5,2,1,1,0,0.867,16,1,0.2514,1.65,0.0,0.73,0.9183,0.597,0.9072,0.8946
121036.84,1226.38,1,1,1,1,1,0.951,12,0,0.0649,98.69,0.0,0.76,0.2444,0.1628,0.1291,0.9373
410301.53,56935.67,3,1,1,1,0,0.934,4,1,0.1785,3.6,0.0,0.91,0.9684,0.5567,0.99,0.9386
2404781.94,470257.54,6,2,1,1,0,0.795,3,1,0.2195,1.28,0.0,0.79,0.9119,0.4117,0.9426,0.9087
2075696.69,377177.96,3,1,1,1,0,0.842,11,0,0.3077,2.75,0.0,0.79,0.8715,0.4957,0.99,0.9098
2051054.48,111083.75,6,1,1,1,0,0.906,17,0,0.2423,4.62,0.0,0.82,0.8762,0.4488,0.8367,0.9161
825961.26,25184.82,4,4,1,2,1,0.474,20,0,0.3675,9.84,0.0,0.55,0.8844,0.8762,0.3027,0.8236
2198871.92,56517.73,6,1,1,1,0,0.83,15,0,0.2887,9.73,0.0,0.77,0.8893,0.4729,0.9188,0.9053
675804.98,9734.56,4,2,3,2,1,0.653,19,0,0.264,20.83,0.0,0.68,0.8524,0.9369,0.3055,0.8561
1494281.35,47854.41,2,2,1,2,2,0.372,11,0,0.214,18.74,0.0,0.51,0.9152,0.8887,0.2888,0.8132
744113.34,1731.82,2,1,1,1,1,0.953,13,0,0.1038,214.84,0.0,0.94,0.1085,0.1221,0.2415,0.9694
2494661.1,62668.35,6,2,1,1,0,0.782,6,0,0.1854,9.95,0.0,0.82,0.859,0.3514,0.9593,0.9172
649254.71,2663.16,1,1,1,1,1,0.91,15,0,0.1231,243.79,0.0,0.72,0.1356,0.1614,0.0632,0.9302
321945.34,12995.57,6,2,1,1,0,0.72,18,0,0.1749,6.19,0.0,0.63,0.9151,0.5486,0.9202,0.8705
228609.5,16325.31,3,1,1,1,0,0.765,6,0,0.1731,7.0,0.0,0.65,0.8846,0.3555,0.8992,0.8768
443694.56,806.54,2,1,1,1,0,0.921,11,0,0.1472,275.06,0.0,0.74,0.2366,0.1806,0.1399,0.9326
946556.2,29088.96,3,5,2,2,1,0.631,11,0,0.2908,13.02,0.0,0.55,0.9059,0.9537,0.2123,0.8225
2210880.82,82916.08,6,1,1,1,0,0.776,16,0,0.1,6.67,0.0,0.78,0.8561,0.419,0.9202,0.9069
2106379.31,259193.3,3,2,1,1,0,0.907,10,1,0.1325,4.06,0.0,0.8,0.99,0.493,0.9842,0.9115
439712.99,5041.64,3,2,1,1,0,0.531,22,0,0.1775,31.98,0.0,0.65,0.626,0.4012,0.4667,0.7459
536444.48,4857.64,1,1,1,1,0,0.995,17,0,0.0947,110.43,0.0,0.73,0.2142,0.2088,0.0596,0.9317
2394159.55,68074.83,6,1,1,1,0,0.828,17,0,0.2927,8.79,0.0,0.6,0.9617,0.3965,0.9239,0.8642
1086489.38,26009.94,2,4,2,2,2,0.426,18,0,0.3385,25.06,0.0,0.51,0.8171,0.981,0.1489,0.8137
779927.53,2828.78,2,1,1,1,1,0.947,9,0,0.1835,137.86,0.0,0.79,0.1272,0.0916,0.0723,0.9415
419699.2,9702.8,2,2,1,2,2,0.643,6,0,0.1811,25.95,0.0,0.67,0.8338,0.9126,0.2421,0.853
39637.64,378.08,4,3,2,2,1,0.459,17,0,0.2168,31.45,0.0,0.59,0.7724,0.9714,0.2523,0.8329
987321.79,237124.35,3,2,1,1,0,0.822,20,0,0.2848,2.08,0.0,0.68,0.9334,0.4927,0.9266,0.8828
443221.81,908.02,2,1,1,1,0,0.955,16,0,0.1675,244.06,0.0,0.93,0.1462,0.1596,0.1106,0.9681
609176.64,35529.47,4,1,1,1,0,0.909,22,1,0.2456,6.43,0.0,0.95,0.9211,0.4827,0.9407,0.9472
852907.98,20546.13,3,4,2,2,1,0.399,15,0,0.3618,16.6,0.0,0.63,0.797,0.9876,0.2413,0.8428
188964.59,3893.15,2,1,1,1,0,0.821,23,0,0.2078,26.7,0.0,0.42,0.6225,0.5932,0.6806,0.6773
364620.11,8078.6,3,3,3,2,1,0.474,15,0,0.3199,18.05,0.0,0.53,0.7967,0.9649,0.2257,0.8179
663403.6,11918.13,3,3,1,2,2,0.664,17,0,0.3609,22.27,0.0,0.89,0.8848,0.971,0.1757,0.912
221017.93,3248.47,2,2,2,1,0,0.834,11,0,0.1874,37.42,0.0,0.64,0.4683,0.5743,0.6947,0.7412
1991858.03,142432.61,5,1,1,1,0,0.969,20,1,0.3418,4.2,0.0,0.74,0.99,0.5433,0.8827,0.897
1172674.89,237932.88,3,2,1,1,0,0.914,21,0,0.3089,2.46,0.0,0.87,0.899,0.488,0.9668,0.9299
2029794.24,58784.32,6,2,1,1,0,0.926,21,0,0.1073,8.63,0.0,0.77,0.9361,0.3796,0.8791,0.9044
2302851.01,126714.16,5,1,1,1,0,0.913,16,0,0.1227,5.45,0.0,0.61,0.8575,0.4611,0.8768,0.8667
1488852.38,39954.63,2,4,2,2,1,0.434,15,0,0.3693,22.36,0.0,0.89,0.7547,0.9692,0.2929,0.9113
2392984.23,101962.95,4,1,1,1,0,0.763,3,1,0.2092,8.8,0.0,0.8,0.9572,0.5397,0.848,0.9127
2240531.04,78043.3,5,1,1,1,0,0.817,3,1,0.3222,8.61,0.0,0.79,0.9166,0.4138,0.8803,0.9097
73394.2,3640.77,3,5,2,1,1,0.527,8,0,0.1738,8.06,0.0,0.83,0.7581,0.9545,0.298,0.896
2070730.25,87417.36,4,1,1,1,0,0.713,19,0,0.1094,8.88,0.0,0.64,0.9495,0.35,0.8708,0.8747
105585.77,3574.26,3,4,2,1,1,0.503,21,0,0.1504,11.82,0.0,0.79,0.9144,0.8892,0.2725,0.8859
680256.05,3613.32,1,1,1,1,1,0.933,17,0,0.0879,188.26,0.0,0.78,0.0763,0.1474,0.2499,0.9407
350220.44,8049.81,3,2,1,2,1,0.495,15,0,0.3273,17.4,0.0,0.57,0.8827,0.9359,0.339,0.8274
700049.04,18339.57,6,1,1,1,0,0.9,20,0,0.2952,9.54,0.0,0.85,0.8724,0.5931,0.9063,0.9235
491479.6,28599.64,5,1,1,1,0,0.734,6,1,0.1862,5.16,0.0,0.61,0.8967,0.3855,0.8363,0.8666
134287.76,640.15,1,1,1,1,1,0.967,15,0,0.1324,209.77,0.0,0.79,0.1513,0.1813,0.1274,0.9428
45580.01,475.2,2,2,2,1,0,0.746,13,1,0.1195,52.75,0.0,0.62,0.5753,0.5977,0.5696,0.7371
658654.02,14726.66,2,3,1,2,2,0.6,8,0,0.2491,26.84,0.0,0.55,0.8971,0.8804,0.1913,0.8237
2184964.38,118885.06,5,2,1,1,0,0.77,23,1,0.3127,5.51,0.0,0.94,0.9716,0.4119,0.8277,0.9465
98499.36,13094.87,3,1,1,1,0,0.815,5,0,0.2832,3.76,0.0,0.74,0.8589,0.5459,0.8786,0.898
1036029.73,76826.2,2,3,3,1,2,0.694,9,0,0.3179,8.09,0.0,0.75,0.7838,0.9144,0.2927,0.8758
730739.3,28931.91,4,1,1,1,0,0.975,9,0,0.3427,9.47,0.0,0.64,0.9025,0.5345,0.9498,0.8735
536123.15,11770.84,4,3,2,1,1,0.444,17,0,0.2874,13.66,0.0,0.78,0.7745,0.9374,0.1596,0.8817
96284.08,2766.35,2,2,1,1,0,0.718,14,0,0.2283,19.14,0.0,0.68,0.5433,0.5578,0.5462,0.7545
471010.0,4332.81,1,1,1,1,1,0.9,12,0,0.192,108.71,0.0,0.73,0.0825,0.2689,0.1973,0.9317
226553.66,1925.84,3,2,1,1,0,0.518,0,0,0.2166,43.13,0.0,0.5,0.5626,0.6681,0.5317,0.7004
158947.08,832.65,2,1,1,1,1,0.91,10,0,0.1614,95.45,0.0,0.8,0.2369,0.0969,0.2114,0.9437
822734.74,9515.35,2,2,1,1,0,0.706,16,0,0.2341,47.56,0.0,0.68,0.501,0.5831,0.6491,0.7541
2283227.17,176426.16,6,1,1,1,0,0.704,10,0,0.1156,3.24,0.0,0.76,0.9453,0.5017,0.9144,0.9026
2381152.24,99605.59,4,1,1,1,0,0.93,12,1,0.1994,8.96,0.0,0.78,0.9229,0.5969,0.8796,0.9071
347721.56,1906.94,1,1,1,1,0,0.933,9,0,0.1843,182.35,0.0,0.9,0.2154,0.1709,0.176,0.962
1778379.03,121365.97,4,2,1,1,0,0.882,4,1,0.2048,5.49,0.0,0.78,0.99,0.4997,0.8642,0.906
626258.47,9281.67,4,5,3,1,1,0.6,11,0,0.3138,20.24,0.0,0.6,0.7771,0.8809,0.1362,0.8371
1677337.49,67227.15,5,1,1,1,0,0.892,2,1,0.102,7.49,0.0,0.92,0.9476,0.4883,0.8733,0.9417
70542.29,153.03,2,1,1,1,0,0.922,15,0,0.1929,230.48,0.0,0.8,0.1244,0.1811,0.2382,0.9436
129490.92,3851.01,2,1,1,1,0,0.622,8,1,0.2354,18.49,0.0,0.74,0.6647,0.6095,0.543,0.7705
261538.97,8756.05,2,5,2,2,1,0.521,18,0,0.1913,17.92,0.0,0.5,0.8722,0.9552,0.2384,0.8102
254708.13,26937.23,3,2,1,1,0,0.949,13,0,0.2587,4.73,0.0,0.8,0.8654,0.403,0.8829,0.9129
647137.23,62468.39,5,1,1,1,0,0.91,23,1,0.2392,3.11,0.0,0.75,0.9458,0.4852,0.9484,0.8989
145638.19,597.0,2,1,1,1,0,0.987,10,0,0.0533,121.97,0.0,0.98,0.1963,0.1791,0.2366,0.977
1471142.47,73671.86,2,2,2,1,1,0.422,6,0,0.3879,11.98,0.0,0.81,0.8539,0.9715,0.2748,0.8908
1331289.15,15378.59,4,5,1,2,2,0.594,13,0,0.359,25.97,0.0,0.83,0.8934,0.9231,0.1967,0.8954
366522.35,1541.04,1,1,1,1,0,0.988,11,0,0.052,237.84,0.0,0.82,0.186,0.0831,0.1062,0.9481
152864.3,12725.56,4,1,1,1,0,0.908,14,0,0.2621,4.5,0.0,0.63,0.8988,0.551,0.9037,0.8702
572287.51,8970.69,2,1,2,1,0,0.755,7,0,0.1739,35.09,0.0,0.59,0.6307,0.5839,0.6185,0.7257
583285.13,25490.47,4,1,1,1,0,0.701,1,1,0.2371,8.58,0.0,0.62,0.9896,0.4959,0.9329,0.8696
644371.64,1443.17,2,1,1,1,0,0.967,15,0,0.1494,223.25,0.0,0.8,0.1321,0.1117,0.1016,0.9447
663915.59,8355.16,3,2,1,2,2,0.405,15,0,0.2537,31.78,0.0,0.79,0.8157,0.9365,0.1626,0.8841
1295732.72,16032.67,3,5,3,1,2,0.377,7,0,0.1834,32.33,0.0,0.68,0.8266,0.9846,0.2191,0.8562
811545.81,7325.97,4,3,1,1,2,0.444,17,0,0.2658,33.23,0.0,0.61,0.8613,0.9671,0.1345,0.839
659101.87,1472.52,2,1,1,1,1,0.979,13,0,0.1622,223.8,0.0,0.75,0.0956,0.1728,0.1028,0.9341
1335484.56,18077.4,4,5,2,2,2,0.463,13,0,0.2003,22.16,0.0,0.71,0.8752,0.9167,0.2734,0.8635
1882611.6,152060.89,3,2,1,1,0,0.971,19,1,0.3334,6.19,0.0,0.88,0.9777,0.3514,0.9092,0.9313
473444.65,29068.45,2,5,3,1,1,0.624,16,0,0.1534,9.77,0.0,0.53,0.8031,0.862,0.1239,0.8183
714973.75,15649.1,3,1,2,1,0,0.717,2,1,0.183,16.75,0.0,0.56,0.5476,0.4194,0.5987,0.7183
544139.06,3987.27,1,1,1,1,1,0.957,15,0,0.1892,136.47,0.0,0.98,0.1218,0.1855,0.0923,0.9762
981684.37,6697.13,3,2,2,1,0,0.829,13,0,0.191,53.75,0.0,0.67,0.6194,0.5045,0.6837,0.751
1275880.64,93838.07,3,1,1,1,0,0.882,9,0,0.2869,6.8,0.0,0.88,0.9038,0.401,0.8372,0.9321
693043.83,25381.28,3,5,2,2,1,0.563,16,0,0.2634,10.92,0.0,0.68,0.8666,0.9783,0.267,0.8573
885167.17,7961.31,3,2,2,1,0,0.822,10,0,0.171,40.77,0.0,0.42,0.4579,0.5185,0.4437,0.6762
1324435.18,21096.18,3,4,1,1,1,0.589,16,0,0.3344,25.11,0.0,0.61,0.8864,0.9896,0.1269,0.8398
633951.62,8136.19,2,1,1,1,0,0.772,13,0,0.1134,42.85,0.0,0.79,0.6542,0.6387,0.6826,0.787
994714.1,78596.87,4,2,1,1,0,0.764,19,0,0.3356,4.75,0.0,0.63,0.907,0.4825,0.9675,0.8703
330357.22,23561.16,6,2,1,1,0,0.758,7,0,0.1051,3.51,0.0,0.89,0.8975,0.4384,0.8514,0.9334
195011.95,3308.63,3,2,2,1,0,0.803,23,0,0.1969,21.61,0.0,0.52,0.5909,0.6251,0.4584,0.7063
770625.42,20496.71,3,5,2,1,1,0.505,20,0,0.2266,15.04,0.0,0.83,0.7597,0.9144,0.2254,0.8955
463687.18,1667.54,1,1,1,1,0,0.986,15,0,0.176,278.07,0.0,1.0,0.2368,0.1543,0.089,0.9794
1118921.14,15101.65,4,3,3,2,1,0.391,21,0,0.2517,22.23,0.0,0.63,0.8272,0.9591,0.149,0.8441
2381039.82,212922.28,3,1,1,1,0,0.862,13,0,0.1575,5.59,0.0,0.79,0.8984,0.5154,0.854,0.9104
298273.77,3877.01,3,4,1,2,2,0.666,21,0,0.3818,30.77,0.0,0.89,0.8471,0.8786,0.2061,0.9109
300238.68,2415.28,1,1,1,1,0,0.985,13,0,0.0763,124.31,0.0,0.9,0.0963,0.1236,0.2248,0.9623
694956.0,52558.19,3,2,1,1,0,0.922,19,0,0.158,6.61,0.0,0.69,0.9221,0.3999,0.88,0.8863
2373832.21,196555.49,5,2,1,1,0,0.959,14,1,0.217,3.62,0.0,0.76,0.9889,0.3886,0.9128,0.9032
905443.27,8201.48,4,3,1,2,2,0.516,16,0,0.1576,33.12,0.0,0.58,0.8079,0.9264,0.2615,0.8313
524558.39,14037.2,2,2,2,1,0,0.597,19,1,0.2993,20.55,0.0,0.72,0.6384,0.4603,0.5141,0.7655
1165737.05,29585.65,2,5,3,2,2,0.483,13,0,0.2,23.64,0.0,0.52,0.8466,0.9447,0.1685,0.8158
1288327.77,11750.06,4,3,2,2,1,0.612,8,0,0.2812,32.89,0.0,0.81,0.7899,0.9049,0.1269,0.8906
677831.87,8537.07,2,1,1,1,0,0.729,23,0,0.2696,43.67,0.0,0.78,0.6712,0.6069,0.4977,0.7837
2410232.79,84831.21,6,1,1,1,0,0.898,22,0,0.2986,7.1,0.0,0.7,0.8685,0.4283,0.9744,0.8874
2479655.38,131625.46,3,2,1,1,0,0.963,17,1,0.1155,9.42,0.0,0.63,0.9112,0.4988,0.8556,0.8718
463313.09,7222.02,3,2,2,1,0,0.521,8,0,0.2508,23.52,0.0,0.63,0.6761,0.6289,0.632,0.7393
66851.01,1902.49,6,2,1,1,0,0.815,1,1,0.1892,8.78,0.0,0.87,0.9284,0.4247,0.8482,0.9276
1101325.06,20752.15,4,2,1,2,2,0.411,18,0,0.2829,15.92,0.0,0.62,0.8338,0.899,0.2571,0.8399
267498.16,9270.17,2,3,1,1,2,0.426,12,0,0.3147,17.31,0.0,0.87,0.8896,0.9337,0.2711,0.9069
417533.22,3999.38,2,2,1,1,0,0.589,4,0,0.1151,57.42,0.0,0.54,0.473,0.5638,0.4834,0.7134
789995.08,17598.16,3,2,1,1,0,0.686,11,1,0.2579,16.46,0.0,0.7,0.5903,0.4689,0.5386,0.7598
35105.0,119.94,2,1,1,1,0,0.914,12,0,0.0541,146.34,0.0,0.86,0.0958,0.2779,0.1649,0.9543
1737468.22,77455.17,4,1,1,1,0,0.721,2,1,0.1906,8.41,0.0,0.88,0.9327,0.4023,0.8144,0.9317
736144.85,13142.54,3,3,3,2,1,0.552,18,0,0.2462,22.4,0.0,0.68,0.8016,0.9812,0.1473,0.8577
693350.46,9063.25,2,1,1,1,0,0.609,5,0,0.2313,42.08,0.0,0.79,0.5905,0.6001,0.4392,0.7865
196628.77,2074.61,4,4,3,1,1,0.474,9,0,0.3203,28.43,0.0,0.88,0.758,0.9016,0.2208,0.9078
963393.6,17108.81,2,1,2,1,0,0.737,13,0,0.1434,30.97,0.0,0.52,0.5891,0.4082,0.674,0.7046
589217.26,16525.1,6,1,1,1,0,0.727,7,0,0.2829,8.91,0.0,0.94,0.8787,0.5715,0.9588,0.9445
646351.93,12761.61,2,2,2,1,0,0.61,17,0,0.1857,27.86,0.0,0.69,0.6561,0.441,0.6532,0.7578
1270882.22,55735.49,3,2,3,2,2,0.502,20,0,0.271,9.12,0.0,0.71,0.8024,0.9345,0.1948,0.8635
716396.58,28981.95,5,2,1,1,0,0.97,3,1,0.1527,7.42,0.0,0.9,0.99,0.4601,0.8525,0.936
1567391.46,79057.45,3,1,1,1,0,0.979,11,1,0.272,9.91,0.0,0.64,0.99,0.3953,0.9359,0.8741
802680.22,21688.25,6,1,1,1,0,0.745,12,0,0.2106,9.25,0.0,0.88,0.9442,0.5226,0.8579,0.931
51389.12,275.43,1,1,1,1,1,0.908,13,0,0.1752,186.58,0.0,0.99,0.0784,0.1263,0.2237,0.9786
437038.56,6509.78,3,2,1,1,0,0.503,2,0,0.2167,24.62,0.0,0.4,0.6468,0.4858,0.4313,0.6714
611584.51,29681.52,4,3,3,1,1,0.548,13,0,0.3761,6.18,0.0,0.65,0.8435,0.8666,0.218,0.849
646462.56,5404.06,1,1,1,1,1,0.982,13,0,0.0635,119.63,0.0,0.76,0.0606,0.2053,0.1075,0.9364
863395.82,177210.48,5,2,1,1,0,0.913,2,1,0.2735,1.46,0.0,0.79,0.9181,0.4021,0.8804,0.9104
560992.4,11398.98,2,2,2,1,0,0.643,15,0,0.2655,27.07,0.0,0.63,0.5344,0.6248,0.489,0.7402
364473.08,2416.37,3,2,1,1,0,0.58,18,0,0.275,55.31,0.0,0.72,0.4853,0.5528,0.4496,0.7649
1658145.36,117203.56,5,2,1,1,0,0.71,11,0,0.3481,4.24,0.0,0.65,0.9785,0.5943,0.9349,0.8771
466467.57,2393.28,1,1,1,1,0,0.947,10,0,0.1152,194.91,0.0,0.83,0.1799,0.2131,0.1501,0.9501
59710.43,689.4,4,2,3,1,1,0.623,15,0,0.2809,25.98,0.0,0.6,0.8301,0.924,0.1649,0.8364
626926.29,6001.52,1,1,1,1,1,0.951,11,0,0.0689,104.46,0.0,0.99,0.1915,0.2494,0.1149,0.9789
479451.04,1065.59,2,1,1,1,1,0.958,12,0,0.0914,224.97,0.0,0.93,0.0975,0.2185,0.0967,0.9675
1126940.44,33940.61,3,3,1,2,1,0.647,16,0,0.1784,13.28,0.0,0.9,0.7812,0.9372,0.2146,0.9137
118217.57,25560.36,4,2,1,1,0,0.936,6,0,0.2066,1.73,0.0,0.79,0.8727,0.424,0.9429,0.91
78904.27,694.79,3,2,1,1,0,0.509,20,0,0.118,41.64,0.0,0.64,0.5352,0.6568,0.5338,0.7421
1801061.14,59704.61,6,1,1,1,0,0.895,3,1,0.177,7.54,0.0,0.89,0.9699,0.4953,0.8731,0.9344
74517.15,371.6,1,1,1,1,1,0.913,15,0,0.0524,200.53,0.0,0.92,0.1179,0.213,0.1613,0.9654
379711.85,10187.27,6,2,1,1,0,0.957,1,1,0.3236,9.32,0.0,0.83,0.9275,0.4247,0.9815,0.9182
840680.1,63875.02,6,2,1,1,0,0.726,7,1,0.3059,3.29,0.0,0.91,0.9619,0.5531,0.8653,0.9395
791180.07,7797.16,1,1,1,1,0,0.948,15,0,0.0622,101.47,0.0,0.95,0.2551,0.1609,0.0675,0.9708
2233729.61,80618.09,5,2,1,1,0,0.833,0,1,0.2681,8.31,0.0,0.84,0.931,0.3833,0.9375,0.9213
1467306.65,59609.92,6,2,1,1,0,0.911,3,1,0.3487,6.15,0.0,0.63,0.99,0.5184,0.9605,0.8718
1255533.5,72577.26,3,1,1,1,0,0.763,7,1,0.127,8.65,0.0,0.77,0.9661,0.4853,0.8146,0.9042
308434.4,14638.62,6,1,1,1,0,0.765,9,1,0.1104,5.27,0.0,0.77,0.9796,0.4131,0.8523,0.9058
1349454.56,40748.66,4,4,3,1,1,0.513,14,0,0.3251,9.93,0.0,0.81,0.8073,0.9824,0.2418,0.8901
740045.1,3287.13,1,1,1,1,1,0.93,12,0,0.1513,225.13,0.0,0.82,0.2088,0.1708,0.1325,0.9474
273352.73,5129.58,2,1,1,1,0,0.621,21,0,0.1153,29.31,0.0,0.47,0.4653,0.5398,0.4498,0.6899
2355568.24,578389.77,3,2,1,1,0,0.976,5,0,0.2649,2.04,0.0,0.75,0.9343,0.3654,0.9683,0.9011
659302.42,10117.46,3,2,2,1,0,0.592,15,0,0.1803,23.89,0.0,0.54,0.4817,0.5097,0.4655,0.7106
174976.44,916.06,2,1,1,1,0,0.96,17,0,0.0648,95.51,0.0,0.73,0.1034,0.1391,0.156,0.9323
478289.04,3462.51,1,1,1,1,1,0.988,11,0,0.0727,138.13,0.0,0.83,0.1751,0.0961,0.2379,0.9494
473432.9,2567.95,2,1,1,1,1,0.948,12,0,0.1675,92.18,0.0,0.78,0.2476,0.1049,0.225,0.941
201838.92,1755.81,3,2,2,1,0,0.664,17,0,0.2872,42.15,0.0,0.67,0.5703,0.6267,0.6861,0.7507
2457177.12,1100723.01,3,1,1,1,0,0.778,20,0,0.261,1.12,0.0,0.73,0.8571,0.4999,0.9534,0.896
580015.31,34045.04,3,1,1,1,0,0.93,3,1,0.1661,8.52,0.0,0.78,0.8989,0.4045,0.989,0.9063
681945.13,22718.77,2,5,3,2,1,0.562,17,0,0.1536,18.01,0.0,0.69,0.7536,0.9665,0.3097,0.8597
233857.61,2379.22,1,1,1,1,0,0.937,15,0,0.1163,98.29,0.0,0.75,0.0887,0.1205,0.1273,0.9348
1024593.93,53521.83,3,1,1,1,0,0.807,22,0,0.2186,9.57,0.0,0.6,0.8534,0.4883,0.9185,0.8646
225786.58,1422.71,3,1,1,1,0,0.534,5,1,0.2806,58.19,0.0,0.61,0.5628,0.4925,0.585,0.733
691059.24,25297.95,3,2,2,2,2,0.588,9,0,0.2395,10.93,0.0,0.9,0.8663,0.9834,0.1528,0.9129
1409092.92,74935.72,4,1,1,1,0,0.888,18,0,0.2915,7.05,0.0,0.74,0.9349,0.4949,0.8338,0.8987
70185.25,613.15,3,2,2,1,0,0.61,12,0,0.1194,41.97,0.0,0.47,0.6494,0.5897,0.5731,0.6915
1385590.57,22259.09,4,4,1,1,1,0.645,12,0,0.2102,18.67,0.0,0.85,0.8912,0.8892,0.2118,0.9009
1467875.49,67919.48,4,4,2,2,1,0.445,17,0,0.2946,6.48,0.0,0.83,0.8867,0.9726,0.1337,0.8966
120590.03,788.09,1,1,1,1,1,0.94,15,0,0.1353,153.02,0.0,0.72,0.1829,0.2338,0.2488,0.9292
1838924.96,77340.16,4,2,1,1,0,0.736,8,0,0.1889,8.92,0.0,0.83,0.9129,0.4546,0.8608,0.9202
874000.31,20958.24,2,4,3,1,1,0.429,13,0,0.3356,25.02,0.0,0.51,0.8103,0.9614,0.2497,0.8126
1752635.14,185990.42,3,1,1,1,0,0.906,15,0,0.2101,4.71,0.0,0.71,0.9686,0.3652,0.948,0.8907
831660.43,76073.65,3,1,1,1,0,0.768,5,0,0.2462,5.47,0.0,0.93,0.8727,0.4679,0.8155,0.9431
837034.23,52119.81,2,4,2,1,2,0.446,6,0,0.3654,9.64,0.0,0.73,0.9014,0.9376,0.3063,0.87
1131043.4,25290.6,4,3,3,1,2,0.413,13,0,0.2117,13.42,0.0,0.62,0.8444,0.9364,0.2181,0.8419
145323.02,1616.55,4,3,2,1,2,0.553,13,0,0.2501,26.97,0.0,0.82,0.7524,0.9444,0.2738,0.8944
746874.82,3031.06,2,1,1,1,0,0.989,15,0,0.1494,123.2,0.0,0.94,0.236,0.2432,0.0538,0.9696
174635.66,693.71,1,1,1,1,1,0.932,17,0,0.0706,251.74,0.0,0.7,0.2397,0.0849,0.0919,0.9261
550942.71,11789.01,2,3,2,2,2,0.423,13,0,0.3509,28.04,0.0,0.53,0.8156,0.9086,0.3238,0.8187
422121.12,23234.33,6,1,1,1,0,0.751,12,0,0.258,4.54,0.0,0.85,0.8977,0.3868,0.8351,0.925
1608367.63,129764.88,4,1,1,1,0,0.847,15,1,0.3063,4.65,0.0,0.88,0.9321,0.5413,0.8543,0.9308
516839.17,2071.97,2,1,1,1,0,0.99,14,0,0.0664,124.72,0.0,0.77,0.1166,0.2418,0.2251,0.9394
2153810.4,80109.46,5,2,1,1,0,0.741,23,1,0.3133,8.07,0.0,0.71,0.897,0.5173,0.8393,0.8916
799815.56,24320.66,6,2,1,1,0,0.701,18,1,0.1822,8.22,0.0,0.83,0.9877,0.553,0.9608,0.9196
2153340.81,108985.02,3,1,1,1,0,0.908,23,1,0.2562,9.88,0.0,0.82,0.9299,0.5649,0.99,0.9176
265972.79,31732.59,5,1,1,1,0,0.889,0,1,0.2801,2.51,0.0,0.78,0.9686,0.4652,0.9709,0.9069
570417.17,2044.18,2,1,1,1,1,0.967,9,0,0.0956,139.52,0.0,0.74,0.1785,0.1413,0.1152,0.9335
907000.35,50898.77,4,2,1,1,0,0.895,14,1,0.1331,6.68,0.0,0.94,0.9657,0.5989,0.985,0.9461
187596.92,13352.95,5,1,1,1,0,0.748,17,0,0.32,4.21,0.0,0.78,0.916,0.3846,0.9671,0.9065
229741.97,9765.09,4,2,1,1,0,0.816,20,0,0.3044,8.82,0.0,0.91,0.9609,0.5184,0.8534,0.9392
162854.51,7249.74,6,2,1,1,0,0.909,16,1,0.2088,5.62,0.0,0.92,0.9349,0.3637,0.8647,0.9413
348961.52,9490.87,2,3,2,2,2,0.409,11,0,0.3332,22.06,0.0,0.85,0.8729,0.8901,0.2823,0.9011
643327.89,44129.81,5,2,1,1,0,0.899,9,0,0.1089,4.37,0.0,0.95,0.8803,0.3635,0.8623,0.9475
1009936.69,74702.08,4,1,1,1,0,0.824,6,1,0.3194,5.07,0.0,0.87,0.9773,0.3579,0.9209,0.9289
2029766.15,77024.63,4,2,1,1,0,0.778,0,1,0.1997,9.88,0.0,0.9,0.9247,0.4837,0.946,0.9365
2387403.55,71309.85,6,2,1,1,0,0.953,5,1,0.3378,8.37,0.0,0.65,0.9599,0.3962,0.9028,0.8755
598615.24,51113.58,4,2,1,1,0,0.974,18,0,0.1267,4.39,0.0,0.93,0.8578,0.4244,0.8807,0.9441
452502.77,18360.05,4,1,1,1,0,0.878,18,0,0.1052,9.24,0.0,0.87,0.8556,0.5662,0.8502,0.9279
1217489.85,69675.9,3,2,1,1,0,0.823,21,0,0.2279,8.74,0.0,0.87,0.9715,0.5773,0.9693,0.9286
223243.1,3259.73,2,2,2,1,0,0.833,13,0,0.132,37.67,0.0,0.68,0.4919,0.4869,0.5609,0.7529
594180.69,1478.87,2,1,1,1,0,0.955,14,0,0.169,200.89,0.0,0.77,0.0891,0.2702,0.092,0.9379
2425559.05,873822.8,3,1,1,1,0,0.939,4,1,0.2909,1.39,0.0,0.64,0.99,0.4454,0.9618,0.8731
1587788.75,71101.72,5,1,1,1,0,0.963,22,1,0.3065,6.7,0.0,0.84,0.99,0.5551,0.9255,0.9225
741783.54,4642.0,2,1,1,1,1,0.969,13,0,0.1073,79.9,0.0,0.74,0.0913,0.1275,0.11,0.9331
911394.59,25725.75,2,3,3,2,1,0.418,16,0,0.3502,21.26,0.0,0.57,0.7687,0.9749,0.1989,0.8287
30025.4,166.52,1,1,1,1,0,0.906,13,0,0.1041,180.31,0.0,0.73,0.0925,0.1891,0.0914,0.9307
366608.56,35619.78,2,2,2,2,1,0.47,6,0,0.1904,6.18,0.0,0.89,0.785,0.9564,0.2457,0.9104
567373.46,5731.3,2,2,2,1,0,0.606,12,0,0.1744,54.45,0.0,0.7,0.5347,0.6666,0.6266,0.7612
1324320.36,52596.68,2,4,3,2,1,0.655,15,0,0.3798,15.11,0.0,0.67,0.8082,0.985,0.2223,0.8541
543683.56,9861.31,3,5,1,2,1,0.459,8,0,0.2584,22.05,0.0,0.84,0.8118,0.9632,0.3364,0.8982
1118900.25,24323.98,2,2,1,1,2,0.372,21,0,0.2626,27.6,0.0,0.8,0.8107,0.9425,0.1629,0.8879
441099.82,1191.12,2,1,1,1,0,0.975,12,0,0.0824,185.16,0.0,0.99,0.2002,0.2714,0.1354,0.9782
1349483.94,30541.57,2,5,2,2,2,0.393,17,0,0.2572,26.51,0.0,0.52,0.7538,0.9065,0.1967,0.8156
389002.09,61336.15,4,1,1,1,0,0.963,22,1,0.2924,2.38,0.0,0.94,0.9646,0.4354,0.9402,0.9459
2248623.43,427301.04,4,2,1,1,0,0.928,20,0,0.2184,1.97,0.0,0.9,0.8942,0.5674,0.845,0.9358
679562.63,6210.69,1,1,1,1,0,0.917,15,0,0.1684,109.42,0.0,0.74,0.0795,0.1373,0.1536,0.9324
670859.4,1360.14,2,1,1,1,1,0.974,15,0,0.193,246.61,0.0,0.92,0.2453,0.1855,0.1018,0.9648
1828907.89,112520.18,3,1,1,1,0,0.849,11,0,0.1436,8.13,0.0,0.85,0.9425,0.5746,0.9291,0.9234
347466.52,20599.31,4,2,1,1,0,0.792,10,0,0.2506,6.33,0.0,0.77,0.9187,0.4336,0.8883,0.9051
2022677.27,63448.38,6,2,1,1,0,0.822,13,1,0.2875,7.97,0.0,0.88,0.9078,0.3674,0.9819,0.9316
755305.21,37101.43,4,2,1,1,0,0.941,21,0,0.3301,7.63,0.0,0.6,0.9219,0.5352,0.9125,0.865
2432530.41,232431.23,6,1,1,1,0,0.766,23,1,0.2958,2.62,0.0,0.86,0.9494,0.5614,0.8194,0.927
2078542.34,500445.61,4,2,1,1,0,0.831,22,0,0.1132,1.56,0.0,0.89,0.8653,0.3613,0.9044,0.9341
217302.62,1581.34,1,1,1,1,1,0.945,10,0,0.1019,137.42,0.0,0.9,0.1235,0.2034,0.227,0.9613
1040392.02,53647.99,3,2,1,1,0,0.858,0,1,0.2752,9.7,0.0,0.7,0.972,0.4639,0.9119,0.888
232715.5,3448.89,1,1,1,1,1,0.906,16,0,0.0758,67.48,0.0,0.86,0.0846,0.0928,0.1135,0.9556
1312497.71,87380.55,4,2,1,1,0,0.954,11,1,0.1942,5.63,0.0,0.81,0.9004,0.5208,0.9885,0.9147
211020.1,2990.64,3,5,3,1,1,0.577,15,0,0.3298,28.22,0.0,0.61,0.8038,0.9698,0.2296,0.8382
327874.71,2833.17,1,1,1,1,1,0.915,14,0,0.1211,115.73,0.0,0.77,0.1795,0.0881,0.1152,0.9382
243238.54,2386.97,4,2,3,1,2,0.47,20,0,0.2564,30.57,0.0,0.73,0.7536,0.8645,0.2225,0.8688
709338.71,2165.78,2,1,1,1,0,0.991,14,0,0.1432,163.76,0.0,0.74,0.2552,0.1174,0.1391,0.9325
1224267.63,11060.24,4,5,1,1,1,0.595,13,0,0.3809,33.21,0.0,0.9,0.7555,0.8906,0.1914,0.9137
643530.04,64517.93,4,2,1,1,0,0.957,15,1,0.3442,3.74,0.0,0.73,0.99,0.4586,0.9778,0.8957
2371831.13,103388.59,5,2,1,1,0,0.912,3,1,0.1333,6.88,0.0,0.68,0.9279,0.5811,0.8692,0.8844
954917.62,56932.84,6,2,1,1,0,0.967,23,1,0.3211,4.19,0.0,0.65,0.9677,0.5162,0.9013,0.8767
334477.92,3177.72,1,1,1,1,0,0.969,15,0,0.1696,105.26,0.0,0.85,0.2076,0.1421,0.1529,0.9534
482871.76,4298.12,3,1,1,1,0,0.803,3,1,0.159,41.19,0.0,0.59,0.6392,0.593,0.6618,0.7271
444052.58,4097.39,3,2,2,1,0,0.807,22,0,0.1124,39.74,0.0,0.73,0.5278,0.5125,0.5608,0.7687
524158.25,5805.98,1,1,1,1,1,0.951,12,0,0.167,90.28,0.0,0.84,0.0978,0.1132,0.1165,0.9515
362735.91,3741.0,3,1,1,1,0,0.518,9,0,0.1704,35.55,0.0,0.68,0.5804,0.4349,0.6892,0.7547
1154655.93,104437.76,2,2,2,1,2,0.514,18,0,0.384,6.63,0.0,0.68,0.7993,0.9331,0.1457,0.8575
863437.13,12030.76,4,3,2,1,2,0.668,12,0,0.234,21.53,0.0,0.75,0.9076,0.9851,0.2371,0.874
436074.12,25799.09,2,3,3,2,1,0.448,21,0,0.3273,10.14,0.0,0.74,0.8895,0.911,0.2229,0.8711
292626.26,2765.42,1,1,1,1,1,0.912,10,0,0.0955,105.82,0.0,0.99,0.2484,0.147,0.1642,0.9782
35998.31,230.78,3,2,1,1,0,0.7,9,1,0.2075,57.19,0.0,0.41,0.5144,0.526,0.614,0.6717
796383.0,2953.69,1,1,1,1,0,0.953,12,0,0.0645,269.62,0.0,0.72,0.0771,0.0915,0.219,0.929
715577.27,24658.99,6,2,1,1,0,0.725,18,0,0.1927,7.25,0.0,0.87,0.8722,0.4461,0.859,0.9289
1178125.24,33818.33,2,4,3,1,2,0.597,10,0,0.2061,20.9,0.0,0.7,0.7943,0.8612,0.2691,0.8625
682138.78,32840.34,3,5,2,1,1,0.655,7,0,0.367,8.31,0.0,0.73,0.8721,0.9084,0.1413,0.8706
606857.1,6786.37,4,5,3,1,1,0.543,19,0,0.237,26.83,0.0,0.86,0.9143,0.9176,0.1938,0.9031
1039459.58,32941.57,4,2,2,1,2,0.638,14,0,0.2384,9.47,0.0,0.63,0.8335,0.9017,0.1642,0.8428
2438515.47,114101.65,4,1,1,1,0,0.861,16,0,0.2703,8.01,0.0,0.85,0.929,0.3721,0.9451,0.9241
1510549.49,161640.97,4,2,1,1,0,0.936,13,1,0.2043,3.5,0.0,0.71,0.99,0.5193,0.8502,0.89
1234697.13,93791.84,3,2,1,1,0,0.946,9,0,0.1597,6.58,0.0,0.67,0.9034,0.526,0.867,0.8819
1007747.7,28485.88,6,1,1,1,0,0.924,4,1,0.1792,8.84,0.0,0.69,0.9558,0.5444,0.9759,0.8864
294143.69,3343.56,1,1,1,1,0,0.906,17,0,0.1989,87.97,0.0,0.93,0.0974,0.1152,0.2232,0.968
227152.88,4692.08,4,3,1,2,1,0.696,14,0,0.1761,14.52,0.0,0.73,0.8404,0.9195,0.2113,0.8692
864714.45,13129.18,4,2,2,1,2,0.661,13,0,0.2867,19.76,0.0,0.79,0.8256,0.8635,0.2233,0.8843
2327641.54,126109.41,5,1,1,1,0,0.715,15,0,0.1333,5.54,0.0,0.92,0.9628,0.5269,0.8181,0.9419
648286.29,1682.33,2,1,1,1,0,0.964,16,0,0.1366,192.68,0.0,0.89,0.1463,0.1857,0.0569,0.9609
145134.64,2835.16,3,5,2,1,2,0.501,17,0,0.3488,20.48,0.0,0.57,0.7677,0.8789,0.3217,0.827
714209.97,6611.16,4,5,1,1,1,0.61,18,0,0.1688,32.41,0.0,0.54,0.7584,0.8935,0.1512,0.8217
993392.24,35519.39,5,1,1,1,0,0.934,15,0,0.284,8.39,0.0,0.7,0.9331,0.4352,0.99,0.8871
733869.65,26635.86,6,2,1,1,0,0.895,0,1,0.3436,6.89,0.0,0.94,0.8985,0.5555,0.9399,0.946
214316.14,4798.94,4,2,1,1,2,0.556,20,0,0.2406,13.4,0.0,0.83,0.8693,0.9197,0.1327,0.8959
716811.79,12853.95,2,3,2,1,1,0.468,21,0,0.24,33.46,0.0,0.69,0.8104,0.9487,0.2723,0.8597
221833.15,882.97,2,1,1,1,0,0.966,9,0,0.0518,125.62,0.0,0.74,0.2003,0.2746,0.2466,0.9335
1307294.64,13153.39,4,3,2,1,2,0.644,16,0,0.238,29.82,0.0,0.68,0.8642,0.9034,0.1785,0.8564
61851.52,1049.81,3,3,1,1,2,0.554,19,0,0.3392,23.57,0.0,0.73,0.7817,0.8845,0.1624,0.8706
1490106.2,175403.13,6,2,1,1,0,0.714,5,0,0.3496,2.12,0.0,0.79,0.8869,0.5987,0.9643,0.9095
409094.59,4734.65,4,3,3,2,2,0.449,15,0,0.1825,25.92,0.0,0.77,0.896,0.9852,0.2645,0.8803
308843.35,14431.24,5,2,1,1,0,0.873,1,1,0.2651,6.42,0.0,0.88,0.9775,0.4743,0.99,0.932
96961.32,3023.2,5,2,1,1,0,0.967,8,0,0.2781,9.62,0.0,0.66,0.8806,0.4736,0.9855,0.8788
403388.05,12367.83,5,2,1,1,0,0.955,15,1,0.1633,9.78,0.0,0.91,0.9646,0.4377,0.9716,0.9392
1369658.55,46275.69,2,3,3,2,2,0.453,15,0,0.1639,17.76,0.0,0.83,0.8278,0.8937,0.3221,0.8966
2370885.0,97030.94,4,1,1,1,0,0.762,19,0,0.3364,9.16,0.0,0.84,0.8892,0.3971,0.8516,0.9209
402476.52,35724.51,3,1,1,1,0,0.923,18,0,0.2609,5.63,0.0,0.67,0.8627,0.3917,0.987,0.8806
289711.0,2211.77,1,1,1,1,1,0.968,15,0,0.0527,130.99,0.0,0.73,0.0862,0.1662,0.1521,0.9315
1090719.19,220566.02,3,2,1,1,0,0.702,13,1,0.3464,2.47,0.0,0.84,0.9217,0.5496,0.8182,0.9217
729054.94,2424.34,2,1,1,1,0,0.943,15,0,0.0617,150.36,0.0,0.87,0.0707,0.1699,0.2381,0.957
262152.32,5466.13,2,2,2,1,0,0.594,17,0,0.1514,26.38,0.0,0.69,0.457,0.5051,0.5955,0.7563
2066358.76,54846.52,6,1,1,1,0,0.813,9,0,0.1042,9.42,0.0,0.92,0.8851,0.5549,0.99,0.9404
699668.32,36902.41,4,2,1,1,0,0.956,11,1,0.2575,7.11,0.0,0.95,0.9348,0.3654,0.9548,0.947
339475.8,6866.72,2,2,1,2,1,0.47,19,0,0.2547,29.66,0.0,0.71,0.8705,0.9778,0.1517,0.8635
95401.52,23698.24,4,2,1,1,0,0.904,14,1,0.2242,1.51,0.0,0.9,0.948,0.5271,0.9544,0.9348
934979.34,84993.41,3,1,1,1,0,0.801,22,0,0.1086,5.5,0.0,0.82,0.9617,0.4362,0.8964,0.9173
819200.55,7118.92,3,1,2,1,0,0.646,20,0,0.1058,42.19,0.0,0.66,0.5193,0.5259,0.5167,0.7472
1573852.94,239663.34,4,1,1,1,0,0.754,7,1,0.2017,2.46,0.0,0.87,0.9087,0.3522,0.8034,0.928
696707.49,44830.06,3,4,1,1,1,0.657,6,0,0.2083,6.22,0.0,0.83,0.85,0.8874,0.1744,0.8946
1249160.9,21416.02,3,4,1,2,1,0.539,6,0,0.272,23.33,0.0,0.58,0.8566,0.9066,0.349,0.8312
741681.27,20546.64,3,3,2,2,2,0.35,7,0,0.2966,14.44,0.0,0.7,0.7827,0.9203,0.1765,0.8612
355344.61,3530.28,3,2,1,1,0,0.723,18,0,0.1752,36.91,0.0,0.44,0.6057,0.5251,0.6378,0.6819
453186.84,19583.09,4,2,1,1,0,0.899,1,1,0.1955,8.68,0.0,0.61,0.99,0.4397,0.9373,0.8664
349577.29,4061.34,1,1,1,1,0,0.996,17,0,0.1576,86.07,0.0,0.93,0.1914,0.2029,0.2285,0.9679
860741.18,92312.88,3,2,1,1,0,0.809,3,1,0.3001,4.66,0.0,0.9,0.9726,0.3604,0.8652,0.935
385129.72,3623.82,2,2,1,1,0,0.618,22,1,0.2716,58.45,0.0,0.56,0.6951,0.582,0.6278,0.719
347932.89,34514.78,4,1,1,1,0,0.875,20,1,0.2001,3.78,0.0,0.93,0.9428,0.543,0.9123,0.9436
910528.41,10994.5,3,1,2,1,0,0.785,1,0,0.261,30.37,0.0,0.74,0.5223,0.6666,0.434,0.772
1367073.79,197446.83,3,2,1,1,0,0.705,10,0,0.1035,3.46,0.0,0.8,0.9712,0.5165,0.9399,0.9116
1377937.48,92810.95,3,1,1,1,0,0.72,17,0,0.2914,7.42,0.0,0.67,0.892,0.5548,0.8912,0.8817
236644.26,3930.82,3,1,1,1,0,0.681,4,0,0.1532,22.07,0.0,0.41,0.4799,0.5742,0.6816,0.6738
1850814.07,422129.31,3,2,1,1,0,0.887,15,0,0.2045,2.19,0.0,0.9,0.9613,0.3748,0.8454,0.9357
2193176.85,572025.91,3,1,1,1,0,0.728,12,1,0.3257,1.92,0.0,0.84,0.9026,0.4185,0.8544,0.9225
643776.85,1294.54,2,1,1,1,1,0.904,15,0,0.1141,248.65,0.0,0.75,0.1971,0.2318,0.0712,0.9347
1226571.96,37240.72,2,4,1,2,2,0.535,19,0,0.3621,19.76,0.0,0.7,0.8302,0.9237,0.3148,0.8613
328780.79,1242.48,1,1,1,1,1,0.957,14,0,0.1691,264.62,0.0,0.85,0.1201,0.1014,0.0978,0.9523
325946.7,5270.91,3,2,1,1,0,0.574,6,0,0.2088,22.67,0.0,0.62,0.5391,0.5252,0.6903,0.7362
682655.69,62312.85,3,1,1,1,0,0.913,1,1,0.266,5.48,0.0,0.68,0.9536,0.4215,0.9529,0.884
919564.48,29146.16,2,2,1,1,0,0.569,21,0,0.2642,17.35,0.0,0.57,0.4972,0.4789,0.4949,0.7215
370695.88,12691.34,3,2,3,2,1,0.482,21,0,0.1587,11.68,0.0,0.55,0.9055,0.9242,0.2243,0.8232
1835160.7,468722.79,4,1,1,1,0,0.731,10,1,0.3006,1.47,0.0,0.88,0.9563,0.425,0.8257,0.9301
971129.49,32656.21,5,1,1,1,0,0.722,1,1,0.2596,8.92,0.0,0.84,0.9046,0.5624,0.8906,0.9227
1472119.0,93743.9,2,3,3,2,2,0.36,15,0,0.3063,9.42,0.0,0.88,0.8486,0.9302,0.1316,0.9084
508999.64,54036.64,5,2,1,1,0,0.903,18,1,0.2234,2.83,0.0,0.92,0.8921,0.5325,0.9811,0.9415
1152657.22,58338.02,3,1,1,1,0,0.882,17,0,0.2565,9.88,0.0,0.62,0.9587,0.478,0.9196,0.8686
276950.22,10639.6,2,4,3,1,1,0.525,19,0,0.3925,15.62,0.0,0.51,0.8865,0.9624,0.1884,0.8123
406790.18,106574.69,3,2,1,1,0,0.919,14,0,0.2597,1.91,0.0,0.65,0.9697,0.3734,0.99,0.8759
26870.41,493.32,2,3,2,1,2,0.682,17,0,0.2709,32.68,0.0,0.63,0.8841,0.9486,0.3244,0.8428
202387.39,446.54,2,1,1,1,0,0.927,16,0,0.105,226.62,0.0,0.81,0.0818,0.2397,0.1914,0.9462
948468.68,166395.22,6,1,1,1,0,0.734,3,1,0.1887,1.43,0.0,0.78,0.9541,0.351,0.8852,0.9063
2431594.37,107309.09,5,1,1,1,0,0.817,22,1,0.3299,6.8,0.0,0.63,0.9607,0.5351,0.9587,0.872
271011.32,17190.7,3,3,1,1,1,0.411,21,0,0.2319,6.31,0.0,0.55,0.8161,0.8648,0.331,0.822
792691.56,5406.2,2,1,1,1,1,0.952,13,0,0.1962,73.31,0.0,0.95,0.1552,0.2763,0.0695,0.9715
1613649.82,85981.42,4,1,1,1,0,0.718,0,1,0.3404,7.04,0.0,0.87,0.9709,0.5017,0.9444,0.9291
1210693.33,46500.24,4,5,1,2,2,0.4,6,0,0.258,7.81,0.0,0.89,0.8269,0.8786,0.2096,0.9105
340129.22,2686.34,3,1,2,1,0,0.735,13,0,0.1623,46.43,0.0,0.71,0.5607,0.5359,0.6378,0.764
1135662.0,303755.06,5,2,1,1,0,0.847,11,1,0.3222,1.12,0.0,0.77,0.9847,0.4291,0.8882,0.9046
1426772.87,78342.68,4,2,1,1,0,0.892,18,0,0.2364,6.83,0.0,0.73,0.8606,0.3983,0.99,0.8942
713357.65,33212.65,2,2,3,2,2,0.444,10,0,0.2108,12.89,0.0,0.8,0.7786,0.8847,0.226,0.8875
656284.3,46557.02,3,2,1,1,0,0.931,3,1,0.3171,7.05,0.0,0.74,0.9807,0.4171,0.99,0.8988
74780.36,3663.86,5,2,1,1,0,0.825,7,1,0.3299,6.12,0.0,0.71,0.9172,0.5621,0.984,0.8901
953399.97,16666.23,3,4,3,1,2,0.526,9,0,0.379,22.88,0.0,0.75,0.7828,0.9388,0.2758,0.874
1084200.06,21683.5,2,5,2,1,2,0.56,17,0,0.3225,30.0,0.0,0.76,0.9017,0.9553,0.2369,0.8771
288124.72,3920.27,2,2,2,1,0,0.645,0,0,0.2981,40.42,0.0,0.51,0.5745,0.4923,0.5434,0.7033
693682.8,7505.49,2,2,2,1,0,0.836,15,1,0.1658,50.83,0.0,0.53,0.578,0.6634,0.4334,0.7078
2148601.37,504238.56,3,1,1,1,0,0.819,11,1,0.2838,2.13,0.0,0.88,0.925,0.5719,0.8533,0.931
1487532.89,308345.08,3,2,1,1,0,0.808,19,1,0.3353,2.41,0.0,0.91,0.957,0.5437,0.9256,0.9381
194244.39,1858.74,4,3,2,2,2,0.438,9,0,0.1581,31.35,0.0,0.74,0.8417,0.9859,0.2314,0.8719
1401635.52,363408.84,4,2,1,1,0,0.82,22,1,0.1478,1.45,0.0,0.82,0.9427,0.3603,0.889,0.9157
1730923.33,90778.38,3,1,1,1,0,0.927,17,1,0.1892,9.53,0.0,0.69,0.99,0.5316,0.8673,0.886
1199766.36,26956.22,2,3,1,1,2,0.539,17,0,0.1817,26.7,0.0,0.74,0.832,0.9409,0.1223,0.8716
1253759.56,86559.85,4,1,1,1,0,0.819,16,0,0.1164,5.43,0.0,0.85,0.881,0.4472,0.9054,0.9233
428990.38,9445.32,2,1,1,1,0,0.57,0,1,0.2682,24.98,0.0,0.41,0.6146,0.4803,0.5767,0.6743
904732.52,307523.85,3,2,1,1,0,0.945,1,1,0.2271,1.47,0.0,0.68,0.99,0.5318,0.99,0.8836
602878.23,34481.13,5,1,1,1,0,0.752,12,1,0.2824,5.25,0.0,0.86,0.9004,0.4399,0.9459,0.9258
332989.37,115420.01,4,1,1,1,0,0.959,18,1,0.3221,1.08,0.0,0.76,0.9689,0.3971,0.9668,0.9026
290540.96,2705.37,2,1,1,1,0,0.735,5,0,0.1884,59.07,0.0,0.53,0.5805,0.564,0.4224,0.7101
573281.29,3272.47,1,1,1,1,1,0.975,13,0,0.1822,175.18,0.0,0.88,0.1777,0.1607,0.1853,0.9581
2055929.69,170163.45,3,1,1,1,0,0.796,22,0,0.2131,6.04,0.0,0.66,0.9328,0.5937,0.9404,0.8782
971761.98,39694.26,6,1,1,1,0,0.885,1,1,0.1217,6.12,0.0,0.83,0.9433,0.4677,0.8384,0.9202
1986758.34,191407.29,6,1,1,1,0,0.808,16,1,0.1681,2.59,0.0,0.64,0.9228,0.5802,0.9289,0.8739
904680.56,12872.57,4,3,2,2,1,0.637,9,0,0.3841,21.08,0.0,0.62,0.8978,0.9593,0.177,0.8421
299525.8,16126.49,4,1,1,1,0,0.804,7,1,0.1283,6.97,0.0,0.74,0.9531,0.4852,0.9691,0.8981
2029187.06,148082.97,5,2,1,1,0,0.896,10,1,0.2373,4.11,0.0,0.93,0.99,0.3673,0.9076,0.9421
402412.0,8452.12,3,3,3,1,1,0.523,8,0,0.1726,19.04,0.0,0.7,0.7947,0.9542,0.1636,0.8617
448013.1,4569.46,2,2,1,1,0,0.562,7,0,0.2042,53.92,0.0,0.46,0.4664,0.6042,0.5767,0.688
2030476.67,131540.46,3,1,1,1,0,0.786,3,1,0.2861,7.72,0.0,0.65,0.9069,0.4364,0.9373,0.8768
204970.85,10011.61,5,2,1,1,0,0.877,23,1,0.1109,6.14,0.0,0.69,0.99,0.5381,0.833,0.8859
806119.7,19185.27,3,5,1,1,1,0.375,16,0,0.3508,16.81,0.0,0.67,0.7982,0.8969,0.2309,0.8532
293506.27,1248.53,1,1,1,1,1,0.93,16,0,0.1618,235.08,0.0,0.81,0.1136,0.1719,0.2136,0.9465
558730.91,8120.18,3,1,2,1,0,0.674,21,0,0.1261,25.23,0.0,0.41,0.4885,0.5975,0.4882,0.6715
897169.19,32862.19,4,4,2,1,1,0.559,15,0,0.3466,8.19,0.0,0.51,0.8434,0.9715,0.229,0.8118
76982.73,7038.75,4,2,1,1,0,0.886,12,1,0.101,4.1,0.0,0.68,0.99,0.3928,0.8493,0.884
1296219.64,28401.15,2,3,1,1,2,0.612,8,0,0.252,27.38,0.0,0.61,0.8448,0.8996,0.1399,0.8399
1151479.21,221606.96,3,2,1,1,0,0.98,16,0,0.2505,2.6,0.0,0.62,0.9764,0.486,0.9252,0.8694
925829.37,25843.11,3,2,2,2,2,0.561,8,0,0.2218,14.33,0.0,0.79,0.8271,0.9886,0.1326,0.8866
1230655.41,96296.2,3,2,1,1,0,0.904,9,1,0.3353,6.39,0.0,0.9,0.9634,0.4526,0.8866,0.9364
311050.56,29871.45,3,1,1,1,0,0.771,22,0,0.1245,5.21,0.0,0.78,0.8574,0.3776,0.8373,0.9083
664045.13,6701.88,4,2,2,2,1,0.548,7,0,0.3435,29.73,0.0,0.52,0.7522,0.9634,0.2297,0.8154
627136.54,24961.01,4,1,1,1,0,0.899,22,1,0.333,9.42,0.0,0.87,0.9872,0.4085,0.8402,0.9287
208540.46,7051.23,2,5,2,1,1,0.529,13,0,0.3838,17.75,0.0,0.65,0.8163,0.8738,0.2742,0.8478
1484730.21,222482.46,4,2,1,1,0,0.909,8,0,0.3094,2.5,0.0,0.71,0.916,0.4503,0.9754,0.89
594496.3,6223.48,4,2,2,1,1,0.57,19,0,0.398,28.66,0.0,0.75,0.8129,0.8894,0.3208,0.8754
194799.03,837.55,2,1,1,1,0,0.931,10,0,0.1367,116.29,0.0,0.99,0.1556,0.0966,0.174,0.9777
2147016.71,202374.89,3,2,1,1,0,0.754,7,1,0.1074,5.3,0.0,0.6,0.8998,0.4839,0.9453,0.8648
2344820.2,138780.55,6,2,1,1,0,0.835,10,0,0.3252,4.22,0.0,0.93,0.8999,0.4729,0.9824,0.9421
12888.49,38.04,2,1,1,1,0,0.923,11,0,0.1788,169.41,0.0,0.89,0.2102,0.2331,0.1213,0.96
2012851.96,188201.57,3,1,1,1,0,0.72,10,1,0.2621,5.35,0.0,0.73,0.9882,0.5181,0.8903,0.8959
2039839.99,355081.31,6,1,1,1,0,0.938,3,1,0.264,1.44,0.0,0.73,0.9266,0.5305,0.9765,0.8961
414156.58,2751.6,2,1,1,1,0,0.945,13,0,0.1074,75.26,0.0,0.93,0.1142,0.1986,0.1575,0.9669
227354.03,14444.98,3,2,1,1,0,0.741,14,0,0.2882,7.87,0.0,0.77,0.9081,0.3518,0.9393,0.9038
1374875.8,189099.91,3,2,1,1,0,0.968,18,0,0.3422,3.64,0.0,0.93,0.9632,0.4555,0.9475,0.9424
854916.6,12993.82,2,2,2,1,0,0.711,5,0,0.27,36.19,0.0,0.52,0.4919,0.5061,0.519,0.7051
1697092.5,109171.15,4,2,1,1,0,0.799,8,1,0.1758,5.83,0.0,0.75,0.9512,0.3893,0.8053,0.9001
263491.21,2090.09,3,2,2,1,0,0.814,14,0,0.2823,46.22,0.0,0.54,0.6054,0.4109,0.4723,0.7115
615747.0,4527.95,1,1,1,1,0,0.953,13,0,0.0652,135.99,0.0,0.9,0.1022,0.0831,0.0834,0.9625
1070962.61,10329.6,4,2,1,2,1,0.475,9,0,0.207,31.1,0.0,0.8,0.8027,0.9716,0.2811,0.887
137546.12,2303.02,3,5,3,2,1,0.45,9,0,0.309,23.89,0.0,0.68,0.8968,0.9792,0.3493,0.8572
2164261.91,134330.31,3,1,1,1,0,0.842,8,0,0.3332,8.06,0.0,0.73,0.9448,0.3551,0.8649,0.8962
1320422.39,53611.43,2,4,3,1,2,0.512,21,0,0.3507,14.78,0.0,0.6,0.9029,0.9784,0.337,0.8357
1023713.33,16795.88,3,4,3,1,1,0.486,7,0,0.1887,24.38,0.0,0.57,0.8121,0.9162,0.2633,0.829
1284044.82,421142.53,3,1,1,1,0,0.878,16,0,0.1022,1.52,0.0,0.69,0.9029,0.465,0.8806,0.8857
1495812.14,68330.36,5,1,1,1,0,0.711,8,1,0.2723,6.57,0.0,0.64,0.9364,0.4981,0.942,0.8747
629751.17,32429.11,3,2,1,1,0,0.756,11,1,0.1478,9.71,0.0,0.71,0.9532,0.516,0.8898,0.8903
732269.49,7150.71,2,2,1,1,0,0.567,19,0,0.1622,56.32,0.0,0.53,0.4527,0.5963,0.4517,0.7092
398575.58,791.85,2,1,1,1,1,0.908,9,0,0.0606,251.67,0.0,0.78,0.1181,0.269,0.1065,0.941
1015174.02,10817.01,4,3,2,1,1,0.419,20,0,0.3173,28.15,0.0,0.55,0.9108,0.8772,0.2982,0.8231
2337303.2,105682.49,5,2,1,1,0,0.761,12,0,0.1765,6.63,0.0,0.83,0.8811,0.4201,0.9395,0.9191
775077.96,15987.26,3,5,1,1,2,0.605,15,0,0.3661,19.39,0.0,0.7,0.8245,0.9394,0.2636,0.862
1902772.3,224674.57,4,1,1,1,0,0.929,18,0,0.2874,3.18,0.0,0.63,0.9119,0.5979,0.961,0.8721
1278531.61,65012.1,3,1,1,1,0,0.918,3,1,0.3306,9.83,0.0,0.81,0.9394,0.4755,0.9329,0.9138
742447.43,10618.18,3,5,3,1,1,0.442,10,0,0.3415,27.97,0.0,0.87,0.911,0.908,0.1512,0.907
191098.61,7903.65,2,2,3,1,1,0.616,9,0,0.3487,14.51,0.0,0.68,0.779,0.8947,0.2371,0.8575
1548556.41,236212.99,5,1,1,1,0,0.963,14,1,0.1612,1.97,0.0,0.65,0.9293,0.5738,0.99,0.8751
136717.19,1646.68,3,1,2,1,0,0.526,6,0,0.2088,30.44,0.0,0.54,0.5684,0.5717,0.6633,0.7106
352898.61,773.24,2,1,1,1,1,0.912,10,0,0.1543,228.19,0.0,0.95,0.0618,0.176,0.1571,0.9706
840002.03,45508.52,3,2,1,1,0,0.96,10,0,0.2381,9.23,0.0,0.62,0.8557,0.5301,0.9056,0.8682
516513.07,41394.9,4,2,1,1,0,0.926,21,0,0.1121,4.68,0.0,0.76,0.9079,0.5739,0.8514,0.9016
411258.87,31657.49,4,2,1,1,0,0.885,20,0,0.2896,4.87,0.0,0.81,0.9241,0.3634,0.8539,0.9149
331540.17,4299.89,3,5,1,1,2,0.645,10,0,0.3905,30.84,0.0,0.72,0.7609,0.9436,0.2552,0.8669
663591.57,11628.81,2,2,1,1,0,0.545,13,0,0.2776,31.39,0.0,0.42,0.6784,0.6332,0.5033,0.6749
34658.71,116.43,2,1,1,1,0,0.93,15,0,0.0508,148.83,0.0,0.9,0.2543,0.2014,0.074,0.9621
2175721.96,93962.87,6,1,1,1,0,0.813,14,0,0.1484,5.79,0.0,0.68,0.946,0.3973,0.9275,0.882
2160981.13,717352.3,3,1,1,1,0,0.799,9,1,0.3305,1.51,0.0,0.67,0.99,0.3857,0.8865,0.8804
286344.65,1730.65,1,1,1,1,1,0.912,14,0,0.1206,165.46,0.0,0.91,0.2475,0.1459,0.0584,0.9642
828080.46,40375.4,3,4,2,1,1,0.601,12,0,0.3688,8.2,0.0,0.78,0.8272,0.9303,0.3154,0.8833
575480.87,11205.69,2,4,1,2,2,0.593,15,0,0.3083,30.81,0.0,0.54,0.8527,0.8757,0.1381,0.8203
619108.66,7193.47,4,4,1,2,2,0.622,18,0,0.2903,25.82,0.0,0.77,0.8053,0.8723,0.3445,0.8815
1088330.05,158113.45,6,2,1,1,0,0.927,14,0,0.2847,1.72,0.0,0.88,0.8667,0.3546,0.9472,0.9323
1583660.59,64358.98,6,2,1,1,0,0.841,10,0,0.2674,6.15,0.0,0.94,0.8728,0.4993,0.9021,0.9455
399867.24,16166.8,2,5,2,1,2,0.455,6,0,0.1715,14.84,0.0,0.79,0.7834,0.9497,0.2098,0.8843
717036.81,24121.05,4,4,2,1,2,0.583,7,0,0.204,8.92,0.0,0.57,0.8234,0.9663,0.3139,0.8291
1294696.02,55060.48,2,2,1,2,2,0.376,19,0,0.3384,14.11,0.0,0.88,0.8813,0.9695,0.2949,0.9094
2092256.57,107705.9,5,1,1,1,0,0.828,5,0,0.3178,5.83,0.0,0.95,0.929,0.4512,0.8683,0.9479
1224664.7,70668.57,4,1,1,1,0,0.803,15,0,0.3171,6.5,0.0,0.89,0.9583,0.5245,0.8795,0.9341
805749.57,43051.77,5,2,1,1,0,0.896,19,1,0.1032,5.61,0.0,0.91,0.9481,0.4357,0.8535,0.9372
757076.09,17687.91,2,2,1,2,1,0.659,12,0,0.1773,25.68,0.0,0.66,0.8073,0.934,0.3181,0.8513
227808.26,12938.18,3,1,1,1,0,0.887,19,0,0.3429,8.8,0.0,0.7,0.953,0.4063,0.9458,0.8872
2215146.8,118153.29,3,2,1,1,0,0.763,12,0,0.1282,9.37,0.0,0.81,0.9567,0.4213,0.8407,0.9152
54541.66,254.31,1,1,1,1,1,0.956,16,0,0.1897,214.47,0.0,0.94,0.2019,0.1348,0.2192,0.9686
426554.8,27057.42,2,4,2,1,1,0.644,21,0,0.1592,9.46,0.0,0.58,0.8905,0.968,0.1873,0.8304
778629.45,4797.09,3,2,1,1,0,0.516,5,1,0.2207,59.51,0.0,0.44,0.5932,0.5402,0.6596,0.6826
401467.84,21000.32,2,2,2,2,2,0.638,19,0,0.3159,11.47,0.0,0.55,0.8725,0.925,0.3256,0.8218
83501.89,637.97,3,2,1,1,0,0.833,23,0,0.2493,47.99,0.0,0.4,0.4921,0.5626,0.62,0.671
714331.75,8262.57,3,2,1,1,0,0.737,16,0,0.1766,31.7,0.0,0.49,0.6562,0.5703,0.5444,0.6966
76403.65,506.92,3,2,1,1,0,0.847,7,0,0.2995,55.26,0.0,0.51,0.617,0.4495,0.5825,0.7037
340575.73,3524.71,2,1,2,1,0,0.808,8,0,0.1626,53.14,0.0,0.47,0.6755,0.5112,0.4887,0.6915
497790.85,9088.72,2,4,1,1,2,0.587,17,0,0.1893,32.86,0.0,0.78,0.8373,0.9446,0.3246,0.8818
1354236.99,17874.09,4,2,1,2,2,0.66,10,0,0.3168,22.73,0.0,0.52,0.8055,0.941,0.133,0.8146
1152559.39,203437.27,6,1,1,1,0,0.774,21,1,0.2286,1.42,0.0,0.67,0.9315,0.498,0.8123,0.8808
229451.73,13810.44,3,1,1,1,0,0.911,3,1,0.2803,8.31,0.0,0.65,0.99,0.5315,0.9731,0.8771
825665.25,88544.06,4,2,1,1,0,0.903,9,1,0.1856,3.5,0.0,0.87,0.963,0.5707,0.9197,0.9287
877368.7,12439.54,4,2,1,1,1,0.675,8,0,0.2825,21.16,0.0,0.75,0.832,0.8722,0.2967,0.8739
256245.62,598.81,2,1,1,1,0,0.907,17,0,0.0712,213.96,0.0,0.96,0.1723,0.1054,0.1424,0.9737
719074.13,6527.8,1,1,1,1,0,0.91,15,0,0.1033,110.16,0.0,0.71,0.0565,0.1908,0.2024,0.9287
1265157.98,49056.2,2,4,2,2,2,0.375,10,0,0.1861,15.47,0.0,0.78,0.7742,0.9432,0.1326,0.8823
286678.97,5109.24,3,3,2,2,1,0.499,12,0,0.2657,22.44,0.0,0.82,0.7805,0.9847,0.2086,0.8939
2192784.2,118765.79,3,1,1,1,0,0.904,7,0,0.2509,9.23,0.0,0.66,0.9457,0.4253,0.9088,0.8778
277628.28,11273.05,2,2,1,2,1,0.635,20,0,0.2563,14.78,0.0,0.6,0.8772,0.8941,0.3228,0.8357
220548.08,6506.63,2,1,1,1,0,0.828,6,0,0.1565,18.64,0.0,0.55,0.4757,0.6013,0.5611,0.7154
206665.38,394.28,2,1,1,1,0,0.903,11,0,0.1446,262.08,0.0,0.92,0.1418,0.2665,0.1765,0.9665
1614214.92,50960.45,5,2,1,1,0,0.812,13,1,0.1061,9.5,0.0,0.8,0.9614,0.4048,0.9029,0.9128
584433.65,7349.51,1,1,1,1,1,0.916,15,0,0.0895,79.52,0.0,0.71,0.0758,0.2773,0.113,0.928
312128.59,24169.38,6,2,1,1,0,0.772,2,1,0.2038,3.23,0.0,0.82,0.9526,0.4649,0.8616,0.9157
945949.73,8793.43,4,4,3,2,2,0.483,12,0,0.3288,32.27,0.0,0.72,0.8953,0.9808,0.1624,0.8679
603763.6,8160.39,3,3,2,1,1,0.582,8,0,0.3014,29.59,0.0,0.78,0.8151,0.973,0.2507,0.882
124179.94,1930.74,3,2,3,2,2,0.362,18,0,0.1534,25.73,0.0,0.62,0.8687,0.9627,0.188,0.8415
646150.38,15252.45,4,2,3,1,1,0.369,21,0,0.1536,12.71,0.0,0.73,0.8184,0.9087,0.1621,0.8698
1477051.88,141908.39,2,5,3,1,1,0.465,6,0,0.2839,6.25,0.0,0.72,0.8611,0.9103,0.2689,0.8665
182416.69,29670.95,5,2,1,1,0,0.949,12,1,0.1525,1.84,0.0,0.74,0.9312,0.45,0.8556,0.8971
1207422.82,35814.77,2,5,3,1,2,0.522,20,0,0.2539,20.23,0.0,0.66,0.8052,0.9616,0.2946,0.8524
90875.29,5575.06,2,2,3,1,2,0.522,16,0,0.3173,9.78,0.0,0.79,0.8235,0.9484,0.2601,0.8862
362948.17,5059.64,1,1,1,1,1,0.911,15,0,0.1568,71.73,0.0,0.75,0.0667,0.2681,0.1021,0.9356
867586.71,24753.72,2,2,2,1,0,0.755,22,0,0.1674,19.28,0.0,0.51,0.4805,0.5427,0.5839,0.7015
1214629.72,60038.02,5,2,1,1,0,0.952,16,0,0.3261,6.07,0.0,0.94,0.9789,0.5474,0.9428,0.9454
469925.87,27418.51,4,2,1,1,0,0.92,5,0,0.2673,6.43,0.0,0.89,0.8695,0.3596,0.9794,0.9339
365998.32,10075.84,6,2,1,1,0,0.709,18,1,0.3457,9.08,0.0,0.82,0.911,0.5765,0.8878,0.9175
2308230.34,990363.61,3,1,1,1,0,0.899,4,1,0.2721,1.17,0.0,0.68,0.947,0.5455,0.9633,0.8825
1193480.16,71806.39,2,3,2,1,2,0.563,7,0,0.1792,9.97,0.0,0.61,0.7856,0.9192,0.3289,0.8384
1814656.41,165647.59,4,1,1,1,0,0.958,22,0,0.2891,4.11,0.0,0.69,0.9402,0.3599,0.9727,0.8856
964122.05,13680.88,4,5,3,2,2,0.631,11,0,0.2641,21.14,0.0,0.86,0.8346,0.9694,0.3043,0.903
364374.63,11953.12,3,5,1,1,2,0.638,16,0,0.2384,12.19,0.0,0.76,0.7918,0.8742,0.3027,0.8768
714884.42,25817.4,5,1,1,1,0,0.972,16,0,0.3355,8.31,0.0,0.91,0.8633,0.536,0.967,0.9386
1205441.0,134064.64,6,1,1,1,0,0.732,11,1,0.2935,2.25,0.0,0.73,0.9138,0.5107,0.8557,0.8941
148949.21,946.7,3,1,1,1,0,0.838,8,0,0.1476,57.69,0.0,0.73,0.5023,0.4674,0.4564,0.7684
64647.61,268.45,1,1,1,1,1,0.956,17,0,0.0971,240.82,0.0,0.74,0.0949,0.1011,0.1866,0.9337
760979.03,3108.08,1,1,1,1,1,0.988,14,0,0.1059,244.84,0.0,0.77,0.1678,0.1069,0.114,0.9384
426948.72,4494.11,3,1,2,1,0,0.786,11,0,0.1095,34.83,0.0,0.72,0.6011,0.4556,0.5586,0.7661
618625.31,4153.03,2,1,1,1,1,0.997,9,0,0.1224,74.48,0.0,0.8,0.2055,0.1426,0.2154,0.9439
1195992.71,14802.96,4,4,3,1,2,0.449,21,0,0.177,24.24,0.0,0.6,0.8926,0.8642,0.2396,0.8373
852697.94,20260.65,3,5,2,1,1,0.489,14,0,0.3227,16.83,0.0,0.66,0.8988,0.914,0.2126,0.852
1400296.27,583541.73,3,1,1,1,0,0.786,14,0,0.2336,1.2,0.0,0.89,0.8634,0.5858,0.9352,0.9332
1794419.5,210045.02,6,2,1,1,0,0.919,20,0,0.2229,2.14,0.0,0.85,0.9719,0.3728,0.8333,0.9246
95453.82,1051.53,1,1,1,1,1,0.965,16,0,0.086,90.78,0.0,0.9,0.241,0.2765,0.0896,0.9616
188183.33,53204.54,5,1,1,1,0,0.701,20,0,0.3477,1.06,0.0,0.78,0.8766,0.4337,0.8562,0.908
381198.48,35603.16,4,2,1,1,0,0.765,21,0,0.2693,4.02,0.0,0.7,0.925,0.3665,0.8325,0.8883
1407000.15,47477.05,2,3,2,1,2,0.681,14,0,0.2264,17.78,0.0,0.56,0.7796,0.9589,0.1236,0.8264
584705.54,10477.62,3,3,3,2,1,0.607,15,0,0.3511,22.32,0.0,0.57,0.7924,0.9044,0.1587,0.827
1463789.52,19017.98,4,3,3,2,1,0.534,18,0,0.2976,23.09,0.0,0.54,0.8432,0.9514,0.3023,0.8201
250170.79,9675.28,2,5,2,1,2,0.467,10,0,0.24,15.51,0.0,0.77,0.7569,0.9108,0.3019,0.8795
575757.54,1504.51,2,1,1,1,0,1.0,16,0,0.0771,191.34,0.0,0.74,0.1188,0.122,0.1495,0.933
1354720.79,13688.91,4,4,2,1,2,0.478,21,0,0.3539,29.69,0.0,0.53,0.8886,0.9243,0.1508,0.8165
659751.92,6376.41,3,1,1,1,0,0.639,0,0,0.1452,37.94,0.0,0.41,0.6307,0.6269,0.6431,0.673
2263087.76,507997.65,4,1,1,1,0,0.825,19,1,0.1177,1.67,0.0,0.67,0.99,0.5604,0.935,0.8799
66797.74,6083.46,2,3,1,2,2,0.434,10,0,0.1601,6.59,0.0,0.58,0.7804,0.9039,0.2162,0.8309
728211.97,11860.74,3,3,2,1,2,0.675,8,0,0.3667,24.56,0.0,0.8,0.8958,0.9243,0.1501,0.8877
172798.29,407.07,2,1,1,1,0,0.983,16,0,0.1855,212.25,0.0,0.96,0.1476,0.2289,0.1739,0.9727
351126.03,1266.47,2,1,1,1,1,0.994,9,0,0.1194,138.62,0.0,0.94,0.2225,0.1909,0.086,0.9684
1452906.94,59646.6,4,3,3,2,2,0.503,21,0,0.1623,7.31,0.0,0.84,0.8432,0.8857,0.193,0.8987
1350604.63,88078.83,4,1,1,1,0,0.928,15,0,0.2133,5.75,0.0,0.78,0.9493,0.4618,0.9643,0.9074
191822.12,5811.12,2,4,2,1,1,0.538,7,0,0.247,19.81,0.0,0.57,0.7886,0.9348,0.2174,0.8278
276749.22,10464.71,4,2,2,1,2,0.585,17,0,0.2333,7.93,0.0,0.74,0.7653,0.9388,0.1406,0.8719
724192.77,22246.62,2,2,2,1,0,0.625,23,1,0.1734,17.9,0.0,0.53,0.6625,0.637,0.5198,0.708
682115.01,6703.57,1,1,1,1,0,0.9,9,0,0.1016,101.75,0.0,1.0,0.2122,0.2323,0.241,0.9798
338641.86,3783.19,2,1,2,1,0,0.7,13,0,0.2816,49.23,0.0,0.57,0.6458,0.4751,0.6154,0.7203
2185192.67,391367.4,3,1,1,1,0,0.713,7,0,0.205,2.79,0.0,0.67,0.8934,0.5319,0.9138,0.8801
1880923.77,136571.82,3,1,1,1,0,0.773,11,1,0.2413,6.89,0.0,0.9,0.9053,0.5464,0.9145,0.9361
1752310.79,56757.49,5,2,1,1,0,0.74,2,1,0.1509,9.26,0.0,0.86,0.9791,0.5397,0.8906,0.9264
1431147.12,46001.47,2,4,3,2,1,0.355,6,0,0.1556,18.67,0.0,0.52,0.7589,0.978,0.2859,0.8158
422832.53,1064.48,2,1,1,1,0,0.939,17,0,0.1129,198.61,0.0,0.79,0.0575,0.1073,0.2028,0.9431
2338920.58,70511.18,6,2,1,1,0,0.952,20,1,0.1465,8.29,0.0,0.94,0.99,0.4889,0.8589,0.9462
1090007.44,50474.94,5,2,1,1,0,0.972,5,0,0.249,6.48,0.0,0.92,0.8874,0.3964,0.9408,0.9409
553544.11,6927.82,1,1,1,1,0,0.996,10,0,0.0895,79.9,0.0,0.81,0.0842,0.1778,0.2088,0.9452
95155.88,946.1,2,1,1,1,0,0.953,13,0,0.152,50.29,0.0,0.89,0.241,0.0836,0.1614,0.9603
437654.95,5058.94,1,1,1,1,1,0.989,12,0,0.1601,86.51,0.0,0.9,0.2216,0.1055,0.2219,0.9617
519610.29,9258.99,4,5,1,2,2,0.67,18,0,0.2394,16.84,0.0,0.53,0.7784,0.9891,0.2495,0.8169
756096.6,26831.24,5,1,1,1,0,0.817,8,1,0.3205,8.45,0.0,0.77,0.9605,0.5798,0.983,0.9048
429758.63,14952.32,2,5,3,2,2,0.651,10,0,0.217,17.25,0.0,0.63,0.8621,0.8982,0.1696,0.8442
816072.53,68148.15,6,1,1,1,0,0.925,22,1,0.2907,2.99,0.0,0.78,0.9772,0.5618,0.8316,0.9071
1363183.67,65418.12,4,4,1,1,1,0.478,6,0,0.3138,6.25,0.0,0.67,0.8714,0.972,0.1556,0.8535
626829.63,22639.93,4,5,1,2,2,0.479,12,0,0.3778,8.31,0.0,0.9,0.768,0.8903,0.3386,0.9133
124776.06,1560.37,2,1,1,1,0,0.796,2,1,0.1041,43.98,0.0,0.64,0.5193,0.6415,0.4994,0.7425
542633.51,1063.03,2,1,1,1,1,0.941,11,0,0.1713,255.23,0.0,0.94,0.146,0.2013,0.1709,0.9692
345751.91,1993.3,1,1,1,1,0,0.954,10,0,0.0959,173.46,0.0,0.98,0.1736,0.1615,0.1802,0.9761
768975.19,2110.17,2,1,1,1,1,0.944,12,0,0.1306,182.21,0.0,0.76,0.0827,0.2561,0.1367,0.937
77527.92,1053.8,4,3,3,2,1,0.412,12,0,0.1564,22.07,0.0,0.53,0.7876,0.9266,0.2456,0.8166
467399.76,61146.27,5,2,1,1,0,0.742,18,0,0.1023,2.29,0.0,0.88,0.8729,0.5016,0.8573,0.9319
490589.1,13105.49,3,4,2,1,2,0.359,6,0,0.216,14.97,0.0,0.5,0.8382,0.9387,0.3415,0.8113
719979.53,11176.7,4,2,2,2,2,0.625,6,0,0.2157,19.33,0.0,0.7,0.8765,0.9254,0.1356,0.8625
646716.4,1514.23,2,1,1,1,1,0.943,11,0,0.1768,213.55,0.0,0.86,0.1952,0.2567,0.1491,0.9544
1896482.04,75456.5,5,2,1,1,0,0.942,11,0,0.2664,7.54,0.0,0.67,0.9355,0.4562,0.856,0.882
413095.21,1522.35,2,1,1,1,0,0.948,10,0,0.062,135.68,0.0,0.73,0.1741,0.1999,0.1338,0.9309
104550.56,4550.64,4,2,3,1,1,0.676,8,0,0.3024,6.89,0.0,0.58,0.7927,0.8826,0.3403,0.8304
253579.99,1925.74,3,2,2,1,0,0.758,20,1,0.1506,48.28,0.0,0.5,0.5976,0.4196,0.4274,0.6999
1368265.5,124671.7,5,1,1,1,0,0.837,21,0,0.3369,3.29,0.0,0.64,0.9766,0.4077,0.9614,0.8746
400549.42,25837.28,6,1,1,1,0,0.884,18,0,0.104,3.88,0.0,0.64,0.874,0.3784,0.8881,0.8738
523945.86,4066.03,3,2,2,1,0,0.641,1,0,0.1967,47.25,0.0,0.46,0.6411,0.5379,0.5149,0.6889
1402794.03,40911.09,6,2,1,1,0,0.761,8,0,0.1307,8.57,0.0,0.67,0.9023,0.5614,0.8589,0.8811
570358.29,2552.33,1,1,1,1,0,0.958,11,0,0.0855,223.47,0.0,0.89,0.1133,0.2736,0.1906,0.9599
1070902.36,67589.52,6,2,1,1,0,0.936,20,0,0.2027,3.96,0.0,0.85,0.9165,0.5859,0.8371,0.9245
886731.56,12351.41,3,2,1,2,2,0.435,14,0,0.1707,28.72,0.0,0.55,0.7815,0.9266,0.3482,0.8231
58426.05,375.68,1,1,1,1,0,0.914,16,0,0.1223,155.52,0.0,0.74,0.095,0.0929,0.1649,0.9327
770969.89,10200.92,3,3,2,2,2,0.603,10,0,0.2545,30.23,0.0,0.73,0.8603,0.9055,0.3309,0.8688
1695203.93,91620.17,3,2,1,1,0,0.732,14,0,0.1934,9.25,0.0,0.68,0.9261,0.4607,0.8058,0.882
2035560.64,716440.44,4,2,1,1,0,0.895,14,0,0.1462,1.07,0.0,0.74,0.8727,0.5622,0.8807,0.8972
766693.52,9202.68,3,2,3,2,1,0.405,19,0,0.3451,33.32,0.0,0.8,0.8531,0.9415,0.2667,0.8886
841749.14,18283.42,3,4,2,2,2,0.357,19,0,0.2707,18.42,0.0,0.71,0.891,0.9177,0.2513,0.8635
81349.11,1957.33,2,2,2,1,1,0.352,19,0,0.191,24.94,0.0,0.55,0.9166,0.9112,0.1723,0.8228
1685624.2,181018.94,6,2,1,1,0,0.725,7,0,0.1783,2.33,0.0,0.76,0.9007,0.5659,0.958,0.9028
2166642.73,96399.18,4,1,1,1,0,0.769,19,0,0.1996,8.43,0.0,0.66,0.949,0.5434,0.9488,0.8783
1426854.29,55024.97,6,1,1,1,0,0.92,14,0,0.2126,6.48,0.0,0.6,0.9224,0.5154,0.9306,0.865
461358.23,2649.5,1,1,1,1,1,0.96,9,0,0.1091,174.13,0.0,0.78,0.0853,0.2188,0.1791,0.9403
304296.69,1368.27,1,1,1,1,0,0.977,11,0,0.1914,222.4,0.0,0.95,0.1734,0.1304,0.0907,0.9702
1217591.46,162840.73,6,1,1,1,0,0.746,16,0,0.2407,1.87,0.0,0.62,0.8554,0.4127,0.9172,0.868
572410.3,7350.89,3,2,1,1,0,0.674,22,0,0.2855,28.55,0.0,0.58,0.6149,0.656,0.4452,0.725
497285.34,4592.98,2,1,1,1,0,0.968,11,0,0.1807,54.14,0.0,0.85,0.1142,0.1835,0.1264,0.9522
193935.98,6043.33,4,4,2,2,2,0.435,8,0,0.3583,9.63,0.0,0.68,0.8723,0.874,0.3146,0.8572
177256.25,1143.7,2,1,1,1,0,0.998,10,0,0.1126,77.49,0.0,0.9,0.1529,0.1835,0.1365,0.9618
929734.51,8604.15,3,2,2,1,0,0.61,22,0,0.1716,39.62,0.0,0.78,0.6278,0.4828,0.5827,0.783
817458.71,13760.63,2,2,2,1,0,0.663,1,0,0.2861,32.67,0.0,0.55,0.6644,0.4745,0.5641,0.7138
1667291.31,54365.7,6,2,1,1,0,0.847,14,1,0.1511,7.67,0.0,0.72,0.9511,0.4327,0.9583,0.8924
388668.61,22372.9,3,2,1,1,0,0.763,20,0,0.1087,8.69,0.0,0.64,0.9282,0.5685,0.8204,0.8726
1368546.38,19485.37,4,3,2,2,1,0.464,15,0,0.1971,21.07,0.0,0.64,0.9082,0.964,0.2195,0.8465
416773.95,7824.76,3,4,3,1,2,0.464,21,0,0.2906,21.31,0.0,0.66,0.8595,0.9316,0.1776,0.8518
1098878.25,36404.37,5,1,1,1,0,0.95,10,0,0.2503,9.06,0.0,0.85,0.9736,0.4112,0.9568,0.9236
421121.78,7319.02,3,4,2,1,2,0.628,16,0,0.3043,23.02,0.0,0.66,0.7837,0.985,0.2376,0.8521
334727.28,2035.83,1,1,1,1,0,0.941,10,0,0.1677,164.42,0.0,0.76,0.1832,0.2437,0.1782,0.936
1657472.32,77156.93,5,1,1,1,0,0.767,1,1,0.2595,6.44,0.0,0.87,0.9379,0.59,0.9395,0.9286
197028.44,5174.31,2,2,1,1,0,0.653,23,0,0.1152,20.94,0.0,0.51,0.5,0.4649,0.6434,0.7029
33511.73,1740.37,2,2,2,2,1,0.585,14,0,0.3302,11.55,0.0,0.79,0.75,0.984,0.3073,0.8858
45174.0,312.86,3,1,2,1,0,0.572,23,0,0.292,52.94,0.0,0.67,0.5926,0.6648,0.544,0.7514
727598.98,12313.7,4,3,2,1,2,0.674,8,0,0.2958,17.73,0.0,0.86,0.9101,0.8684,0.2125,0.9045
857070.81,42321.92,6,2,1,1,0,0.937,12,0,0.2332,5.06,0.0,0.74,0.8879,0.5557,0.9067,0.897
793222.38,8695.17,4,3,3,1,2,0.675,21,0,0.1639,27.37,0.0,0.82,0.7762,0.9413,0.1979,0.8929
1065478.4,55039.62,4,1,1,1,0,0.844,20,0,0.212,7.26,0.0,0.67,0.8849,0.4836,0.9715,0.8799
1082538.53,21912.99,4,4,2,1,2,0.435,8,0,0.3974,14.82,0.0,0.61,0.7933,0.9604,0.22,0.8373
487723.87,173844.02,3,1,1,1,0,0.859,4,1,0.1723,1.4,0.0,0.71,0.9578,0.5159,0.8948,0.89
275570.62,701.2,2,1,1,1,0,0.902,14,0,0.184,196.5,0.0,0.85,0.2233,0.2432,0.237,0.9537
518506.6,1090.36,2,1,1,1,1,0.963,10,0,0.1268,237.77,0.0,0.86,0.163,0.193,0.2397,0.9556
879445.53,8194.28,3,2,2,1,0,0.509,0,0,0.2693,39.35,0.0,0.6,0.637,0.4389,0.4907,0.7306
140139.87,1295.86,1,1,1,1,0,0.935,9,0,0.1052,108.14,0.0,0.87,0.071,0.241,0.124,0.956
1094949.66,18348.31,3,5,2,1,2,0.512,11,0,0.3856,23.87,0.0,0.8,0.7854,0.9039,0.3062,0.8885
614969.59,3626.49,1,1,1,1,1,0.939,13,0,0.1583,169.58,0.0,0.75,0.1739,0.2191,0.1188,0.9354
708523.81,3162.92,1,1,1,1,1,0.925,12,0,0.182,224.01,0.0,0.8,0.1332,0.1613,0.1622,0.9435
2064417.33,454269.5,4,2,1,1,0,0.844,11,0,0.2838,1.7,0.0,0.67,0.8648,0.4867,0.9506,0.8798
220018.52,14269.68,4,2,1,1,0,0.769,9,0,0.2952,5.78,0.0,0.67,0.8565,0.5684,0.8128,0.8801
1753531.43,70679.49,4,1,1,1,0,0.783,16,0,0.3466,9.3,0.0,0.85,0.9299,0.3618,0.9494,0.9241
535192.03,1537.48,2,1,1,1,0,0.958,15,0,0.0641,174.05,0.0,0.89,0.1101,0.2328,0.1579,0.9602
1339972.65,55969.42,5,1,1,1,0,0.936,16,0,0.1031,7.18,0.0,0.63,0.8886,0.3636,0.9314,0.8721
1769198.4,56811.13,6,2,1,1,0,0.785,15,0,0.2495,7.79,0.0,0.69,0.9186,0.4794,0.9571,0.8862
884922.76,15371.42,2,2,1,2,1,0.568,21,0,0.2581,34.54,0.0,0.83,0.8899,0.8846,0.2813,0.8962
778857.04,62966.15,3,2,1,1,0,0.764,21,0,0.2141,6.18,0.0,0.74,0.9428,0.3674,0.9653,0.8964
1523226.22,51152.27,6,1,1,1,0,0.742,3,1,0.1708,7.44,0.0,0.75,0.9361,0.3681,0.9144,0.9008
250854.69,2002.0,1,1,1,1,1,0.966,12,0,0.1603,125.3,0.0,0.85,0.2208,0.2709,0.2352,0.9523
526804.86,9903.02,2,1,2,1,0,0.542,0,0,0.2836,29.26,0.0,0.73,0.6947,0.6465,0.4984,0.7678
324990.63,33274.11,6,1,1,1,0,0.925,2,1,0.1206,2.44,0.0,0.6,0.9462,0.4758,0.9384,0.8642
1790540.56,342671.83,3,1,1,1,0,0.86,16,0,0.2069,2.61,0.0,0.93,0.8779,0.4792,0.9551,0.9443
1395305.81,24951.82,2,4,3,2,2,0.364,8,0,0.1901,33.55,0.0,0.72,0.8405,0.8699,0.2806,0.8666
303800.49,4934.44,3,3,1,2,2,0.439,18,0,0.3026,24.63,0.0,0.88,0.8642,0.8697,0.226,0.9077
121628.55,2151.9,2,2,1,1,0,0.837,19,0,0.2689,31.09,0.0,0.57,0.5602,0.5776,0.6369,0.7202
1503232.19,155857.24,5,1,1,1,0,0.797,11,0,0.111,2.89,0.0,0.74,0.9041,0.4627,0.9406,0.8971
1774658.1,70049.96,5,2,1,1,0,0.961,4,1,0.1267,7.6,0.0,0.78,0.9806,0.4967,0.9716,0.9064
1742217.55,125319.55,3,1,1,1,0,0.795,0,1,0.3108,6.95,0.0,0.77,0.9305,0.5679,0.8265,0.9051
1734062.3,161152.62,4,2,1,1,0,0.744,9,0,0.3382,4.04,0.0,0.74,0.8938,0.3536,0.8261,0.8981
126041.62,2125.44,4,3,1,2,2,0.395,21,0,0.3317,17.79,0.0,0.78,0.7761,0.9789,0.1348,0.8836
509008.52,108525.4,6,1,1,1,0,0.921,21,0,0.2634,1.17,0.0,0.87,0.9558,0.4734,0.8649,0.929
562773.33,2010.02,2,1,1,1,0,0.91,9,0,0.1775,139.99,0.0,0.91,0.111,0.113,0.2343,0.9641
436164.8,7563.52,4,2,1,1,2,0.466,19,0,0.2568,17.3,0.0,0.59,0.9191,0.9844,0.314,0.8343
242943.85,2164.26,1,1,1,1,0,0.98,14,0,0.0528,112.25,0.0,0.83,0.0545,0.1767,0.1502,0.9496
373796.35,56978.37,4,1,1,1,0,0.919,16,1,0.1795,2.46,0.0,0.79,0.9565,0.5886,0.9114,0.9087
738213.49,2764.2,1,1,1,1,1,0.992,11,0,0.1726,267.06,0.0,0.87,0.1036,0.1325,0.0579,0.9563
1874279.01,199054.86,3,1,1,1,0,0.898,18,0,0.2745,4.71,0.0,0.74,0.8708,0.4495,0.9286,0.8966
96688.42,1459.27,2,1,1,1,0,0.753,3,0,0.264,36.44,0.0,0.62,0.5626,0.4799,0.5035,0.7365
2097148.24,528355.58,3,1,1,1,0,0.81,17,1,0.1517,1.98,0.0,0.92,0.958,0.3786,0.8981,0.9396
539229.29,18117.51,6,1,1,1,0,0.955,13,0,0.1007,7.44,0.0,0.76,0.8958,0.4887,0.862,0.9019
280022.56,4752.13,3,2,1,1,0,0.506,18,0,0.1339,21.61,0.0,0.69,0.6425,0.5295,0.6199,0.7562
119237.67,480.21,2,1,1,1,1,0.92,14,0,0.0696,124.15,0.0,0.84,0.1063,0.2484,0.1127,0.9507
348566.04,844.82,2,1,1,1,0,0.962,11,0,0.1457,206.3,0.0,0.7,0.0569,0.2504,0.1868,0.9265
1735508.96,92539.07,4,1,1,1,0,0.71,6,1,0.2619,7.03,0.0,0.72,0.99,0.4938,0.9675,0.8927
245156.81,44146.41,3,1,1,1,0,0.963,22,1,0.2643,2.78,0.0,0.86,0.9362,0.5551,0.8376,0.9255
220986.83,491.05,2,1,1,1,0,0.927,13,0,0.1132,225.02,0.0,0.94,0.1476,0.1875,0.249,0.9689
1557731.85,85085.67,3,1,1,1,0,0.895,12,0,0.1239,9.15,0.0,0.83,0.9341,0.3583,0.8302,0.9193
1919347.3,422893.84,6,1,1,1,0,0.837,19,0,0.3314,1.13,0.0,0.83,0.9039,0.5826,0.9634,0.9182
370563.79,37074.38,4,1,1,1,0,0.921,22,0,0.2484,3.75,0.0,0.61,0.8837,0.5153,0.8355,0.8653
768820.55,52867.81,3,2,1,1,0,0.706,3,1,0.2622,7.27,0.0,0.85,0.99,0.4689,0.9691,0.9246
885701.72,8295.62,3,2,1,1,0,0.731,23,0,0.2438,39.15,0.0,0.64,0.6791,0.414,0.4635,0.7424
293221.03,622.32,2,1,1,1,0,0.979,12,0,0.1735,235.59,0.0,0.9,0.2159,0.243,0.0669,0.9628
35008.69,326.01,4,3,1,2,1,0.643,20,0,0.2703,32.22,0.0,0.53,0.8453,0.9032,0.1556,0.8182
422063.62,2095.7,1,1,1,1,1,0.969,17,0,0.1466,201.39,0.0,0.8,0.0572,0.1376,0.2037,0.9441
1794861.07,232995.39,4,2,1,1,0,0.773,22,0,0.1931,2.89,0.0,0.85,0.9221,0.4557,0.8962,0.9245
2343558.52,78884.45,6,1,1,1,0,0.95,19,0,0.2381,7.43,0.0,0.68,0.876,0.5976,0.9663,0.8821
637307.89,2982.62,1,1,1,1,0,0.922,17,0,0.0562,213.67,0.0,0.71,0.1283,0.1098,0.1617,0.9272
409735.34,2684.6,3,2,2,1,0,0.703,23,0,0.1255,55.96,0.0,0.7,0.5679,0.442,0.4939,0.7605
386118.85,6150.69,2,2,1,1,0,0.804,7,0,0.2274,34.53,0.0,0.49,0.5947,0.5812,0.6123,0.6981
255958.0,3698.02,1,1,1,1,1,0.99,15,0,0.0663,69.21,0.0,0.84,0.1922,0.2549,0.1998,0.9515
82281.34,572.85,3,1,2,1,0,0.532,23,0,0.154,52.67,0.0,0.6,0.56,0.5435,0.6084,0.7314
665703.83,33380.98,6,1,1,1,0,0.908,22,1,0.1585,4.99,0.0,0.81,0.9642,0.4711,0.9235,0.9134
859048.14,22034.55,2,3,1,2,1,0.468,15,0,0.394,23.39,0.0,0.88,0.7603,0.9176,0.1628,0.9095
1249511.43,15707.17,4,4,3,2,2,0.668,8,0,0.3021,23.87,0.0,0.59,0.8315,0.9478,0.1944,0.8329
1479417.31,141165.96,3,1,1,1,0,0.954,16,1,0.3244,5.24,0.0,0.93,0.9417,0.4043,0.8935,0.9435
481577.09,23271.11,4,1,1,1,0,0.942,8,1,0.1921,7.76,0.0,0.62,0.9892,0.5259,0.9316,0.8685
72443.77,3391.4,4,3,2,1,1,0.688,15,0,0.1943,6.41,0.0,0.51,0.9046,0.8611,0.2893,0.813
2284962.57,110306.2,5,1,1,1,0,0.888,16,1,0.2541,6.21,0.0,0.93,0.99,0.402,0.8829,0.9426
694743.56,1327.57,2,1,1,1,1,0.901,16,0,0.1204,261.66,0.0,0.73,0.1272,0.0851,0.1785,0.9323
888327.9,8776.44,2,1,2,1,0,0.684,1,0,0.1375,55.67,0.0,0.73,0.6787,0.5503,0.6238,0.7685
1540909.88,198127.86,5,1,1,1,0,0.768,19,1,0.2259,2.33,0.0,0.91,0.99,0.5518,0.9081,0.9391
2458215.06,129194.54,5,2,1,1,0,0.824,2,1,0.3272,5.71,0.0,0.61,0.9352,0.5297,0.9604,0.8658
49941.97,1656.84,2,4,2,1,2,0.427,9,0,0.237,18.09,0.0,0.69,0.9164,0.9855,0.2157,0.8606
791350.77,78717.25,6,2,1,1,0,0.87,7,1,0.1844,2.51,0.0,0.85,0.9189,0.4153,0.917,0.9231
460672.83,38360.81,3,2,1,1,0,0.897,13,0,0.2672,6.0,0.0,0.86,0.9691,0.5895,0.8318,0.9267
692527.77,5364.59,3,1,1,1,0,0.787,23,1,0.1031,47.33,0.0,0.66,0.5587,0.4562,0.4501,0.7475
206876.06,13124.39,2,5,2,2,1,0.544,15,0,0.222,9.46,0.0,0.87,0.8975,0.9081,0.1364,0.9052
891544.25,6097.98,3,2,1,1,0,0.811,14,0,0.1989,53.61,0.0,0.6,0.5847,0.4721,0.5225,0.7288
218403.78,2971.16,4,4,2,2,1,0.487,16,0,0.1584,22.05,0.0,0.77,0.8188,0.9179,0.3209,0.8801
56258.56,1616.54,2,3,2,1,1,0.373,7,0,0.3224,20.88,0.0,0.69,0.8247,0.918,0.2145,0.8588
394404.02,6423.15,3,5,3,1,1,0.656,20,0,0.2557,24.56,0.0,0.58,0.7537,0.9276,0.2764,0.8295
1179255.89,39535.68,6,1,1,1,0,0.887,22,0,0.2303,7.46,0.0,0.66,0.8897,0.4304,0.8571,0.8785
1981952.01,78699.11,5,1,1,1,0,0.876,22,1,0.2702,7.56,0.0,0.91,0.99,0.5941,0.949,0.9394
270309.76,18758.27,2,4,2,1,1,0.688,18,0,0.367,8.65,0.0,0.75,0.8304,0.9474,0.2597,0.8756
584955.53,22516.44,2,4,3,1,1,0.63,18,0,0.171,15.59,0.0,0.64,0.8212,0.8622,0.2039,0.8461
1289788.86,100149.85,5,2,1,1,0,0.843,8,0,0.2968,3.86,0.0,0.94,0.8526,0.5248,0.873,0.9467
1037079.47,37057.45,6,1,1,1,0,0.865,21,0,0.1533,7.0,0.0,0.69,0.8896,0.4786,0.9513,0.8868
115784.46,1172.81,3,1,2,1,0,0.609,9,0,0.2438,36.2,0.0,0.6,0.4603,0.5636,0.4336,0.7296
1205606.02,13812.44,3,4,1,2,2,0.584,6,0,0.177,34.91,0.0,0.67,0.7668,0.9405,0.153,0.8545
35649.42,940.86,2,3,2,1,1,0.624,6,0,0.2398,22.73,0.0,0.52,0.8938,0.9785,0.3087,0.8147
2494892.08,126069.89,4,1,1,1,0,0.954,11,0,0.2613,7.42,0.0,0.75,0.8887,0.5782,0.8628,0.8991
2353763.91,111007.88,6,2,1,1,0,0.722,0,1,0.2382,5.3,0.0,0.69,0.99,0.3572,0.834,0.8853
1064466.17,71803.04,6,2,1,1,0,0.944,12,0,0.2735,3.71,0.0,0.66,0.9522,0.4125,0.9009,0.878
2154094.09,105516.56,4,1,1,1,0,0.74,3,1,0.2087,7.66,0.0,0.77,0.99,0.4802,0.8829,0.905
1041613.86,11085.15,4,2,1,1,1,0.625,15,0,0.3423,28.19,0.0,0.56,0.8761,0.9379,0.1332,0.8263
312633.42,1163.45,2,1,1,1,0,0.935,12,0,0.1402,134.36,0.0,0.88,0.1267,0.2609,0.1506,0.9587
1496332.77,18430.03,4,3,1,2,2,0.628,7,0,0.3471,24.36,0.0,0.78,0.7932,0.9721,0.3255,0.8836
369616.31,48815.14,3,2,1,1,0,0.95,4,1,0.3023,3.79,0.0,0.76,0.99,0.5619,0.8866,0.9035
1087150.48,50087.08,6,1,1,1,0,0.971,23,1,0.2613,5.43,0.0,0.74,0.99,0.492,0.8371,0.8972
2169235.23,80672.45,5,1,1,1,0,0.72,3,1,0.3064,8.07,0.0,0.84,0.9007,0.4546,0.8951,0.9226
1148155.13,37221.47,6,1,1,1,0,0.919,5,0,0.2867,7.71,0.0,0.9,0.8989,0.4242,0.9812,0.9351
680243.03,6698.29,2,2,2,1,0,0.601,6,0,0.1288,55.86,0.0,0.73,0.6828,0.5746,0.5162,0.7687
699632.76,46146.63,5,2,1,1,0,0.965,14,1,0.2822,4.55,0.0,0.93,0.99,0.5757,0.9685,0.944
396387.97,10401.89,2,2,1,1,1,0.511,10,0,0.3935,22.86,0.0,0.86,0.7775,0.908,0.2175,0.9048
2006315.11,152784.52,4,2,1,1,0,0.939,23,1,0.1521,4.92,0.0,0.76,0.99,0.4317,0.9148,0.9028
742666.77,8829.76,2,1,1,1,0,0.586,16,1,0.102,46.26,0.0,0.77,0.6069,0.4901,0.489,0.7825
626904.97,42367.8,3,1,1,1,0,0.747,1,1,0.1745,7.4,0.0,0.61,0.8948,0.3566,0.9257,0.8669
2000935.46,66939.7,6,2,1,1,0,0.844,15,0,0.1633,7.47,0.0,0.88,0.8717,0.5246,0.9626,0.9319
839628.81,71181.53,3,2,1,1,0,0.763,7,0,0.348,5.9,0.0,0.63,0.8665,0.5567,0.947,0.8715
1078254.98,62573.65,3,2,2,2,1,0.489,18,0,0.2992,6.89,0.0,0.67,0.8062,0.8717,0.2494,0.8545
179217.83,6783.5,4,2,1,1,2,0.493,20,0,0.3058,7.93,0.0,0.7,0.7859,0.9097,0.245,0.8614
212756.49,2300.1,4,5,3,1,2,0.65,17,0,0.2925,27.75,0.0,0.63,0.7515,0.8847,0.3364,0.8448
1495910.13,41220.71,2,2,2,2,2,0.571,19,0,0.265,21.77,0.0,0.58,0.7882,0.8953,0.2233,0.83
686355.46,1438.45,2,1,1,1,0,0.938,16,0,0.1208,238.58,0.0,0.87,0.1613,0.1443,0.065,0.9559
808595.54,12123.1,2,2,1,1,0,0.708,8,1,0.24,36.68,0.0,0.62,0.6024,0.4255,0.5527,0.7357
560540.01,52290.89,4,2,1,1,0,0.813,1,1,0.3407,4.02,0.0,0.61,0.9298,0.5165,0.9814,0.866
2329670.1,258510.86,3,2,1,1,0,0.811,3,1,0.3333,4.51,0.0,0.77,0.8908,0.3774,0.9274,0.9058
1022434.21,59837.44,3,2,1,1,0,0.716,11,0,0.2388,8.54,0.0,0.86,0.8786,0.4421,0.8619,0.9264
460626.61,5358.75,2,2,1,1,0,0.559,17,1,0.195,47.28,0.0,0.78,0.5036,0.4208,0.6696,0.7834
794146.0,5787.2,1,1,1,1,0,0.983,17,0,0.1354,137.22,0.0,0.81,0.2463,0.1664,0.1578,0.9466
858107.01,12841.34,3,2,1,2,2,0.599,16,0,0.1848,26.73,0.0,0.5,0.7917,0.9516,0.1428,0.8104
238571.89,7166.37,2,1,1,1,0,0.762,18,0,0.2135,18.31,0.0,0.78,0.5994,0.4042,0.5188,0.7841
2315352.51,157266.21,6,2,1,1,0,0.763,12,1,0.1608,3.68,0.0,0.85,0.8989,0.5888,0.8328,0.9249
815189.01,18158.55,3,1,2,1,0,0.547,3,0,0.1886,16.46,0.0,0.47,0.6955,0.4269,0.585,0.6899
818667.33,56308.44,2,3,3,1,1,0.612,7,0,0.3405,8.72,0.0,0.89,0.7564,0.8971,0.1649,0.9111
643698.04,60930.15,4,2,1,1,0,0.843,9,0,0.3128,3.96,0.0,0.66,0.9451,0.4811,0.99,0.8779
61897.35,886.15,3,4,2,1,1,0.423,21,0,0.3458,27.94,0.0,0.56,0.8337,0.9112,0.2606,0.8251
1892700.95,93440.56,6,1,1,1,0,0.705,6,0,0.2289,5.06,0.0,0.69,0.9439,0.4303,0.9232,0.886
1893559.07,268578.3,4,2,1,1,0,0.84,20,1,0.112,2.64,0.0,0.74,0.9817,0.4067,0.9652,0.8983
891653.61,15969.45,2,3,3,2,1,0.524,10,0,0.2584,33.5,0.0,0.58,0.7864,0.8608,0.1892,0.831
637388.54,1978.84,2,1,1,1,1,0.95,11,0,0.0976,161.05,0.0,0.81,0.1906,0.2065,0.0965,0.9455
866904.89,9460.39,2,1,2,1,0,0.787,10,0,0.1392,50.4,0.0,0.67,0.5131,0.4052,0.6158,0.7506
630943.66,5679.41,4,4,3,2,1,0.452,17,0,0.2252,33.33,0.0,0.72,0.882,0.9018,0.202,0.8661
673792.86,32623.53,5,1,1,1,0,0.744,20,0,0.2074,6.2,0.0,0.77,0.8572,0.5887,0.8219,0.9055
409922.52,1631.74,2,1,1,1,0,0.985,13,0,0.1954,125.61,0.0,0.76,0.0626,0.2723,0.1598,0.9368
44575.02,175.4,1,1,1,1,0,0.977,16,0,0.1782,254.13,0.0,0.84,0.2324,0.1383,0.0758,0.9515
599792.71,4846.59,3,1,2,1,0,0.749,8,1,0.1209,45.38,0.0,0.58,0.5218,0.4293,0.6338,0.7239
846233.86,10093.26,3,2,1,2,1,0.501,20,0,0.3924,33.54,0.0,0.52,0.8781,0.9283,0.2048,0.814
1574308.96,79411.16,3,2,1,1,0,0.955,20,0,0.3084,9.91,0.0,0.74,0.9751,0.3704,0.9041,0.898
622605.41,7144.96,4,4,1,2,1,0.378,18,0,0.1938,26.14,0.0,0.78,0.8933,0.9226,0.2422,0.8818
1261814.14,220013.83,4,1,1,1,0,0.924,14,0,0.2975,2.15,0.0,0.83,0.9291,0.4529,0.9105,0.9191
1267194.89,33880.64,4,2,2,2,2,0.453,19,0,0.3648,11.22,0.0,0.53,0.7681,0.9244,0.2601,0.818
1806154.41,95304.43,4,1,1,1,0,0.707,12,0,0.1267,7.11,0.0,0.92,0.9547,0.4075,0.8435,0.9415
776957.76,24352.03,6,2,1,1,0,0.971,1,1,0.1495,7.98,0.0,0.61,0.8926,0.5056,0.9425,0.8662
834026.92,43700.49,3,1,1,1,0,0.716,2,1,0.3454,9.54,0.0,0.72,0.9239,0.4867,0.8318,0.8934
2367286.37,255528.73,3,2,1,1,0,0.814,1,1,0.1788,4.63,0.0,0.78,0.9531,0.4385,0.9815,0.908
416296.17,85167.02,4,2,1,1,0,0.754,22,0,0.2029,1.83,0.0,0.66,0.9699,0.3507,0.9519,0.8773
337454.74,3046.11,3,2,2,1,0,0.707,11,0,0.16,40.62,0.0,0.49,0.4594,0.412,0.6636,0.6957
531820.61,2570.37,1,1,1,1,0,0.948,17,0,0.1754,206.9,0.0,0.93,0.2081,0.1836,0.2281,0.9668
1378339.0,35729.79,2,4,3,1,1,0.682,16,0,0.3674,23.15,0.0,0.77,0.9189,0.872,0.1754,0.8803
413396.48,4181.56,2,1,2,1,0,0.735,9,0,0.2791,54.37,0.0,0.42,0.6165,0.4201,0.6177,0.6761
2114021.43,121437.45,5,2,1,1,0,0.898,11,0,0.1006,5.22,0.0,0.75,0.9447,0.5497,0.99,0.8989
400574.63,3525.72,4,3,3,1,2,0.68,12,0,0.3283,34.08,0.0,0.52,0.8157,0.9128,0.1584,0.8142
376784.03,21426.25,3,2,1,1,0,0.977,9,0,0.2056,8.79,0.0,0.69,0.8984,0.377,0.8728,0.8852
1815636.28,418790.98,5,2,1,1,0,0.762,20,0,0.2273,1.3,0.0,0.79,0.8848,0.5779,0.8626,0.9087
785556.42,175438.76,6,1,1,1,0,0.777,12,1,0.349,1.12,0.0,0.72,0.9396,0.5045,0.9221,0.8917
2267077.32,436608.46,4,1,1,1,0,0.881,12,1,0.2836,1.95,0.0,0.76,0.9175,0.4842,0.99,0.9035
41294.54,357.11,4,3,2,1,1,0.689,8,0,0.176,34.69,0.0,0.82,0.8405,0.898,0.2708,0.8921
333992.18,5394.2,4,2,1,2,2,0.491,21,0,0.3385,18.58,0.0,0.68,0.8768,0.8866,0.2053,0.8557
51783.0,841.78,3,2,1,2,2,0.528,6,0,0.3439,24.61,0.0,0.62,0.8051,0.9483,0.2495,0.84
809328.28,34956.0,5,2,1,1,0,0.976,5,1,0.154,6.95,0.0,0.87,0.8926,0.5177,0.9098,0.9288
2162890.66,78076.45,5,2,1,1,0,0.871,11,0,0.1599,8.31,0.0,0.82,0.8732,0.5392,0.8381,0.9162
99719.0,1852.02,2,2,1,1,0,0.767,7,0,0.2161,29.61,0.0,0.49,0.4662,0.5753,0.5367,0.6971
335545.24,6021.78,3,3,1,1,1,0.692,18,0,0.1937,22.29,0.0,0.63,0.7839,0.9424,0.2509,0.8438
848283.55,140138.13,5,2,1,1,0,0.957,22,0,0.2519,1.82,0.0,0.65,0.8769,0.5054,0.8518,0.8769
2096351.59,78098.28,5,2,1,1,0,0.964,19,0,0.3049,8.05,0.0,0.87,0.9784,0.352,0.9044,0.928
343738.8,19293.98,6,1,1,1,0,0.751,17,1,0.111,4.45,0.0,0.89,0.9223,0.4581,0.9135,0.9343
675899.51,22055.1,2,3,2,1,2,0.594,12,0,0.2559,18.39,0.0,0.78,0.9103,0.8947,0.2212,0.8831
491657.92,2038.83,1,1,1,1,0,0.919,13,0,0.1294,241.15,0.0,0.96,0.1471,0.1359,0.0962,0.9733
195880.53,2390.04,2,1,1,1,0,0.611,20,0,0.1722,45.08,0.0,0.74,0.5884,0.601,0.6712,0.7723
348653.78,3144.06,3,1,2,1,0,0.79,7,0,0.1546,40.66,0.0,0.52,0.6031,0.5227,0.6235,0.7063
683973.39,5746.29,3,2,2,1,0,0.687,12,0,0.2127,43.64,0.0,0.45,0.4847,0.484,0.4989,0.6837
1229699.29,61447.58,3,3,3,2,2,0.662,18,0,0.3699,8.0,0.0,0.58,0.911,0.9045,0.2213,0.8308
474258.55,3027.57,1,1,1,1,0,0.973,15,0,0.0881,156.65,0.0,0.79,0.2252,0.1418,0.132,0.9426
335180.78,14115.6,6,2,1,1,0,0.881,13,0,0.3386,5.94,0.0,0.65,0.9421,0.367,0.8484,0.876
710684.62,28051.13,3,2,2,1,1,0.583,20,0,0.239,10.13,0.0,0.88,0.8525,0.9353,0.1733,0.9085
2365712.02,132003.55,4,1,1,1,0,0.732,13,0,0.3066,6.72,0.0,0.69,0.9396,0.5809,0.8578,0.886
708099.1,25359.99,3,4,3,1,2,0.489,13,0,0.2775,11.17,0.0,0.79,0.8861,0.9242,0.1465,0.8848
1267655.11,24521.38,2,2,2,1,2,0.446,8,0,0.3134,31.02,0.0,0.51,0.7716,0.9617,0.3426,0.812
141092.8,10887.49,4,1,1,1,0,0.754,2,1,0.2823,4.86,0.0,0.75,0.99,0.4374,0.9567,0.8993
264597.36,2808.9,3,2,2,1,0,0.595,13,0,0.1934,34.54,0.0,0.49,0.4998,0.5191,0.6315,0.6973
1040728.2,38680.63,2,2,1,2,2,0.696,20,0,0.2391,16.14,0.0,0.75,0.803,0.9888,0.2224,0.8738
211914.46,3266.31,3,5,1,1,2,0.402,13,0,0.2561,25.95,0.0,0.83,0.7591,0.9702,0.2648,0.8968
1337696.47,45705.61,2,3,2,2,2,0.375,14,0,0.3189,17.56,0.0,0.54,0.8661,0.9355,0.2567,0.8191
702918.14,105194.39,3,2,1,1,0,0.825,5,1,0.1913,3.34,0.0,0.64,0.9776,0.3519,0.9108,0.8724
1587069.99,218856.21,5,1,1,1,0,0.929,21,1,0.2066,2.18,0.0,0.72,0.99,0.3747,0.8499,0.8919
2401448.71,224102.8,3,2,1,1,0,0.897,6,0,0.1044,5.36,0.0,0.9,0.8727,0.5055,0.8342,0.9364
2465602.74,144065.41,6,2,1,1,0,0.786,1,1,0.1357,4.28,0.0,0.79,0.9315,0.4481,0.8475,0.9108
692836.19,8304.36,2,2,2,1,0,0.8,19,0,0.2997,45.89,0.0,0.57,0.6257,0.4511,0.5908,0.722
258436.54,1793.12,2,1,1,1,1,0.939,13,0,0.1365,72.06,0.0,0.75,0.1346,0.1487,0.1302,0.9349
391205.34,1889.64,1,1,1,1,0,0.942,17,0,0.1321,207.03,0.0,0.72,0.1337,0.1341,0.2499,0.9289
2217016.51,98502.86,6,1,1,1,0,0.852,13,1,0.2221,5.63,0.0,0.78,0.9708,0.3509,0.9883,0.9062
1022483.06,57664.86,4,1,1,1,0,0.925,22,1,0.2008,6.65,0.0,0.85,0.9559,0.551,0.9511,0.9235
874850.89,30714.34,5,1,1,1,0,0.97,16,1,0.1209,8.55,0.0,0.92,0.9064,0.4482,0.9747,0.9397
521180.52,3943.32,3,1,2,1,0,0.658,6,1,0.1963,48.46,0.0,0.58,0.556,0.5426,0.6846,0.7241
1430936.87,15899.33,4,2,2,2,1,0.534,10,0,0.3652,27.0,0.0,0.83,0.7708,0.9703,0.2152,0.8955
2180932.99,576574.14,4,1,1,1,0,0.774,2,1,0.147,1.42,0.0,0.91,0.99,0.4801,0.9231,0.9386
140105.59,22222.13,4,1,1,1,0,0.965,19,0,0.2239,2.36,0.0,0.78,0.853,0.4389,0.9558,0.9061
385239.42,21131.76,3,5,3,2,2,0.515,18,0,0.2302,7.29,0.0,0.69,0.888,0.9587,0.1811,0.8599
1766726.21,95933.59,4,2,1,1,0,0.736,8,1,0.3014,6.91,0.0,0.73,0.99,0.4379,0.8284,0.8957
995005.95,42890.16,4,2,1,1,0,0.758,2,1,0.3322,8.7,0.0,0.71,0.9418,0.5249,0.8499,0.8898
65327.35,575.76,2,1,1,1,0,0.957,15,0,0.0916,56.73,0.0,0.84,0.1445,0.1968,0.1063,0.9511
405469.14,39220.4,4,1,1,1,0,0.94,5,1,0.309,3.88,0.0,0.64,0.99,0.4762,0.9805,0.8743
53452.7,952.68,2,2,1,1,0,0.506,9,0,0.2002,30.86,0.0,0.78,0.6405,0.5202,0.4352,0.7841
1167014.84,158165.2,3,2,1,1,0,0.851,8,0,0.1109,3.69,0.0,0.71,0.9405,0.5878,0.8431,0.8897
2216160.67,214692.25,5,1,1,1,0,0.811,1,1,0.1774,3.1,0.0,0.82,0.9594,0.4046,0.8579,0.9158
1281197.59,90478.59,6,1,1,1,0,0.83,11,1,0.1822,3.54,0.0,0.83,0.9263,0.4927,0.9613,0.9189
283293.33,6905.28,2,1,2,1,0,0.563,20,0,0.1991,22.56,0.0,0.44,0.5364,0.4415,0.5981,0.6828
996831.76,20677.47,2,2,2,1,0,0.506,13,0,0.1768,26.51,0.0,0.51,0.613,0.4377,0.5652,0.7022
139795.41,281.62,2,1,1,1,0,0.906,12,0,0.1354,248.19,0.0,0.82,0.0904,0.229,0.0754,0.9482
1789855.34,95894.83,6,1,1,1,0,0.833,20,1,0.1686,4.67,0.0,0.91,0.99,0.5823,0.908,0.9378
477409.87,863.43,2,1,1,1,0,0.904,13,0,0.0508,276.46,0.0,0.71,0.1013,0.1029,0.1567,0.9283
744647.71,9931.16,2,1,1,1,0,0.804,21,1,0.2819,41.24,0.0,0.6,0.6236,0.4313,0.5783,0.7311
1107706.37,39790.84,6,2,1,1,0,0.715,14,1,0.2286,6.96,0.0,0.88,0.99,0.3878,0.8031,0.9311
219415.13,2034.17,3,2,2,1,0,0.737,12,0,0.243,39.55,0.0,0.69,0.6166,0.6438,0.6636,0.7574
659038.14,13301.3,2,2,2,1,1,0.556,6,0,0.368,29.73,0.0,0.59,0.8311,0.8772,0.2109,0.8334
940887.98,40295.18,5,1,1,1,0,0.979,18,0,0.2789,7.0,0.0,0.85,0.9757,0.425,0.9586,0.923
848747.37,12153.4,4,5,1,1,1,0.615,9,0,0.1731,20.95,0.0,0.67,0.8497,0.9782,0.1634,0.8547
113193.34,213.61,2,1,1,1,0,0.988,15,0,0.1181,264.95,0.0,0.94,0.2121,0.2639,0.1566,0.9693
1492287.99,86832.92,3,1,1,1,0,0.748,7,0,0.2087,8.59,0.0,0.75,0.9185,0.4403,0.9064,0.8998
2426233.79,124272.62,3,1,1,1,0,0.802,14,1,0.2894,9.76,0.0,0.8,0.9056,0.483,0.8907,0.9113
608922.07,2541.79,1,1,1,1,1,0.981,9,0,0.1684,239.56,0.0,0.74,0.0671,0.0842,0.1757,0.933
1480697.73,22490.88,4,3,1,1,2,0.404,6,0,0.2567,19.75,0.0,0.75,0.8956,0.9238,0.1698,0.876
50386.47,1748.12,5,1,1,1,0,0.768,3,1,0.2611,8.65,0.0,0.81,0.9355,0.461,0.8109,0.9144
200234.77,3295.96,1,1,1,1,1,0.956,15,0,0.0682,60.75,0.0,0.72,0.2547,0.2162,0.1335,0.9295
607502.11,1401.93,2,1,1,1,0,0.943,13,0,0.1583,216.67,0.0,0.97,0.1793,0.1061,0.073,0.9737
1439345.93,50325.34,5,1,1,1,0,0.892,20,0,0.3449,8.58,0.0,0.7,0.9632,0.351,0.8336,0.8889
377104.16,4105.21,4,5,3,1,2,0.483,10,0,0.3481,27.56,0.0,0.67,0.7659,0.923,0.1409,0.8533
637044.09,41034.25,3,2,1,1,0,0.931,7,0,0.1818,7.76,0.0,0.65,0.8703,0.521,0.8334,0.8754
2118695.45,73760.98,5,1,1,1,0,0.725,1,1,0.1395,8.62,0.0,0.65,0.9666,0.5745,0.9348,0.8755
647678.87,20593.3,2,2,1,2,2,0.656,14,0,0.3056,18.87,0.0,0.56,0.8963,0.9182,0.3309,0.8264
430684.38,24872.36,2,4,3,2,2,0.487,17,0,0.392,10.39,0.0,0.79,0.82,0.8625,0.1278,0.8853
671813.62,6234.43,2,1,1,1,1,0.903,14,0,0.1811,53.88,0.0,0.79,0.2471,0.1434,0.1809,0.9426
643708.04,109428.96,5,2,1,1,0,0.96,14,1,0.2315,1.76,0.0,0.88,0.905,0.5819,0.9696,0.9305
2191746.47,165574.44,3,2,1,1,0,0.774,12,0,0.1177,6.62,0.0,0.74,0.925,0.5637,0.9656,0.8976
114159.21,2039.47,3,4,2,1,2,0.526,19,0,0.1575,22.39,0.0,0.88,0.7868,0.8663,0.1873,0.9096
604429.19,6457.05,1,1,1,1,1,0.964,15,0,0.1767,93.61,0.0,0.84,0.2026,0.0991,0.1292,0.9505
814206.48,22539.01,2,2,2,1,0,0.683,9,0,0.2019,19.87,0.0,0.56,0.5511,0.4634,0.4249,0.7184
338311.73,4454.92,4,2,3,1,1,0.5,17,0,0.2503,22.78,0.0,0.72,0.8583,0.9864,0.1357,0.8684
387699.45,13123.77,2,5,2,2,2,0.358,13,0,0.1581,17.73,0.0,0.73,0.8441,0.9051,0.1663,0.871
52551.07,295.14,1,1,1,1,1,0.925,17,0,0.1451,178.05,0.0,0.93,0.1182,0.2281,0.2225,0.9677
882744.76,57436.13,3,1,1,1,0,0.798,17,0,0.3449,7.68,0.0,0.88,0.8892,0.5619,0.929,0.931
1095054.49,57109.04,3,2,1,1,0,0.902,6,1,0.3239,9.59,0.0,0.68,0.9349,0.5382,0.9022,0.8839
703334.71,4637.71,1,1,1,1,1,0.915,15,0,0.0991,151.66,0.0,0.98,0.1066,0.2778,0.1841,0.9758
929750.88,39986.3,2,5,1,1,2,0.472,19,0,0.1589,13.95,0.0,0.82,0.8546,0.8731,0.2551,0.8937
1167461.73,35485.67,2,2,1,2,2,0.355,6,0,0.3342,19.74,0.0,0.78,0.822,0.98,0.1368,0.8818
180033.86,1867.18,2,1,1,1,0,0.978,14,0,0.0731,48.21,0.0,0.81,0.1819,0.1894,0.0962,0.9463
1554376.44,383867.98,6,2,1,1,0,0.855,5,0,0.1188,1.01,0.0,0.72,0.9299,0.5594,0.8612,0.8932
603135.31,9020.62,4,5,3,2,1,0.662,8,0,0.301,20.06,0.0,0.67,0.8899,0.9801,0.267,0.8555
56612.63,306.98,1,1,1,1,1,0.926,14,0,0.1383,184.42,0.0,0.79,0.1444,0.2411,0.0823,0.9428
1714794.66,77619.17,6,1,1,1,0,0.737,20,0,0.1031,5.52,0.0,0.91,0.9256,0.438,0.8395,0.9395
775778.22,11017.92,4,5,1,2,1,0.395,15,0,0.3206,21.12,0.0,0.54,0.8058,0.8698,0.1369,0.8206
1238870.47,84221.38,5,2,1,1,0,0.794,16,0,0.3126,4.41,0.0,0.72,0.8798,0.394,0.8548,0.8939
130623.43,4109.57,6,2,1,1,0,0.848,1,1,0.1257,7.95,0.0,0.62,0.99,0.5818,0.8454,0.8684
131276.69,6012.2,5,1,1,1,0,0.972,2,1,0.294,6.55,0.0,0.79,0.99,0.499,0.8835,0.9089
811925.16,14132.69,2,2,3,2,1,0.385,9,0,0.2616,34.47,0.0,0.53,0.7787,0.9629,0.2691,0.8171
272242.41,4954.34,2,5,3,1,2,0.487,6,0,0.3539,32.97,0.0,0.75,0.9106,0.944,0.1697,0.8743
520111.17,2289.66,2,1,1,1,1,0.96,14,0,0.0939,113.58,0.0,0.72,0.0524,0.1655,0.1321,0.9304
485708.01,4513.67,2,1,1,1,0,0.674,18,0,0.1766,59.18,0.0,0.78,0.5974,0.4965,0.5952,0.7833
295770.88,3644.41,3,2,2,1,0,0.734,7,1,0.276,29.76,0.0,0.74,0.5438,0.5294,0.4235,0.7729
1178045.71,36320.14,5,1,1,1,0,0.971,20,0,0.2468,9.73,0.0,0.67,0.9527,0.5459,0.8491,0.8809
218790.76,6120.12,2,1,2,1,0,0.532,0,0,0.1211,19.66,0.0,0.48,0.5751,0.6221,0.462,0.6926
265626.31,994.26,1,1,1,1,0,0.947,16,0,0.1475,267.16,0.0,0.74,0.0512,0.0904,0.2332,0.9325
249049.66,4608.37,2,1,1,1,0,0.574,18,0,0.258,29.72,0.0,0.59,0.6458,0.5209,0.4906,0.7273
240667.49,25345.41,6,2,1,1,0,0.927,8,0,0.3102,2.37,0.0,0.62,0.9016,0.4425,0.8784,0.8682
758400.54,5159.32,3,2,1,1,0,0.719,14,0,0.2148,53.9,0.0,0.6,0.5724,0.5277,0.4776,0.7301
366555.47,892.99,2,1,1,1,0,0.968,9,0,0.1495,205.24,0.0,0.96,0.2238,0.152,0.17,0.973
1362038.41,87402.73,4,1,1,1,0,0.848,0,1,0.2351,5.84,0.0,0.67,0.9143,0.4941,0.9465,0.8799
350835.26,11798.12,5,2,1,1,0,0.81,11,0,0.1253,8.92,0.0,0.64,0.9245,0.5452,0.8923,0.8734
451387.53,5522.44,2,2,1,1,0,0.7,9,0,0.2187,44.96,0.0,0.51,0.6115,0.6761,0.4337,0.7021
575414.03,10792.67,2,1,1,1,0,0.631,7,0,0.1489,29.32,0.0,0.73,0.6036,0.6557,0.485,0.7699
64914.45,3847.27,3,1,1,1,0,0.895,17,0,0.2978,8.44,0.0,0.76,0.9238,0.5478,0.9252,0.9033
260313.58,20236.61,4,1,1,1,0,0.972,4,1,0.2609,4.82,0.0,0.87,0.9462,0.4987,0.8893,0.9296
1903894.84,77715.03,5,1,1,1,0,0.757,17,1,0.2365,7.35,0.0,0.74,0.946,0.3644,0.8773,0.8977
316509.32,1637.55,2,1,1,1,1,0.946,11,0,0.0817,96.64,0.0,0.82,0.0635,0.1253,0.2086,0.9472
173597.01,1293.93,2,1,1,1,1,0.907,10,0,0.0949,67.08,0.0,0.89,0.2225,0.1824,0.1936,0.9598
799843.21,58008.85,3,2,1,1,0,0.962,14,0,0.1626,6.89,0.0,0.63,0.9024,0.4435,0.876,0.8707
933008.93,57195.57,5,1,1,1,0,0.72,20,0,0.251,4.89,0.0,0.62,0.9595,0.512,0.8687,0.8686
1499588.61,45788.87,5,1,1,1,0,0.873,22,0,0.3387,9.83,0.0,0.72,0.9235,0.4509,0.8974,0.892
1365844.87,207129.41,3,2,1,1,0,0.949,4,1,0.2565,3.3,0.0,0.7,0.944,0.5498,0.8821,0.8889
53957.6,805.08,4,2,1,1,1,0.582,20,0,0.2256,20.11,0.0,0.75,0.8488,0.9621,0.1876,0.876
312176.37,1527.48,1,1,1,1,0,0.978,12,0,0.185,204.37,0.0,0.79,0.2391,0.1062,0.1819,0.9414
754588.01,10984.75,4,2,1,1,1,0.385,13,0,0.247,20.61,0.0,0.54,0.8863,0.979,0.294,0.8205
181027.55,466.28,2,1,1,1,1,0.977,16,0,0.15,194.12,0.0,0.77,0.1528,0.1582,0.0679,0.9386
755442.41,8660.42,4,5,3,2,2,0.577,8,0,0.269,26.17,0.0,0.69,0.816,0.9667,0.2238,0.859
1345892.18,18861.48,3,4,3,1,2,0.385,11,0,0.2197,28.54,0.0,0.86,0.8604,0.8706,0.1511,0.9046
1594533.28,58743.87,6,1,1,1,0,0.963,2,1,0.1241,6.79,0.0,0.61,0.9523,0.4998,0.8434,0.8674
838978.9,132938.35,6,2,1,1,0,0.727,4,1,0.2805,1.58,0.0,0.88,0.9435,0.5366,0.8687,0.9321
613557.67,10721.12,1,1,1,1,0,0.941,16,0,0.0628,57.23,0.0,0.77,0.2296,0.1966,0.0639,0.9392
199751.04,13810.78,6,1,1,1,0,0.937,12,0,0.1618,3.62,0.0,0.74,0.9435,0.569,0.904,0.8977
1399379.92,18509.22,3,2,1,2,2,0.386,10,0,0.3007,30.24,0.0,0.72,0.8146,0.9722,0.2718,0.8681
129021.19,292.98,2,1,1,1,1,0.922,11,0,0.1622,220.18,0.0,0.82,0.0942,0.1843,0.2343,0.9475
280060.68,9177.8,3,5,3,2,2,0.696,17,0,0.3535,12.21,0.0,0.79,0.8546,0.8796,0.3123,0.8851
162856.17,4502.88,2,2,2,1,0,0.516,17,0,0.2486,19.89,0.0,0.59,0.4625,0.5708,0.5339,0.7272
1619006.06,81577.45,5,2,1,1,0,0.956,18,0,0.2313,5.95,0.0,0.63,0.9588,0.5033,0.8593,0.871
127373.48,4093.11,5,1,1,1,0,0.734,16,0,0.1765,9.34,0.0,0.68,0.8925,0.5071,0.8294,0.8823
1196749.11,58993.06,4,1,1,1,0,0.958,10,0,0.1074,7.61,0.0,0.8,0.9492,0.4418,0.9227,0.9113
164787.07,4456.57,4,2,3,1,1,0.398,9,0,0.3505,11.09,0.0,0.79,0.8849,0.9472,0.2741,0.8856
416093.8,5173.8,1,1,1,1,0,0.93,13,0,0.142,80.42,0.0,0.93,0.1646,0.2055,0.2371,0.9671
929951.65,44429.36,5,1,1,1,0,0.75,5,0,0.1484,6.28,0.0,0.67,0.9452,0.5035,0.8351,0.8807
345683.9,77661.97,3,2,1,1,0,0.705,0,1,0.1091,2.23,0.0,0.94,0.9491,0.4398,0.8498,0.9467
1989356.08,183481.04,3,1,1,1,0,0.967,0,1,0.1954,5.42,0.0,0.73,0.9217,0.4577,0.9105,0.8955
614404.17,1286.1,2,1,1,1,1,0.99,14,0,0.1209,238.86,0.0,0.93,0.1784,0.1001,0.1293,0.9665
1493872.26,15467.04,4,4,1,2,1,0.495,21,0,0.2878,28.98,0.0,0.56,0.8539,0.9813,0.165,0.825
28566.91,76.75,2,1,1,1,1,0.935,11,0,0.106,186.11,0.0,0.83,0.1131,0.2113,0.2338,0.9485
308706.16,4013.6,3,4,3,1,2,0.402,21,0,0.2857,30.77,0.0,0.88,0.7762,0.9222,0.2436,0.9095
1208566.97,11536.31,4,4,3,1,2,0.423,20,0,0.2229,31.43,0.0,0.55,0.8611,0.9706,0.3343,0.8222
787683.34,11263.15,2,2,2,1,0,0.619,10,0,0.2657,38.46,0.0,0.57,0.4654,0.5559,0.468,0.7211
541154.17,6914.25,2,2,1,1,0,0.691,17,0,0.2003,43.05,0.0,0.75,0.6487,0.6696,0.4401,0.774
246508.88,9646.43,4,1,1,1,0,0.728,16,0,0.1418,9.58,0.0,0.94,0.8988,0.3767,0.8839,0.9462
890672.27,10801.71,3,1,1,1,0,0.801,9,1,0.2728,30.23,0.0,0.64,0.5936,0.6277,0.6402,0.7415
566165.02,7372.43,3,2,2,1,0,0.768,2,1,0.1752,28.16,0.0,0.61,0.6855,0.5908,0.6008,0.7339
735307.96,2523.15,2,1,1,1,1,0.94,16,0,0.1279,145.71,0.0,0.89,0.2181,0.1704,0.2135,0.9601
524258.75,12606.5,3,2,2,2,2,0.536,11,0,0.2207,16.63,0.0,0.77,0.7531,0.9582,0.181,0.88
1343379.08,54382.94,6,2,1,1,0,0.724,3,1,0.1297,6.18,0.0,0.71,0.9477,0.3801,0.8204,0.8902
460078.33,822.81,2,1,1,1,1,0.998,13,0,0.0799,279.58,0.0,0.72,0.0998,0.1652,0.1961,0.9293
375491.3,24239.66,2,2,2,2,2,0.572,21,0,0.3272,9.29,0.0,0.52,0.756,0.8819,0.2874,0.8165
1303142.58,97870.68,4,2,1,1,0,0.796,5,0,0.3249,4.99,0.0,0.64,0.8904,0.5446,0.8923,0.8739
98160.36,726.44,1,1,1,1,1,0.916,12,0,0.1985,135.12,0.0,0.84,0.1701,0.2032,0.2079,0.952
163200.93,394.3,2,1,1,1,1,0.982,17,0,0.0741,206.95,0.0,0.75,0.1688,0.2075,0.1979,0.9358
2399567.36,152412.3,3,1,1,1,0,0.851,19,1,0.2455,7.87,0.0,0.9,0.99,0.5188,0.9233,0.9368
148048.12,4130.92,6,1,1,1,0,0.771,9,0,0.2189,8.96,0.0,0.7,0.892,0.4151,0.928,0.8892
1829574.69,64962.12,5,1,1,1,0,0.852,8,1,0.3099,8.45,0.0,0.75,0.9738,0.3943,0.9253,0.8998
532765.66,3455.1,3,2,1,1,0,0.615,21,0,0.2174,56.54,0.0,0.51,0.4581,0.6298,0.4972,0.7029
237691.89,562.57,2,1,1,1,0,0.936,10,0,0.166,211.25,0.0,0.73,0.1301,0.1813,0.1037,0.9307
1326856.28,24365.14,3,5,1,1,1,0.636,15,0,0.3232,21.78,0.0,0.6,0.8106,0.8849,0.3169,0.8364
318005.13,11518.46,2,1,2,1,0,0.839,21,0,0.1549,15.18,0.0,0.5,0.6939,0.6415,0.6467,0.7004
1900208.82,637353.24,3,2,1,1,0,0.715,12,0,0.1754,1.49,0.0,0.67,0.9507,0.5281,0.9079,0.8809
2277150.31,71743.38,5,1,1,1,0,0.762,2,1,0.2198,9.52,0.0,0.86,0.9637,0.3991,0.9113,0.9252
746632.3,13526.38,1,1,1,1,1,0.991,9,0,0.1043,55.2,0.0,0.75,0.232,0.1588,0.235,0.9352
307545.48,812.91,2,1,1,1,1,0.926,9,0,0.1993,189.16,0.0,0.98,0.0509,0.2571,0.0633,0.9766
303370.91,2878.78,2,1,1,1,0,0.689,1,1,0.2221,57.96,0.0,0.69,0.6405,0.4736,0.4327,0.7559
909090.74,177598.33,4,1,1,1,0,0.75,23,1,0.2607,1.92,0.0,0.85,0.9289,0.5396,0.835,0.9231
1211314.61,20795.78,4,4,2,2,2,0.592,19,0,0.3151,17.47,0.0,0.83,0.8734,0.9627,0.1864,0.8967
1585603.59,129412.19,5,2,1,1,0,0.752,21,0,0.317,3.68,0.0,0.93,0.8937,0.3668,0.8717,0.9421
2466893.32,108348.32,4,1,1,1,0,0.802,14,0,0.2397,8.54,0.0,0.9,0.9795,0.477,0.8887,0.9354
61759.57,16287.39,3,1,1,1,0,0.931,14,1,0.257,1.9,0.0,0.89,0.9093,0.5638,0.9448,0.9346
514920.72,75352.18,6,2,1,1,0,0.83,19,0,0.3352,1.71,0.0,0.87,0.9405,0.4097,0.8502,0.928
35703.18,512.71,3,2,2,1,0,0.751,11,0,0.27,25.53,0.0,0.64,0.4864,0.6034,0.4781,0.7424
978745.67,22486.62,2,3,3,1,1,0.535,19,0,0.1871,26.12,0.0,0.78,0.8734,0.9477,0.1973,0.883
1472864.68,79345.07,5,2,1,1,0,0.824,10,0,0.1529,5.57,0.0,0.69,0.8623,0.4367,0.8362,0.8863
1879587.59,204918.77,5,2,1,1,0,0.901,5,1,0.1054,2.75,0.0,0.86,0.99,0.5656,0.8585,0.926
472507.01,24777.7,6,1,1,1,0,0.789,9,0,0.1359,4.77,0.0,0.92,0.8727,0.4382,0.8638,0.9397
1190494.58,21164.5,2,5,1,2,1,0.452,11,0,0.2612,33.75,0.0,0.88,0.89,0.943,0.1344,0.9083
730147.88,3381.85,1,1,1,1,1,0.931,17,0,0.1473,215.9,0.0,0.9,0.2353,0.1269,0.1025,0.9626
149983.11,568.12,1,1,1,1,1,0.914,13,0,0.078,264.0,0.0,0.89,0.155,0.1007,0.0895,0.9604
1334193.76,56640.22,2,4,1,2,1,0.472,15,0,0.1626,14.13,0.0,0.7,0.8003,0.9024,0.341,0.8613
812550.87,150696.75,6,1,1,1,0,0.817,12,1,0.1775,1.35,0.0,0.74,0.9364,0.5582,0.8375,0.897
1714550.97,76394.54,4,1,1,1,0,0.851,16,0,0.2254,8.42,0.0,0.92,0.8839,0.567,0.9395,0.9397
1825346.78,148309.79,6,2,1,1,0,0.944,17,0,0.1954,3.08,0.0,0.72,0.8984,0.4296,0.9356,0.8939
2122654.17,79749.2,6,1,1,1,0,0.939,3,1,0.239,6.65,0.0,0.9,0.9202,0.5515,0.8605,0.936
752966.18,11638.71,1,1,1,1,1,0.966,14,0,0.1241,64.69,0.0,0.81,0.2332,0.2553,0.1902,0.9455
589613.88,4807.91,1,1,1,1,1,0.955,11,0,0.1326,122.63,0.0,0.93,0.1279,0.2261,0.1321,0.9676
1543823.92,73741.7,6,2,1,1,0,0.858,1,1,0.3207,5.23,0.0,0.66,0.99,0.3804,0.8665,0.8795
394989.06,90155.7,4,1,1,1,0,0.722,4,1,0.2887,1.64,0.0,0.93,0.9186,0.5591,0.9173,0.9424
803004.22,20612.49,2,2,1,1,0,0.74,9,0,0.287,21.43,0.0,0.52,0.5802,0.5096,0.6888,0.7049
1957437.26,92660.13,4,1,1,1,0,0.806,9,0,0.1943,7.92,0.0,0.6,0.9486,0.5065,0.969,0.8647
1204617.45,15517.61,4,4,3,2,1,0.497,12,0,0.3263,23.29,0.0,0.72,0.8394,0.898,0.2568,0.8665
208515.81,8044.77,5,1,1,1,0,0.797,17,0,0.3109,7.78,0.0,0.68,0.9075,0.3889,0.9013,0.8837
867913.06,39220.72,6,1,1,1,0,0.726,3,1,0.148,5.53,0.0,0.88,0.8945,0.5956,0.9471,0.9306
189161.1,3534.93,3,3,3,2,2,0.503,12,0,0.261,21.4,0.0,0.76,0.8671,0.9733,0.1278,0.8788
1182484.29,21569.88,2,4,2,2,1,0.527,16,0,0.164,32.89,0.0,0.55,0.9081,0.9317,0.3032,0.8226
1502013.69,64803.6,4,1,1,1,0,0.909,20,0,0.2272,8.69,0.0,0.64,0.972,0.5916,0.99,0.8744
2368183.94,410638.25,4,2,1,1,0,0.888,6,1,0.3078,2.16,0.0,0.7,0.9612,0.3708,0.9856,0.8877
605672.37,7014.15,3,3,1,1,2,0.487,10,0,0.3586,34.54,0.0,0.62,0.8297,0.9736,0.1321,0.8416
242608.82,2822.34,2,2,1,1,0,0.829,13,0,0.1694,47.28,0.0,0.62,0.6528,0.4606,0.6448,0.7346
512838.95,39015.87,3,2,1,1,0,0.844,19,0,0.2845,6.57,0.0,0.71,0.9129,0.5535,0.99,0.8906
669953.4,29030.54,4,2,1,1,0,0.901,22,1,0.2317,8.65,0.0,0.79,0.99,0.4287,0.9119,0.9092
681984.23,4558.22,3,2,2,1,0,0.771,13,0,0.1043,54.86,0.0,0.78,0.4924,0.4027,0.4864,0.7833
1083912.86,266686.34,4,1,1,1,0,0.828,21,1,0.2515,1.52,0.0,0.73,0.8975,0.5099,0.9269,0.8942
2276828.78,585851.28,5,1,1,1,0,0.948,20,1,0.1571,1.17,0.0,0.75,0.9625,0.5721,0.8854,0.8995
1248716.95,36992.43,6,2,1,1,0,0.819,19,0,0.2207,8.44,0.0,0.7,0.9599,0.5005,0.9072,0.889
758437.08,12558.69,4,2,3,2,1,0.678,20,0,0.3154,18.12,0.0,0.84,0.8778,0.9185,0.261,0.8982
415061.81,2735.99,1,1,1,1,0,0.956,10,0,0.0778,151.7,0.0,0.81,0.1209,0.1799,0.1849,0.9452
169838.36,6201.02,2,1,2,1,0,0.707,3,0,0.2447,15.06,0.0,0.55,0.5298,0.6388,0.4816,0.7158
88238.22,6313.4,4,1,1,1,0,0.851,22,0,0.2862,5.24,0.0,0.87,0.9797,0.575,0.9874,0.9277
496247.25,1869.58,2,1,1,1,0,0.906,11,0,0.0973,132.72,0.0,0.98,0.2284,0.2487,0.1525,0.9768
151689.15,1679.83,2,1,1,1,1,0.929,17,0,0.1173,45.15,0.0,0.81,0.2589,0.1942,0.1445,0.9456
1218542.41,58176.0,2,4,3,2,1,0.599,6,0,0.2576,12.57,0.0,0.73,0.8788,0.8946,0.3248,0.8705
509446.13,5561.97,3,2,1,1,0,0.775,12,0,0.1456,33.58,0.0,0.53,0.5034,0.6536,0.6717,0.708
400003.15,66779.06,3,2,1,1,0,0.747,20,1,0.3476,2.99,0.0,0.88,0.9145,0.403,0.8578,0.9318
2393492.99,251362.21,5,2,1,1,0,0.752,3,1,0.204,2.86,0.0,0.65,0.9754,0.5463,0.8934,0.8765
751319.2,6264.64,1,1,1,1,1,0.945,16,0,0.0696,119.93,0.0,0.8,0.1712,0.2153,0.2027,0.9436
407354.88,38644.25,4,1,1,1,0,0.727,6,1,0.2936,3.95,0.0,0.93,0.9084,0.4439,0.848,0.9428
503703.98,3758.14,3,1,1,1,0,0.699,3,1,0.1513,49.14,0.0,0.5,0.5158,0.4947,0.4501,0.6988
173844.99,623.22,1,1,1,1,1,0.926,10,0,0.0922,278.95,0.0,0.78,0.0967,0.2218,0.067,0.9402
557806.42,1153.63,2,1,1,1,0,0.963,10,0,0.0688,241.76,0.0,0.88,0.0919,0.1325,0.1991,0.9591
607009.84,21506.87,2,2,1,1,0,0.666,8,0,0.1792,15.52,0.0,0.51,0.5229,0.4345,0.6456,0.7026
815638.37,35369.13,4,1,1,1,0,0.771,3,1,0.2632,8.65,0.0,0.64,0.9128,0.4118,0.9655,0.8742
1517525.72,64993.6,6,1,1,1,0,0.721,21,1,0.1019,5.84,0.0,0.89,0.9572,0.4898,0.9142,0.9326
195527.54,1947.84,4,4,1,1,2,0.693,20,0,0.2198,30.11,0.0,0.56,0.8225,0.877,0.2808,0.8268
808438.33,14817.73,2,2,3,1,2,0.494,12,0,0.2214,32.74,0.0,0.85,0.7623,0.9739,0.2406,0.9004
481778.83,4447.42,4,3,3,1,2,0.584,10,0,0.1536,32.5,0.0,0.86,0.7575,0.9019,0.2509,0.904
990328.34,16820.99,4,2,1,1,2,0.442,13,0,0.3878,17.66,0.0,0.69,0.8293,0.9451,0.1438,0.8605
2301499.35,112716.83,6,1,1,1,0,0.757,13,0,0.1632,5.1,0.0,0.84,0.9442,0.5739,0.9293,0.9214
960476.38,37254.6,4,1,1,1,0,0.745,17,0,0.3095,9.67,0.0,0.78,0.899,0.5805,0.8062,0.9073
253893.25,2259.62,3,1,1,1,0,0.517,16,0,0.2493,41.2,0.0,0.72,0.6341,0.6591,0.5451,0.7666
167137.11,10834.35,3,1,1,1,0,0.856,20,0,0.109,7.71,0.0,0.89,0.9269,0.4395,0.982,0.9339
2451789.08,83045.28,5,2,1,1,0,0.89,3,1,0.3154,8.86,0.0,0.65,0.9262,0.3734,0.8658,0.8767
2298201.32,59658.17,6,2,1,1,0,0.849,16,1,0.2757,9.63,0.0,0.63,0.9052,0.5288,0.8427,0.8713
749293.93,9345.6,2,2,2,1,0,0.596,0,0,0.2949,44.1,0.0,0.63,0.5615,0.4624,0.603,0.7401
551300.58,2963.89,2,1,1,1,0,0.934,12,0,0.164,93.0,0.0,0.9,0.1329,0.2017,0.058,0.9611
88675.03,364.86,1,1,1,1,1,0.984,10,0,0.1536,243.04,0.0,0.9,0.2267,0.1065,0.1819,0.9629
70573.26,2456.63,3,5,1,1,1,0.499,10,0,0.2883,11.49,0.0,0.58,0.7988,0.9784,0.2356,0.832
1516231.31,46718.03,6,2,1,1,0,0.706,22,0,0.2252,8.11,0.0,0.94,0.958,0.5779,0.8432,0.9465
219723.85,1221.88,1,1,1,1,0,0.902,16,0,0.1164,179.82,0.0,0.91,0.1707,0.1154,0.1684,0.9633
753511.34,12025.21,3,2,2,1,2,0.385,8,0,0.2722,25.06,0.0,0.53,0.7824,0.9017,0.2164,0.8181
1298434.03,24504.24,3,2,1,1,2,0.403,14,0,0.3583,21.2,0.0,0.82,0.767,0.9814,0.1454,0.8934
1016799.28,12226.28,4,2,1,1,1,0.42,11,0,0.3618,24.95,0.0,0.7,0.8898,0.9128,0.3465,0.8612
773100.66,5132.19,1,1,1,1,0,0.976,10,0,0.1946,150.64,0.0,0.8,0.2177,0.1221,0.1591,0.9435
901123.54,449587.95,3,1,1,1,0,0.877,19,0,0.1958,1.0,0.0,0.82,0.9075,0.5072,0.855,0.9169
737718.1,7625.62,3,1,1,1,0,0.599,16,0,0.1083,35.47,0.0,0.72,0.5879,0.4887,0.4554,0.7671
799760.49,14004.81,2,2,1,2,2,0.595,21,0,0.3567,34.26,0.0,0.56,0.8084,0.9542,0.1236,0.8263
1621545.55,243901.08,5,2,1,1,0,0.836,20,0,0.2355,1.99,0.0,0.7,0.8921,0.4379,0.8408,0.8877
60588.59,1612.54,2,1,1,1,0,0.68,3,0,0.2458,20.67,0.0,0.68,0.4785,0.5839,0.4984,0.7529
1066335.15,123587.42,4,2,1,1,0,0.897,21,0,0.1151,3.24,0.0,0.84,0.9238,0.4374,0.9499,0.9217
717136.3,10194.24,4,5,3,1,1,0.691,13,0,0.1892,21.1,0.0,0.76,0.8984,0.9132,0.159,0.8765
667666.68,2774.89,1,1,1,1,1,0.986,11,0,0.155,240.61,0.0,0.9,0.1313,0.2166,0.2295,0.9624
2364978.11,133861.94,3,2,1,1,0,0.737,23,1,0.1076,8.83,0.0,0.84,0.99,0.5831,0.949,0.9205
1486592.15,273561.91,6,1,1,1,0,0.726,10,1,0.1913,1.36,0.0,0.76,0.9878,0.5482,0.8396,0.9025
871400.43,9424.39,3,1,2,1,0,0.671,10,0,0.1179,33.9,0.0,0.66,0.6041,0.4654,0.5719,0.7474
409961.42,12973.0,6,1,1,1,0,0.766,13,0,0.2145,7.9,0.0,0.9,0.9704,0.356,0.8088,0.9366
298845.8,1983.4,3,1,1,1,0,0.548,2,0,0.15,55.25,0.0,0.6,0.6254,0.6762,0.5436,0.7286
794678.16,20408.36,2,3,2,1,1,0.597,13,0,0.1754,23.36,0.0,0.78,0.7848,0.9763,0.3336,0.8833
940908.87,6547.28,3,2,1,1,0,0.663,3,1,0.2703,52.69,0.0,0.57,0.6397,0.4273,0.4313,0.722
346030.67,2386.87,1,1,1,1,0,0.986,17,0,0.1301,144.97,0.0,0.99,0.1129,0.1378,0.2099,0.9776
2088071.38,213742.9,3,1,1,1,0,0.952,3,1,0.1563,4.88,0.0,0.66,0.99,0.4397,0.9074,0.878
995407.8,195445.41,3,1,1,1,0,0.896,19,0,0.1468,2.55,0.0,0.77,0.9537,0.4922,0.9818,0.9051
1041776.67,27731.85,2,3,3,2,1,0.651,12,0,0.326,22.54,0.0,0.83,0.7568,0.8907,0.2061,0.8965
228603.22,6866.84,6,1,1,1,0,0.895,17,1,0.1389,8.32,0.0,0.83,0.9009,0.3953,0.9109,0.9186
125236.61,321.73,2,1,1,1,0,0.924,17,0,0.1093,194.63,0.0,0.9,0.142,0.2352,0.1939,0.9613
169661.98,47795.93,4,1,1,1,0,0.742,13,1,0.1925,1.33,0.0,0.89,0.99,0.3808,0.9438,0.9347
1503432.42,251381.75,4,1,1,1,0,0.907,0,1,0.3404,2.24,0.0,0.8,0.99,0.4431,0.9078,0.9126
498074.74,15058.1,6,2,1,1,0,0.976,23,1,0.2802,8.27,0.0,0.75,0.99,0.5241,0.9611,0.8994
82735.34,1231.85,1,1,1,1,0,0.926,10,0,0.0993,67.16,0.0,0.96,0.2271,0.2704,0.208,0.9733
686701.71,4007.27,2,1,1,1,0,0.999,11,0,0.1663,85.68,0.0,0.82,0.2497,0.2677,0.0525,0.9479
2059537.63,91667.0,4,2,1,1,0,0.92,19,0,0.1466,8.43,0.0,0.83,0.9217,0.4017,0.8879,0.9195
1389186.58,33735.32,2,2,3,2,2,0.353,21,0,0.2927,24.71,0.0,0.5,0.8795,0.8739,0.1469,0.8111
1475692.77,58952.88,4,5,1,1,2,0.372,11,0,0.2019,7.51,0.0,0.6,0.8235,0.8759,0.1381,0.8373
331660.4,1423.68,1,1,1,1,1,0.961,13,0,0.142,232.96,0.0,0.89,0.2042,0.2042,0.2438,0.9599
2380172.16,248825.26,4,2,1,1,0,0.728,20,0,0.1022,3.59,0.0,0.72,0.9128,0.3961,0.8837,0.893
1164969.68,40043.2,5,2,1,1,0,0.712,10,1,0.2105,8.73,0.0,0.83,0.9342,0.4306,0.8722,0.919
2086290.46,301105.41,3,1,1,1,0,0.95,7,1,0.142,3.46,0.0,0.65,0.9554,0.5097,0.8591,0.8761
546053.07,8420.95,3,1,2,1,0,0.759,21,0,0.1123,23.78,0.0,0.74,0.6983,0.6286,0.6585,0.7723
1385430.23,45307.83,3,2,3,1,2,0.38,11,0,0.2788,12.23,0.0,0.78,0.7632,0.9647,0.1521,0.8819
1324899.81,35660.1,2,3,3,2,1,0.376,16,0,0.3779,22.29,0.0,0.79,0.7679,0.8911,0.163,0.8846
627017.21,142755.27,4,1,1,1,0,0.789,18,0,0.1865,1.65,0.0,0.76,0.9473,0.5756,0.8085,0.9019
73432.26,1391.06,2,4,3,1,1,0.463,6,0,0.3393,31.67,0.0,0.54,0.7893,0.9112,0.1591,0.8208
720268.03,13012.28,2,2,2,2,1,0.458,17,0,0.2022,33.21,0.0,0.7,0.8091,0.912,0.203,0.8616
367189.85,1236.46,2,1,1,1,0,0.906,9,0,0.1457,148.48,0.0,0.88,0.0982,0.209,0.117,0.9578
664108.49,15703.12,2,2,1,1,0,0.646,15,0,0.2359,23.26,0.0,0.7,0.4935,0.5582,0.6754,0.7605
666460.69,9198.81,3,2,2,1,0,0.674,15,0,0.1803,26.57,0.0,0.58,0.6622,0.6124,0.5884,0.725
508234.73,19319.02,4,1,1,1,0,0.774,5,0,0.2914,9.87,0.0,0.91,0.9409,0.4354,0.8736,0.9382
461838.75,101894.53,3,2,1,1,0,0.75,21,0,0.2156,2.27,0.0,0.75,0.9513,0.4387,0.967,0.8992
1497917.38,65098.11,4,1,1,1,0,0.979,9,1,0.2693,8.63,0.0,0.83,0.9177,0.3792,0.9006,0.9193
300920.96,45844.87,3,2,1,1,0,0.705,16,1,0.3132,3.28,0.0,0.87,0.972,0.4785,0.9205,0.9294
2111205.46,92715.63,4,2,1,1,0,0.85,12,0,0.3442,8.54,0.0,0.62,0.9668,0.4282,0.9299,0.8696
121255.04,786.72,1,1,1,1,0,0.906,17,0,0.0915,154.13,0.0,0.9,0.0752,0.2559,0.2058,0.9614
1750348.87,116863.47,4,1,1,1,0,0.776,17,0,0.1613,5.62,0.0,0.86,0.8523,0.417,0.8638,0.9272
951928.55,9579.16,2,2,1,1,0,0.788,4,0,0.2085,54.66,0.0,0.55,0.6244,0.5332,0.6541,0.7145
550790.1,1734.23,2,1,1,1,1,0.984,9,0,0.198,158.8,0.0,0.78,0.1529,0.161,0.084,0.9407
2299841.72,152923.02,5,2,1,1,0,0.945,3,1,0.1203,4.51,0.0,0.91,0.8967,0.4887,0.9626,0.938
1040976.66,260189.27,5,1,1,1,0,0.786,9,1,0.142,1.2,0.0,0.72,0.989,0.5886,0.8631,0.893
160725.89,660.41,1,1,1,1,0,0.919,16,0,0.0904,243.37,0.0,0.79,0.076,0.2644,0.0846,0.9413
886918.34,23508.71,2,2,1,1,1,0.54,6,0,0.2498,22.64,0.0,0.82,0.9143,0.9427,0.2999,0.894
946614.13,20233.12,3,2,3,2,2,0.47,20,0,0.3956,18.71,0.0,0.64,0.8133,0.9393,0.1831,0.8459
130751.74,495.8,1,1,1,1,1,0.956,10,0,0.0688,263.72,0.0,0.75,0.1921,0.1883,0.0537,0.9347
2225796.94,433452.53,4,2,1,1,0,0.949,12,1,0.3313,1.93,0.0,0.69,0.99,0.5801,0.9833,0.8848
846845.36,11949.05,3,2,2,1,0,0.684,11,0,0.1319,25.99,0.0,0.46,0.6567,0.6132,0.5593,0.6869
1710152.28,554524.72,4,2,1,1,0,0.812,18,0,0.2147,1.16,0.0,0.94,0.8759,0.3663,0.9761,0.9464
487915.5,5887.03,2,1,2,1,0,0.79,1,0,0.1959,45.58,0.0,0.74,0.674,0.6677,0.6663,0.7731
680793.26,12249.73,2,2,2,1,2,0.538,14,0,0.2639,33.35,0.0,0.65,0.857,0.9476,0.1685,0.8478
239050.3,1748.34,1,1,1,1,1,0.973,17,0,0.0784,136.73,0.0,0.89,0.2137,0.1934,0.096,0.9593
1564807.61,55506.24,6,2,1,1,0,0.889,21,0,0.2253,7.05,0.0,0.68,0.9267,0.4608,0.9059,0.8841
91476.91,4169.47,6,1,1,1,0,0.7,15,1,0.3059,5.48,0.0,0.67,0.9527,0.4712,0.9514,0.8818
2332164.94,154194.07,4,1,1,1,0,0.775,3,1,0.2087,5.67,0.0,0.75,0.9888,0.3937,0.8576,0.8991
929819.36,72250.58,6,1,1,1,0,0.923,21,1,0.1789,3.22,0.0,0.68,0.9672,0.3668,0.9515,0.8821
290423.16,936.51,2,1,1,1,1,0.965,13,0,0.1525,155.06,0.0,0.88,0.2269,0.1369,0.1651,0.9577
1741016.4,210950.43,4,2,1,1,0,0.889,6,0,0.2908,3.09,0.0,0.61,0.9184,0.4126,0.8494,0.8659
223360.32,7667.99,2,1,2,1,0,0.74,23,0,0.1688,16.02,0.0,0.51,0.4684,0.6636,0.5583,0.7038
2178265.31,57203.86,6,1,1,1,0,0.779,13,0,0.1232,9.52,0.0,0.88,0.8598,0.3672,0.8914,0.9304
68939.15,5680.73,4,2,1,1,0,0.745,3,1,0.2629,4.55,0.0,0.61,0.928,0.4863,0.8471,0.8665
194200.68,3567.73,3,4,2,1,1,0.487,20,0,0.2115,21.77,0.0,0.77,0.805,0.9262,0.275,0.8797
875013.88,12199.23,4,3,1,1,2,0.438,19,0,0.1819,21.52,0.0,0.67,0.7716,0.9253,0.2491,0.855
225544.0,9179.46,4,2,1,1,0,0.935,18,0,0.1603,9.21,0.0,0.68,0.9738,0.5896,0.9532,0.8827
921426.28,14541.27,2,2,1,1,0,0.605,3,0,0.1868,34.85,0.0,0.67,0.5555,0.6443,0.5131,0.7508
2038318.79,113352.31,6,2,1,1,0,0.85,23,1,0.1259,4.5,0.0,0.73,0.99,0.4579,0.8865,0.8963
914196.0,17269.51,2,2,1,2,2,0.471,17,0,0.2897,31.76,0.0,0.72,0.7849,0.9504,0.2905,0.8666
893044.42,47864.89,5,2,1,1,0,0.913,11,0,0.179,5.6,0.0,0.91,0.9229,0.4958,0.9113,0.9386
317167.6,6798.67,2,4,2,1,2,0.368,11,0,0.2491,27.99,0.0,0.56,0.8966,0.8857,0.3318,0.826
1120616.48,25009.71,4,3,1,1,1,0.619,8,0,0.1929,13.44,0.0,0.89,0.8297,0.9728,0.3152,0.9124
1067364.37,9930.27,4,3,3,2,1,0.413,7,0,0.3433,32.25,0.0,0.54,0.8998,0.8995,0.2705,0.8204
565297.14,19081.47,2,4,3,1,2,0.589,6,0,0.3518,17.78,0.0,0.65,0.8302,0.973,0.2154,0.8499
54787.51,5252.48,2,4,2,1,1,0.373,7,0,0.2614,6.26,0.0,0.64,0.8343,0.9731,0.2984,0.8469
2231257.53,218642.94,6,2,1,1,0,0.739,2,1,0.1377,2.55,0.0,0.6,0.9043,0.4409,0.8986,0.8651
2014811.81,399333.5,6,2,1,1,0,0.836,0,1,0.3333,1.26,0.0,0.68,0.9699,0.357,0.9884,0.8829
88754.15,4314.4,3,2,1,1,1,0.514,13,0,0.2685,8.23,0.0,0.87,0.786,0.9321,0.1489,0.9065
865607.95,27581.68,3,4,2,2,2,0.49,18,0,0.1842,12.55,0.0,0.87,0.9125,0.9714,0.3141,0.9073
2483879.27,463817.24,3,2,1,1,0,0.927,2,1,0.132,2.68,0.0,0.77,0.9626,0.4615,0.8418,0.9039
716690.69,23337.67,3,5,2,1,1,0.663,10,0,0.2297,12.28,0.0,0.57,0.8194,0.8745,0.2214,0.8283
597121.87,22072.7,6,1,1,1,0,0.758,0,1,0.1667,6.76,0.0,0.94,0.99,0.3572,0.931,0.9467
117338.73,7617.18,6,2,1,1,0,0.929,1,1,0.13,3.85,0.0,0.92,0.9006,0.5221,0.8685,0.9415
196111.99,36355.43,4,2,1,1,0,0.867,9,1,0.1527,2.02,0.0,0.78,0.9785,0.4119,0.9321,0.9063
866969.7,67786.93,5,2,1,1,0,0.826,1,1,0.2188,3.84,0.0,0.86,0.9391,0.5673,0.8958,0.9271
2495697.59,80572.77,6,1,1,1,0,0.925,22,0,0.1678,7.74,0.0,0.87,0.9231,0.4899,0.8583,0.9285
1327268.51,454500.8,4,2,1,1,0,0.725,17,0,0.2379,1.1,0.0,0.94,0.8595,0.421,0.8413,0.9462
977830.58,60445.67,4,1,1,1,0,0.757,21,0,0.1024,6.07,0.0,0.61,0.903,0.407,0.8267,0.8654
1492765.19,45299.54,4,2,1,1,2,0.452,6,0,0.1645,9.89,0.0,0.71,0.8417,0.9719,0.1425,0.8648
1046018.87,77468.05,3,1,1,1,0,0.978,6,0,0.3424,6.75,0.0,0.67,0.9676,0.3535,0.9227,0.8805
799504.57,7356.61,4,4,2,1,2,0.693,11,0,0.2597,32.6,0.0,0.51,0.919,0.9307,0.2289,0.8118
181184.56,5548.35,2,1,2,1,0,0.833,10,0,0.1066,17.96,0.0,0.61,0.4992,0.6122,0.5995,0.732
789498.71,7603.45,2,2,1,1,0,0.545,4,1,0.2148,57.11,0.0,0.59,0.6092,0.4834,0.4711,0.7259
369926.34,6209.66,4,5,3,2,1,0.671,7,0,0.2438,17.87,0.0,0.69,0.8192,0.9446,0.2019,0.8605
938062.58,16180.11,2,1,1,1,0,0.689,13,0,0.2392,31.89,0.0,0.76,0.6291,0.6794,0.5176,0.7769
561131.51,2299.84,1,1,1,1,0,0.979,12,0,0.0828,243.99,0.0,0.89,0.1323,0.2779,0.1458,0.9598
985551.18,201685.0,3,2,1,1,0,0.869,1,1,0.1838,2.44,0.0,0.72,0.9605,0.398,0.9214,0.8922
758008.12,158611.77,6,1,1,1,0,0.807,10,0,0.2957,1.19,0.0,0.86,0.8566,0.5731,0.8686,0.9267
975325.03,36783.04,2,3,3,1,2,0.574,10,0,0.2966,15.91,0.0,0.78,0.8393,0.9685,0.1276,0.8827
1200638.47,74225.48,6,2,1,1,0,0.81,22,0,0.1355,4.04,0.0,0.95,0.8529,0.3918,0.99,0.947
689734.0,13677.96,3,2,2,2,2,0.483,11,0,0.283,20.17,0.0,0.59,0.8563,0.9267,0.2426,0.8323
1018767.35,36429.09,4,5,3,2,1,0.652,11,0,0.2036,8.39,0.0,0.81,0.7751,0.9216,0.3018,0.8914
2100941.86,76064.21,6,2,1,1,0,0.819,17,1,0.1501,6.91,0.0,0.91,0.9319,0.3534,0.9734,0.9387
665891.45,7750.31,2,2,2,1,0,0.631,20,0,0.2652,47.25,0.0,0.52,0.6521,0.6577,0.5397,0.705
2015442.23,186937.61,3,1,1,1,0,0.874,0,1,0.2986,5.39,0.0,0.83,0.9202,0.4592,0.9754,0.9188
1353597.4,65657.36,4,1,1,1,0,0.714,14,0,0.273,7.73,0.0,0.86,0.8697,0.4501,0.8821,0.9272
839175.86,37930.11,5,2,1,1,0,0.899,19,0,0.1409,6.64,0.0,0.63,0.9363,0.578,0.9083,0.8704
2206729.41,146677.5,3,1,1,1,0,0.81,15,1,0.1087,7.52,0.0,0.85,0.893,0.5656,0.8568,0.9229
905797.29,17109.73,4,3,3,1,1,0.503,7,0,0.2004,15.88,0.0,0.9,0.8338,0.9345,0.1583,0.9134
254326.37,5835.13,3,2,1,1,0,0.692,7,1,0.1738,15.98,0.0,0.52,0.657,0.5788,0.6715,0.7053
1117706.05,11588.14,4,2,2,2,2,0.578,15,0,0.2771,28.94,0.0,0.53,0.8751,0.931,0.3393,0.8186
1534781.96,171026.37,3,1,1,1,0,0.902,1,1,0.1453,4.49,0.0,0.72,0.96,0.5798,0.9219,0.8918
292564.9,1039.33,2,1,1,1,0,0.946,13,0,0.1139,140.75,0.0,0.97,0.0993,0.0946,0.1679,0.974
383796.86,2845.05,3,1,1,1,0,0.668,8,1,0.121,49.46,0.0,0.54,0.6099,0.4097,0.6134,0.7128
450635.26,6950.38,4,3,3,1,1,0.696,8,0,0.1653,19.45,0.0,0.86,0.8843,0.8898,0.2102,0.904
2461819.28,516518.62,4,2,1,1,0,0.921,19,0,0.1659,1.79,0.0,0.92,0.887,0.5135,0.9209,0.9398
638288.63,16425.45,2,5,3,1,1,0.585,14,0,0.3264,23.32,0.0,0.8,0.7912,0.8819,0.2107,0.8884
751648.77,2959.63,2,1,1,1,1,0.947,9,0,0.1845,126.98,0.0,0.98,0.2406,0.1854,0.0939,0.9757
178833.25,486.06,2,1,1,1,1,0.951,17,0,0.1932,183.96,0.0,0.92,0.2042,0.0945,0.2291,0.9659
998083.05,67283.78,2,4,1,2,2,0.525,7,0,0.3856,8.9,0.0,0.66,0.7851,0.9316,0.1455,0.8514
559325.74,83150.99,6,2,1,1,0,0.709,1,1,0.2771,1.68,0.0,0.83,0.9049,0.4228,0.822,0.9195
600053.89,1952.68,2,1,1,1,0,0.997,10,0,0.0815,153.65,0.0,0.94,0.194,0.2162,0.1605,0.9683
1110153.82,19698.39,3,2,2,2,1,0.538,16,0,0.3257,22.54,0.0,0.9,0.824,0.9157,0.3138,0.914
587549.95,3749.61,1,1,1,1,0,0.961,11,0,0.1826,156.7,0.0,0.73,0.14,0.1729,0.2455,0.9319
331724.67,1586.21,2,1,1,1,1,0.91,9,0,0.1629,104.57,0.0,0.84,0.1401,0.2595,0.1077,0.9509
2351033.71,109816.88,5,2,1,1,0,0.755,11,0,0.1093,6.42,0.0,0.87,0.9588,0.3998,0.8342,0.9286
2427440.37,189448.08,6,2,1,1,0,0.835,0,1,0.2225,3.2,0.0,0.73,0.9803,0.5544,0.9225,0.8958
1566359.77,49878.53,5,2,1,1,0,0.892,21,1,0.2317,9.42,0.0,0.73,0.99,0.4255,0.8772,0.8955
33271.76,790.83,3,1,1,1,0,0.766,6,0,0.286,15.43,0.0,0.45,0.508,0.653,0.4696,0.6841
429065.77,1892.17,2,1,1,1,1,0.952,16,0,0.0683,113.38,0.0,0.86,0.0525,0.1802,0.1895,0.9556
2349841.5,202607.27,6,1,1,1,0,0.73,5,0,0.2473,2.9,0.0,0.79,0.8602,0.5858,0.8169,0.9102
30300.44,671.49,3,1,2,1,0,0.56,9,0,0.1803,16.55,0.0,0.43,0.6419,0.42,0.6782,0.6785
1224346.93,99200.02,3,2,1,1,0,0.761,9,1,0.3307,6.17,0.0,0.73,0.9558,0.4408,0.8437,0.8956
278324.96,2192.57,1,1,1,1,1,0.971,12,0,0.1557,126.94,0.0,0.9,0.1785,0.1092,0.2174,0.9627
351666.16,10962.35,2,5,3,1,2,0.484,19,0,0.1883,19.25,0.0,0.89,0.8613,0.919,0.3243,0.9125
285486.6,817.21,2,1,1,1,1,0.97,14,0,0.0772,174.67,0.0,0.89,0.1793,0.1902,0.1001,0.9601
286889.81,19225.37,3,2,1,1,0,0.974,8,0,0.1582,7.46,0.0,0.8,0.9725,0.4781,0.8492,0.9112
1105946.28,13415.12,4,5,1,1,1,0.467,15,0,0.214,24.73,0.0,0.85,0.8432,0.8971,0.3351,0.9014
184353.32,703.57,2,1,1,1,0,0.97,9,0,0.0683,131.01,0.0,0.85,0.108,0.1937,0.1403,0.9527
190160.13,5159.33,4,3,3,2,2,0.606,18,0,0.3021,11.06,0.0,0.79,0.8134,0.9484,0.284,0.8844
92927.43,2108.71,2,1,2,1,0,0.728,21,0,0.2628,24.24,0.0,0.73,0.5967,0.613,0.4709,0.7675
2163860.08,106670.44,6,2,1,1,0,0.893,2,1,0.3254,5.07,0.0,0.77,0.99,0.573,0.928,0.9056
343396.08,4160.66,3,1,1,1,0,0.514,10,0,0.13,30.26,0.0,0.58,0.4942,0.5854,0.4642,0.7233
253715.61,6912.66,2,1,2,1,0,0.848,18,1,0.1785,20.19,0.0,0.58,0.6493,0.4262,0.471,0.7227
520739.82,5269.68,2,2,1,1,0,0.614,13,0,0.207,54.35,0.0,0.58,0.6769,0.447,0.4227,0.7251
597260.02,36523.59,3,1,1,1,0,0.788,19,1,0.1511,8.18,0.0,0.84,0.9354,0.478,0.9588,0.9218
1275648.04,88984.4,4,1,1,1,0,0.778,23,1,0.1311,5.38,0.0,0.79,0.9396,0.3845,0.9669,0.9085
1583204.71,143280.31,6,2,1,1,0,0.716,15,0,0.1511,2.76,0.0,0.69,0.9713,0.5389,0.9342,0.8847
2098959.19,507130.7,5,1,1,1,0,0.861,3,1,0.3225,1.24,0.0,0.92,0.921,0.456,0.8325,0.942
179934.99,3907.65,3,1,1,1,0,0.517,11,0,0.1287,16.88,0.0,0.45,0.5141,0.6726,0.5264,0.6862
1063829.82,22894.24,4,2,3,2,2,0.441,11,0,0.1841,13.94,0.0,0.51,0.9091,0.9797,0.1316,0.8125
391776.16,30323.69,5,1,1,1,0,0.965,21,0,0.1202,3.88,0.0,0.94,0.9694,0.5292,0.9024,0.9464
592649.83,34833.92,6,1,1,1,0,0.774,1,1,0.2797,4.25,0.0,0.91,0.8907,0.5834,0.887,0.9382
685943.41,2837.63,2,1,1,1,1,0.918,9,0,0.1486,120.87,0.0,0.96,0.2374,0.2087,0.1551,0.973
2451001.02,123510.2,4,1,1,1,0,0.849,2,1,0.228,7.44,0.0,0.89,0.99,0.3767,0.9373,0.9331
1338210.92,12450.66,4,2,3,1,2,0.515,19,0,0.2826,32.24,0.0,0.59,0.7831,0.8705,0.303,0.8323
2149573.65,160570.99,5,2,1,1,0,0.782,21,0,0.2362,4.02,0.0,0.95,0.953,0.5983,0.9646,0.9469
1052154.38,18649.89,3,3,1,1,2,0.581,12,0,0.3364,22.57,0.0,0.6,0.8989,0.9198,0.1683,0.8364
435284.24,3216.14,3,2,2,1,0,0.84,17,0,0.1781,49.63,0.0,0.44,0.6739,0.4099,0.6617,0.6832
1616379.97,66801.04,5,1,1,1,0,0.859,3,1,0.2993,7.26,0.0,0.72,0.99,0.3628,0.9533,0.8927
477660.96,29181.87,5,2,1,1,0,0.93,0,1,0.3414,4.91,0.0,0.75,0.9627,0.5072,0.9889,0.9006
1547560.96,136158.44,5,1,1,1,0,0.724,15,1,0.319,3.41,0.0,0.66,0.9244,0.3691,0.9323,0.8788
1413904.39,230911.08,4,1,1,1,0,0.977,15,0,0.1359,2.3,0.0,0.77,0.9422,0.5031,0.99,0.9045
696488.01,2535.63,2,1,1,1,1,0.97,17,0,0.1241,137.34,0.0,0.82,0.1491,0.2505,0.1791,0.9471
1378316.28,273939.96,3,1,1,1,0,0.792,7,1,0.2946,2.52,0.0,0.85,0.9811,0.4901,0.8104,0.9248
378868.52,749.59,2,1,1,1,1,0.993,9,0,0.0946,252.72,0.0,0.77,0.2243,0.2159,0.0972,0.9386
1291443.82,54011.28,6,1,1,1,0,0.807,12,0,0.1398,5.98,0.0,0.83,0.8878,0.5935,0.9068,0.9188
1730247.16,76695.07,5,2,1,1,0,0.818,2,1,0.1481,6.77,0.0,0.91,0.99,0.4697,0.8477,0.9391
560741.67,1641.07,2,1,1,1,1,0.998,11,0,0.0779,170.85,0.0,0.98,0.1982,0.1104,0.1287,0.976
1110045.26,149699.07,4,2,1,1,0,0.881,22,0,0.197,2.78,0.0,0.75,0.9585,0.4691,0.99,0.8994
983131.89,40115.18,2,5,1,2,2,0.638,17,0,0.2205,14.7,0.0,0.73,0.8266,0.9333,0.1562,0.8698
912281.88,6607.17,3,2,1,1,0,0.74,20,0,0.2819,50.63,0.0,0.67,0.6114,0.5566,0.4328,0.7505
639099.37,4219.35,3,1,1,1,0,0.689,10,0,0.2529,55.54,0.0,0.71,0.6425,0.4634,0.6931,0.7634
103328.0,2115.92,2,1,2,1,0,0.64,8,1,0.1203,26.86,0.0,0.6,0.557,0.4913,0.6007,0.7297
1805822.92,70790.97,4,1,1,1,0,0.941,5,0,0.1449,9.57,0.0,0.75,0.8945,0.5883,0.8712,0.9003
1408667.06,16586.73,3,5,1,2,1,0.639,14,0,0.2888,33.97,0.0,0.54,0.9085,0.9188,0.2889,0.8213
916433.18,21758.63,2,2,2,2,2,0.487,6,0,0.3632,25.27,0.0,0.63,0.8517,0.9107,0.2125,0.843
295565.35,529.47,2,1,1,1,0,0.932,16,0,0.053,279.12,0.0,0.92,0.1422,0.2374,0.2347,0.9648
300984.92,7155.3,3,5,1,1,2,0.657,15,0,0.2454,16.83,0.0,0.79,0.9077,0.9418,0.3017,0.8864
569299.77,19070.48,5,2,1,1,0,0.878,7,1,0.2788,8.96,0.0,0.84,0.9662,0.5082,0.9666,0.9225
801465.59,27937.61,2,2,2,1,0,0.569,4,0,0.1462,15.78,0.0,0.76,0.4743,0.471,0.6056,0.7784
257526.41,666.17,2,1,1,1,1,0.9,17,0,0.1452,193.29,0.0,0.88,0.1116,0.1099,0.1237,0.9579
952309.39,25264.77,3,5,2,2,1,0.463,15,0,0.3323,15.08,0.0,0.6,0.8511,0.9749,0.3295,0.8352
780063.32,8991.7,3,2,1,1,0,0.656,13,0,0.1046,31.81,0.0,0.52,0.5895,0.6593,0.4486,0.7053
470710.68,11659.97,3,2,2,1,1,0.567,13,0,0.3367,16.15,0.0,0.64,0.8388,0.9068,0.1237,0.8459
207546.98,3280.82,3,5,1,1,1,0.502,19,0,0.3958,25.3,0.0,0.52,0.8492,0.9054,0.314,0.816
688194.57,40694.5,6,2,1,1,0,0.705,1,1,0.318,4.23,0.0,0.74,0.9133,0.3509,0.8561,0.8971
2365537.95,659092.21,3,2,1,1,0,0.707,10,0,0.2323,1.79,0.0,0.93,0.8595,0.5,0.8895,0.9437
1312909.95,23820.27,3,4,3,1,2,0.356,20,0,0.1842,22.05,0.0,0.84,0.8308,0.8811,0.1483,0.8979
303089.06,6518.93,3,2,2,1,0,0.704,19,0,0.1676,17.05,0.0,0.52,0.667,0.5482,0.5221,0.7063
1496749.03,191832.08,3,1,1,1,0,0.782,17,1,0.241,3.9,0.0,0.74,0.99,0.5028,0.9239,0.8978
1691375.49,115438.07,4,2,1,1,0,0.9,3,1,0.1674,5.49,0.0,0.81,0.9477,0.4992,0.8794,0.9143
646684.2,1758.49,2,1,1,1,0,0.966,14,0,0.1556,183.87,0.0,0.9,0.1325,0.159,0.101,0.9629
1746814.58,202690.07,6,1,1,1,0,0.931,5,0,0.1865,2.15,0.0,0.89,0.8999,0.5025,0.9154,0.9329
133370.32,655.13,1,1,1,1,1,0.927,11,0,0.0725,203.58,0.0,0.93,0.1735,0.1562,0.1166,0.9683
878519.65,14242.0,3,1,2,1,0,0.583,6,0,0.157,22.62,0.0,0.55,0.6539,0.4502,0.443,0.7154
1089723.08,43760.09,4,2,1,1,0,0.921,10,0,0.1003,9.34,0.0,0.73,0.9459,0.3875,0.9158,0.8959
232829.1,23367.33,6,1,1,1,0,0.787,16,1,0.2626,2.49,0.0,0.84,0.9133,0.4732,0.8624,0.9205
1206219.2,39358.36,2,2,3,2,1,0.473,17,0,0.1674,18.39,0.0,0.72,0.8479,0.8879,0.2283,0.8675
943742.32,14196.84,4,5,2,1,2,0.393,13,0,0.3468,19.94,0.0,0.83,0.8427,0.9321,0.2653,0.8969
1028293.71,9430.06,4,3,3,2,1,0.572,8,0,0.1902,32.71,0.0,0.66,0.8625,0.9424,0.208,0.8526
1225278.74,26781.5,3,3,1,2,2,0.695,9,0,0.2792,18.3,0.0,0.9,0.7593,0.9238,0.141,0.9132
988443.96,68197.07,3,1,1,1,0,0.965,18,0,0.2007,7.25,0.0,0.6,0.9165,0.3983,0.9776,0.8642
53511.83,1759.05,5,2,1,1,0,0.907,10,0,0.3491,9.13,0.0,0.7,0.8922,0.3957,0.9823,0.8891
93457.85,402.64,2,1,1,1,0,0.985,17,0,0.1286,116.06,0.0,0.78,0.2241,0.0813,0.0946,0.9405
167647.99,6252.86,3,2,3,2,1,0.478,16,0,0.388,10.72,0.0,0.89,0.8611,0.9279,0.2598,0.9122
2469268.71,182306.47,3,2,1,1,0,0.716,22,1,0.271,6.77,0.0,0.94,0.918,0.4879,0.9023,0.9449
225148.62,2251.89,2,2,1,1,0,0.645,11,0,0.2145,54.99,0.0,0.53,0.4955,0.4907,0.4338,0.7103
593713.48,12314.03,2,1,2,1,0,0.622,13,0,0.1984,26.52,0.0,0.69,0.5917,0.476,0.4608,0.758
746540.44,6653.79,4,5,2,1,1,0.377,12,0,0.365,33.66,0.0,0.79,0.9035,0.8817,0.2296,0.8844
904384.63,10809.47,3,5,1,1,2,0.662,18,0,0.1552,33.47,0.0,0.66,0.91,0.9733,0.2376,0.8511
33751.91,964.15,2,4,3,1,2,0.642,8,0,0.3108,21.0,0.0,0.59,0.7768,0.9416,0.3272,0.8339
285351.85,746.85,2,1,1,1,1,1.0,15,0,0.1427,191.04,0.0,0.8,0.0561,0.159,0.2361,0.9444
148834.66,7047.65,3,2,3,1,1,0.644,16,0,0.2862,8.45,0.0,0.7,0.872,0.9011,0.2999,0.8611
1967420.93,313789.3,4,2,1,1,0,0.835,21,0,0.1726,2.35,0.0,0.67,0.9118,0.4786,0.8654,0.8813
1091424.94,12752.29,3,3,2,1,1,0.465,17,0,0.3122,34.23,0.0,0.63,0.9076,0.9192,0.1812,0.8437
1045810.76,20762.77,4,3,3,1,2,0.617,20,0,0.1958,15.11,0.0,0.82,0.831,0.9639,0.2363,0.8935
1757015.45,133195.05,6,1,1,1,0,0.829,16,1,0.2251,3.3,0.0,0.79,0.99,0.4844,0.9179,0.9098
796234.74,23807.63,2,1,1,1,0,0.653,9,0,0.2589,18.39,0.0,0.47,0.652,0.5714,0.4741,0.692
1030810.12,23712.87,4,3,3,1,1,0.527,21,0,0.3372,13.04,0.0,0.76,0.8247,0.906,0.2935,0.8788
1980040.13,94741.72,4,2,1,1,0,0.803,3,1,0.1228,7.84,0.0,0.94,0.99,0.3826,0.8477,0.9455
1446432.83,50267.95,2,4,1,1,2,0.524,17,0,0.2228,17.26,0.0,0.74,0.7777,0.9313,0.3172,0.8726
1033157.51,32589.73,2,3,2,1,1,0.4,12,0,0.1692,19.02,0.0,0.62,0.8361,0.936,0.1353,0.8423
396211.85,1455.03,1,1,1,1,1,0.934,11,0,0.1585,272.3,0.0,0.72,0.1932,0.2173,0.2312,0.9298
1483033.18,159119.58,3,2,1,1,0,0.717,2,1,0.1516,4.66,0.0,0.78,0.9165,0.3802,0.8869,0.9083
1489018.85,46766.4,6,1,1,1,0,0.854,14,0,0.2433,7.96,0.0,0.89,0.9439,0.3828,0.9307,0.9344
39412.65,89.95,2,1,1,1,0,0.985,13,0,0.0606,219.09,0.0,0.81,0.067,0.2338,0.0783,0.9463
544315.33,5407.02,2,1,2,1,0,0.745,16,1,0.1843,55.37,0.0,0.76,0.4795,0.5984,0.5175,0.7771
997328.16,145936.78,3,2,1,1,0,0.81,16,0,0.2793,3.42,0.0,0.62,0.9225,0.3675,0.8757,0.8678
1215566.56,23034.02,3,5,1,2,1,0.43,20,0,0.3846,21.11,0.0,0.9,0.8797,0.9346,0.294,0.9127
744827.42,36984.13,5,2,1,1,0,0.972,9,0,0.2307,6.04,0.0,0.6,0.9579,0.526,0.9425,0.8646
937036.83,40747.71,4,1,1,1,0,0.78,7,0,0.1708,8.62,0.0,0.94,0.8842,0.4674,0.9492,0.9462
2060685.61,107608.81,3,2,1,1,0,0.953,10,0,0.3218,9.57,0.0,0.87,0.8756,0.5051,0.9651,0.9283
484257.72,7804.18,2,2,2,1,0,0.558,2,0,0.1337,34.13,0.0,0.54,0.4911,0.4796,0.628,0.711
578185.91,26344.78,2,4,2,1,2,0.53,12,0,0.3932,13.17,0.0,0.68,0.9112,0.8775,0.2965,0.8561
1234594.58,59603.42,3,2,3,1,2,0.379,10,0,0.3286,8.29,0.0,0.71,0.7964,0.9711,0.2305,0.8645
141859.14,3602.24,2,4,3,1,1,0.582,12,0,0.2274,23.63,0.0,0.78,0.7881,0.9408,0.2556,0.8829
88958.39,703.7,3,2,1,1,0,0.558,8,0,0.2807,46.35,0.0,0.44,0.614,0.6215,0.5194,0.6819
855208.76,6089.82,3,2,2,1,0,0.561,12,1,0.2934,51.49,0.0,0.43,0.5678,0.5535,0.446,0.6785
826851.92,21488.5,6,2,1,1,0,0.897,14,0,0.2345,9.62,0.0,0.81,0.8952,0.3515,0.836,0.9136
423373.86,801.2,2,1,1,1,1,0.982,11,0,0.0645,264.21,0.0,0.99,0.1575,0.2059,0.1842,0.9788
1881444.38,74208.58,5,2,1,1,0,0.884,12,0,0.1054,7.61,0.0,0.88,0.8912,0.5634,0.9664,0.9303
266651.15,552.74,2,1,1,1,1,0.934,9,0,0.1749,241.21,0.0,0.73,0.0796,0.2755,0.1676,0.9317
796655.19,8523.1,4,3,3,1,1,0.382,19,0,0.2815,28.04,0.0,0.55,0.8474,0.8719,0.1669,0.8243
1307569.28,80391.1,4,1,1,1,0,0.961,7,0,0.1088,6.1,0.0,0.81,0.9068,0.356,0.9872,0.9136
1465785.61,76181.76,3,2,1,1,0,0.771,12,0,0.2386,9.62,0.0,0.82,0.8918,0.4926,0.8402,0.9157
966227.14,64608.24,6,1,1,1,0,0.828,8,1,0.2548,3.74,0.0,0.86,0.978,0.5169,0.8329,0.9254
1237022.59,86309.9,2,5,3,2,1,0.455,7,0,0.3503,8.6,0.0,0.69,0.8597,0.925,0.2652,0.8594
144725.3,10809.44,3,1,1,1,0,0.771,6,1,0.2816,6.69,0.0,0.92,0.985,0.5572,0.9268,0.9407
654775.43,7895.81,4,5,1,2,2,0.452,20,0,0.1504,24.88,0.0,0.55,0.8776,0.889,0.3487,0.8225
1982490.7,255645.88,5,1,1,1,0,0.793,19,1,0.2925,2.33,0.0,0.68,0.9701,0.4109,0.968,0.8827
576366.78,11247.38,2,1,1,1,0,0.791,5,1,0.2193,28.18,0.0,0.65,0.6623,0.5876,0.6252,0.7464
959603.96,37581.87,4,1,1,1,0,0.828,14,0,0.2787,9.58,0.0,0.73,0.8796,0.3755,0.9539,0.8948
220638.26,16449.99,3,1,1,1,0,0.97,23,1,0.2669,6.71,0.0,0.94,0.99,0.4177,0.9027,0.9456
60283.04,4908.51,4,2,1,1,0,0.902,18,0,0.2747,4.61,0.0,0.73,0.9123,0.3993,0.9456,0.8953
53079.15,4550.16,6,2,1,1,0,0.755,17,0,0.1493,2.92,0.0,0.67,0.9432,0.4381,0.8777,0.8798
1042242.75,109902.33,4,2,1,1,0,0.727,17,0,0.281,3.56,0.0,0.75,0.8996,0.3746,0.8891,0.8992
715450.52,29972.71,3,3,3,1,2,0.356,12,0,0.3237,9.55,0.0,0.65,0.7725,0.9721,0.2612,0.8497
125281.59,22770.15,3,2,1,1,0,0.867,13,0,0.1193,2.75,0.0,0.93,0.9284,0.5758,0.8976,0.9438
684387.04,3056.87,1,1,1,1,0,0.902,15,0,0.0677,223.88,0.0,0.92,0.167,0.1852,0.1006,0.9652
556042.53,30043.92,5,2,1,1,0,0.771,6,1,0.305,5.55,0.0,0.94,0.9135,0.4986,0.8725,0.9451
1435801.96,154792.65,5,1,1,1,0,0.971,10,1,0.2901,2.78,0.0,0.74,0.9877,0.4467,0.9828,0.8967
766251.19,93913.53,3,1,1,1,0,0.819,15,0,0.3107,4.08,0.0,0.81,0.8984,0.3701,0.8915,0.9133
2404113.9,401423.91,3,1,1,1,0,0.822,11,0,0.1649,2.99,0.0,0.77,0.9099,0.4584,0.9143,0.9049
319403.02,2276.71,3,2,2,1,0,0.809,4,0,0.153,51.44,0.0,0.41,0.6538,0.4359,0.5231,0.6744
662908.0,30811.86,3,3,1,2,1,0.409,21,0,0.2381,8.61,0.0,0.86,0.8172,0.9533,0.3361,0.9025
336656.24,1562.59,1,1,1,1,0,0.958,15,0,0.1847,215.45,0.0,0.82,0.1309,0.0807,0.1727,0.9477
1285163.8,33810.74,6,1,1,1,0,0.775,7,0,0.2227,9.5,0.0,0.67,0.8953,0.5295,0.837,0.88
1885854.23,279688.26,3,2,1,1,0,0.705,13,1,0.2734,3.37,0.0,0.88,0.9234,0.4611,0.912,0.9306
1053555.51,31131.18,2,3,2,1,2,0.539,9,0,0.1888,20.31,0.0,0.61,0.8168,0.8964,0.1724,0.8379
514203.47,1169.51,2,1,1,1,0,0.992,9,0,0.1692,219.84,0.0,0.99,0.2027,0.2786,0.1802,0.9782
549357.76,32682.57,3,2,1,1,0,0.891,13,0,0.1855,8.4,0.0,0.64,0.8619,0.4339,0.8539,0.8739
179741.71,16313.55,3,1,1,1,0,0.912,2,1,0.219,5.51,0.0,0.87,0.9206,0.5384,0.9771,0.9295
790163.39,11782.48,2,1,2,1,0,0.653,7,0,0.2961,36.88,0.0,0.68,0.6383,0.4184,0.6338,0.7545
540700.45,6852.13,1,1,1,1,0,0.911,16,0,0.1024,78.91,0.0,0.75,0.0983,0.0953,0.234,0.9348
610194.41,22610.7,2,5,2,2,2,0.453,8,0,0.3327,16.19,0.0,0.63,0.8358,0.8776,0.2826,0.843
1904730.99,57354.28,5,1,1,1,0,0.942,10,0,0.3016,9.96,0.0,0.86,0.9471,0.5893,0.9127,0.927
660863.12,4155.59,2,1,1,1,1,0.932,12,0,0.1177,79.51,0.0,0.83,0.0652,0.0813,0.1558,0.9486
1199154.22,14463.12,3,2,1,1,2,0.486,17,0,0.2755,33.16,0.0,0.64,0.7737,0.8775,0.2836,0.8474
2405180.04,73108.19,5,1,1,1,0,0.758,23,1,0.2188,9.87,0.0,0.74,0.9345,0.3555,0.8612,0.8966
699681.54,7915.37,2,1,1,1,0,0.806,21,0,0.2736,48.62,0.0,0.52,0.5635,0.5473,0.6581,0.7062
931763.29,16063.3,3,2,2,1,0,0.503,14,0,0.196,21.27,0.0,0.64,0.5699,0.6616,0.4874,0.7426
2305807.94,326982.38,4,1,1,1,0,0.891,23,1,0.2202,2.64,0.0,0.63,0.9033,0.5756,0.9371,0.8715
734285.95,38764.99,3,1,1,1,0,0.824,2,1,0.2196,9.47,0.0,0.8,0.9675,0.4525,0.9725,0.9111
1409363.37,92924.43,3,1,1,1,0,0.947,17,1,0.2781,7.58,0.0,0.68,0.9724,0.5108,0.8992,0.8838
1048692.02,9390.56,4,2,1,2,2,0.623,21,0,0.2956,33.5,0.0,0.54,0.8334,0.9407,0.1361,0.8192
871667.0,92634.8,3,2,1,1,0,0.848,1,1,0.3303,4.7,0.0,0.69,0.9362,0.3885,0.9474,0.8851
651723.65,6677.47,2,2,2,1,0,0.69,19,0,0.2323,53.68,0.0,0.76,0.646,0.6187,0.6796,0.7779
593844.25,10564.8,3,2,2,1,0,0.657,9,0,0.1134,20.61,0.0,0.69,0.5753,0.5033,0.4496,0.7577
263605.65,1058.95,1,1,1,1,0,0.956,17,0,0.1462,248.93,0.0,0.78,0.2169,0.1259,0.0818,0.9406
569234.7,2184.47,2,1,1,1,0,0.984,14,0,0.1773,130.29,0.0,0.75,0.1982,0.1093,0.207,0.9351
1857653.43,176036.69,3,2,1,1,0,0.862,2,1,0.1904,5.28,0.0,0.86,0.938,0.5288,0.8928,0.9275
856740.87,14485.62,3,3,1,2,2,0.682,18,0,0.2001,23.66,0.0,0.61,0.8691,0.9837,0.2833,0.8374
274276.99,8063.24,2,5,1,1,1,0.509,7,0,0.263,20.41,0.0,0.54,0.7583,0.9714,0.1672,0.8194
244749.57,10830.45,3,3,2,2,1,0.377,17,0,0.153,9.04,0.0,0.52,0.8869,0.8967,0.2862,0.8164
631340.28,21373.47,6,2,1,1,0,0.721,3,1,0.3286,7.38,0.0,0.77,0.9483,0.5933,0.9684,0.9052
110424.24,219.64,2,1,1,1,0,0.951,12,0,0.1521,251.38,0.0,0.86,0.2202,0.2097,0.2254,0.9553
1495311.79,253646.28,5,2,1,1,0,0.836,2,1,0.2933,1.77,0.0,0.85,0.9055,0.4978,0.99,0.9233
2139622.36,404587.78,3,1,1,1,0,0.779,9,1,0.19,2.64,0.0,0.62,0.9681,0.3812,0.9354,0.8693
1315221.6,56866.48,3,3,2,1,1,0.496,13,0,0.1882,9.25,0.0,0.73,0.8524,0.8852,0.1652,0.8706
265982.64,3738.03,2,2,2,1,0,0.623,2,0,0.2761,39.14,0.0,0.5,0.4738,0.4383,0.642,0.7013
219574.12,3992.95,2,5,2,2,1,0.54,18,0,0.1897,32.99,0.0,0.66,0.7628,0.9582,0.2123,0.8529
1297315.41,64087.47,6,2,1,1,0,0.925,19,0,0.1058,5.06,0.0,0.83,0.9599,0.4387,0.8378,0.9202
285787.31,3858.68,3,2,2,1,0,0.847,4,0,0.1831,27.16,0.0,0.45,0.5326,0.603,0.5914,0.6841
450139.9,22035.5,4,1,1,1,0,0.798,9,0,0.295,7.66,0.0,0.77,0.9737,0.3977,0.9557,0.9054
301672.27,42240.04,3,1,1,1,0,0.765,16,1,0.3085,3.57,0.0,0.6,0.9361,0.5357,0.8133,0.8651
657882.33,11774.45,3,5,2,2,2,0.648,16,0,0.2106,22.35,0.0,0.61,0.9027,0.9207,0.2102,0.8389
728594.9,8642.89,1,1,1,1,0,0.961,10,0,0.0883,84.3,0.0,0.87,0.0869,0.2062,0.0746,0.9559
991393.18,32934.92,3,3,1,1,2,0.444,17,0,0.377,12.04,0.0,0.83,0.9156,0.9131,0.1962,0.8946
1152244.85,50018.54,4,2,1,1,0,0.775,2,1,0.2692,8.64,0.0,0.75,0.9049,0.5286,0.837,0.9002
927891.18,105787.52,3,1,1,1,0,0.751,7,0,0.33,4.39,0.0,0.75,0.8765,0.4889,0.8372,0.9002
1387041.75,638457.62,3,2,1,1,0,0.979,2,1,0.1632,1.09,0.0,0.77,0.936,0.4389,0.9732,0.9036
793799.63,1688.13,2,1,1,1,0,0.909,16,0,0.1327,235.11,0.0,0.91,0.1354,0.1895,0.2385,0.9638
766312.83,144915.77,3,1,1,1,0,0.717,20,0,0.2016,2.64,0.0,0.62,0.9745,0.5882,0.8475,0.8678
467074.57,1533.38,2,1,1,1,1,0.949,13,0,0.1672,152.3,0.0,0.93,0.2158,0.2643,0.0738,0.9672
867206.36,37785.3,6,2,1,1,0,0.791,8,0,0.2736,5.74,0.0,0.93,0.9313,0.3871,0.9156,0.9431
2186670.5,60438.59,6,1,1,1,0,0.716,12,1,0.1052,9.05,0.0,0.77,0.99,0.4487,0.8728,0.9039
707832.57,12826.54,2,2,1,2,1,0.362,9,0,0.2027,33.11,0.0,0.65,0.8875,0.895,0.3229,0.8485
2355343.72,147694.49,3,1,1,1,0,0.803,16,0,0.1122,7.97,0.0,0.74,0.961,0.5387,0.9179,0.8972
216591.92,2254.46,4,2,3,2,2,0.608,8,0,0.3111,28.82,0.0,0.65,0.8551,0.9348,0.2107,0.8487
1047176.44,52782.17,3,1,1,1,0,0.774,3,1,0.3033,9.92,0.0,0.83,0.9641,0.5259,0.8544,0.9186
141833.79,1339.08,2,1,1,1,0,0.503,11,0,0.1984,58.26,0.0,0.59,0.4694,0.4733,0.6869,0.7262
797295.69,35325.8,5,2,1,1,0,0.896,2,1,0.1496,6.77,0.0,0.79,0.9138,0.4597,0.9659,0.9093
244331.49,7381.76,4,5,3,1,2,0.41,21,0,0.3629,9.93,0.0,0.78,0.7556,0.8985,0.3203,0.8837
1385870.94,47660.74,6,1,1,1,0,0.913,7,0,0.2524,7.27,0.0,0.81,0.9163,0.3511,0.9244,0.914
354540.36,4277.18,3,2,1,1,0,0.702,13,0,0.2259,30.39,0.0,0.6,0.5842,0.4067,0.491,0.7306
2468366.92,155499.42,6,2,1,1,0,0.785,23,1,0.2788,3.97,0.0,0.93,0.9798,0.5717,0.877,0.9444
676004.31,3523.85,1,1,1,1,1,0.963,17,0,0.1112,191.84,0.0,0.88,0.0575,0.1766,0.2219,0.958
839676.97,17351.11,2,3,3,2,1,0.646,13,0,0.1712,29.04,0.0,0.63,0.9107,0.9646,0.3296,0.8447
733586.44,7252.54,4,5,1,2,1,0.499,18,0,0.3211,30.34,0.0,0.56,0.7916,0.8851,0.1706,0.8243
724344.99,11011.22,3,2,1,1,0,0.727,0,1,0.2397,24.12,0.0,0.57,0.6291,0.6522,0.4561,0.72
2302275.73,572275.82,4,1,1,1,0,0.805,20,0,0.2704,1.51,0.0,0.92,0.9573,0.4626,0.8959,0.9406
962445.54,29185.04,6,1,1,1,0,0.861,23,1,0.3471,8.24,0.0,0.94,0.9464,0.4714,0.8816,0.9466
1256553.03,50490.3,6,1,1,1,0,0.85,12,0,0.2557,6.22,0.0,0.64,0.8907,0.4544,0.8571,0.8734
150690.78,1421.93,4,3,2,2,2,0.632,12,0,0.3788,31.79,0.0,0.79,0.8887,0.9733,0.3437,0.8853
490642.26,1745.52,2,1,1,1,1,0.969,10,0,0.1416,140.54,0.0,0.94,0.173,0.2376,0.1962,0.9698
1117741.46,36107.61,6,2,1,1,0,0.718,7,0,0.324,7.74,0.0,0.72,0.8902,0.5317,0.8518,0.8927
965363.54,32647.68,6,2,1,1,0,0.876,18,0,0.2114,7.39,0.0,0.92,0.8897,0.399,0.9874,0.9403
176912.53,13813.85,5,2,1,1,0,0.818,20,1,0.303,3.84,0.0,0.87,0.9787,0.4599,0.99,0.9298
324084.58,5925.22,2,5,2,2,2,0.659,11,0,0.3545,32.82,0.0,0.82,0.8744,0.87,0.3032,0.8926
87658.83,1977.38,2,1,1,1,0,0.54,0,0,0.2131,24.38,0.0,0.58,0.4819,0.53,0.466,0.7227
779182.21,4408.36,1,1,1,1,0,0.943,11,0,0.1506,176.75,0.0,0.83,0.237,0.2045,0.248,0.9503
45004.75,189.53,1,1,1,1,0,0.972,12,0,0.1048,237.46,0.0,0.76,0.1591,0.2137,0.2099,0.9376
459037.31,21114.04,5,2,1,1,0,0.707,20,1,0.192,6.52,0.0,0.83,0.99,0.5632,0.8293,0.9204
1107541.92,32372.06,4,5,1,1,2,0.629,9,0,0.3353,10.26,0.0,0.63,0.7678,0.9532,0.1889,0.8432
411922.64,10348.88,6,1,1,1,0,0.8,6,1,0.3316,9.95,0.0,0.89,0.9869,0.4337,0.841,0.9325
1144685.12,178293.45,6,1,1,1,0,0.932,1,1,0.1247,1.61,0.0,0.65,0.9298,0.5415,0.882,0.8762
469865.26,25392.73,2,2,2,1,1,0.546,13,0,0.2786,11.1,0.0,0.54,0.8593,0.8802,0.2153,0.8193
1178787.78,45523.71,4,4,1,1,1,0.436,7,0,0.3299,7.77,0.0,0.88,0.7949,0.8714,0.2294,0.9091
565414.97,5987.56,2,1,2,1,0,0.578,16,0,0.1266,51.94,0.0,0.54,0.5775,0.653,0.4429,0.7111
21124.22,47.96,2,1,1,1,1,0.981,12,0,0.0756,220.21,0.0,0.96,0.1381,0.2109,0.1508,0.973
388601.48,3375.26,1,1,1,1,1,0.986,13,0,0.0664,115.13,0.0,0.83,0.2105,0.159,0.18,0.9485
264961.62,2630.3,1,1,1,1,0,0.926,9,0,0.1606,100.73,0.0,0.97,0.0984,0.097,0.1128,0.9739
301130.87,2307.5,1,1,1,1,1,0.941,9,0,0.194,130.5,0.0,0.93,0.0937,0.1568,0.1588,0.9675
715571.25,13447.11,4,2,3,2,1,0.361,18,0,0.3446,15.96,0.0,0.88,0.7953,0.8948,0.3245,0.9095
741970.98,1796.97,2,1,1,1,1,0.914,17,0,0.0692,206.45,0.0,0.7,0.1824,0.1518,0.071,0.9267
463913.02,22356.65,4,1,1,1,0,0.794,6,0,0.2775,7.78,0.0,0.82,0.973,0.4018,0.9681,0.9174
475288.35,2850.11,1,1,1,1,0,0.906,17,0,0.0649,166.76,0.0,0.9,0.1688,0.0821,0.0909,0.9616
227860.37,1049.7,1,1,1,1,1,0.992,13,0,0.0836,217.07,0.0,0.84,0.0741,0.2007,0.1251,0.9507
2076093.35,178104.89,4,2,1,1,0,0.86,15,0,0.3136,4.37,0.0,0.8,0.9344,0.4268,0.8932,0.9114
2149621.06,83065.57,4,2,1,1,0,0.925,16,1,0.1543,9.7,0.0,0.89,0.9822,0.5907,0.9271,0.9338
1513627.28,117359.5,6,2,1,1,0,0.81,20,0,0.1937,3.22,0.0,0.65,0.9723,0.5376,0.8302,0.8752
594438.04,4559.16,1,1,1,1,0,0.961,10,0,0.1667,130.38,0.0,0.83,0.0823,0.2753,0.0984,0.949
123093.49,751.61,1,1,1,1,0,0.919,10,0,0.0736,163.77,0.0,0.87,0.1894,0.0925,0.2242,0.9562
602137.94,18931.17,5,2,1,1,0,0.84,19,1,0.2543,9.54,0.0,0.65,0.9386,0.5526,0.9266,0.8754
963303.76,61501.88,3,2,1,1,0,0.936,5,0,0.2907,7.83,0.0,0.65,0.9766,0.4411,0.9368,0.8769
715566.95,6181.08,4,4,2,1,2,0.538,7,0,0.3526,34.73,0.0,0.62,0.7715,0.8747,0.2764,0.8412
676209.25,5620.58,3,2,2,1,0,0.811,17,0,0.2332,44.11,0.0,0.79,0.5564,0.4561,0.6489,0.7861
689166.07,3050.53,1,1,1,1,0,0.998,17,0,0.1116,225.92,0.0,0.86,0.147,0.2602,0.2313,0.9555
306485.48,1039.5,2,1,1,1,1,0.923,17,0,0.1614,147.42,0.0,0.95,0.1466,0.1989,0.219,0.9718
529601.89,5892.47,1,1,1,1,1,0.9,9,0,0.197,89.88,0.0,0.74,0.1349,0.2668,0.089,0.9338
656431.38,5766.63,1,1,1,1,1,0.932,15,0,0.1945,113.83,0.0,0.85,0.1793,0.147,0.1856,0.9529
670537.24,53967.53,2,4,3,1,2,0.527,19,0,0.2376,7.45,0.0,0.86,0.8446,0.8945,0.3401,0.9048
2267494.07,83429.7,6,1,1,1,0,0.914,19,0,0.3203,6.79,0.0,0.86,0.9485,0.5131,0.9162,0.927
857752.47,33811.8,6,1,1,1,0,0.745,20,0,0.2468,6.34,0.0,0.82,0.9431,0.5141,0.9443,0.917
1621846.46,51657.31,6,2,1,1,0,0.775,7,1,0.287,7.85,0.0,0.67,0.9105,0.4091,0.8622,0.8799
592959.91,4488.2,2,1,1,1,0,0.901,11,0,0.0919,66.06,0.0,0.74,0.1196,0.1968,0.1907,0.9338
1270460.53,37339.86,6,1,1,1,0,0.811,16,0,0.3307,8.51,0.0,0.67,0.9286,0.451,0.9616,0.8814
754410.3,6755.62,4,3,2,1,2,0.568,19,0,0.2711,33.5,0.0,0.69,0.7775,0.9689,0.3033,0.8605
941376.87,38224.23,4,1,1,1,0,0.791,13,0,0.1775,9.24,0.0,0.86,0.9472,0.4794,0.9118,0.9268
67169.08,1333.09,3,3,2,2,2,0.522,18,0,0.242,20.15,0.0,0.59,0.8886,0.97,0.1675,0.8333
588087.27,2557.33,1,1,1,1,1,0.962,12,0,0.1639,229.96,0.0,0.88,0.2518,0.1183,0.2387,0.9583
804388.5,10242.82,4,2,2,1,2,0.691,8,0,0.3652,23.56,0.0,0.86,0.8017,0.9459,0.1842,0.9025
105214.75,393.25,1,1,1,1,1,0.986,13,0,0.1065,267.55,0.0,0.97,0.1095,0.2734,0.2034,0.9748
82287.48,1255.5,2,1,2,1,0,0.693,2,0,0.2031,36.05,0.0,0.59,0.5495,0.6413,0.5126,0.7257
1871122.96,186472.81,3,2,1,1,0,0.792,20,0,0.184,5.02,0.0,0.87,0.8845,0.5729,0.8121,0.9286
82329.02,151.15,2,1,1,1,1,0.996,9,0,0.157,272.34,0.0,0.86,0.0535,0.1303,0.2344,0.9549
804884.95,9091.55,2,1,1,1,0,0.792,5,0,0.1188,48.69,0.0,0.49,0.5759,0.6373,0.6614,0.6963
1394059.51,35593.11,3,3,3,2,2,0.574,10,0,0.247,15.67,0.0,0.7,0.8059,0.9462,0.3489,0.8624
2254627.61,134154.0,5,2,1,1,0,0.747,16,0,0.1146,5.04,0.0,0.93,0.9296,0.376,0.9458,0.944
1163599.87,30333.37,2,3,1,2,1,0.501,11,0,0.2169,23.02,0.0,0.88,0.7815,0.9519,0.1298,0.9088
879563.52,40921.84,4,1,1,1,0,0.967,10,0,0.2864,8.06,0.0,0.67,0.9513,0.5511,0.9698,0.8814
308909.13,27110.75,2,4,2,2,2,0.636,13,0,0.3837,6.84,0.0,0.9,0.8237,0.9373,0.2988,0.9129
774551.88,2490.52,2,1,1,1,1,0.969,10,0,0.0786,155.5,0.0,0.78,0.108,0.2091,0.061,0.9398
512330.1,18375.96,5,1,1,1,0,0.905,21,0,0.3039,8.36,0.0,0.82,0.9748,0.4131,0.8421,0.9161
151062.38,4246.28,4,2,1,2,2,0.684,13,0,0.2762,10.67,0.0,0.68,0.7797,0.946,0.2258,0.8575
698064.74,38588.39,4,2,1,1,0,0.788,13,0,0.32,6.78,0.0,0.79,0.9678,0.36,0.8676,0.9095
272160.59,2004.58,3,2,1,1,0,0.566,8,0,0.2524,49.78,0.0,0.62,0.6752,0.4087,0.496,0.7372
543368.04,1798.13,2,1,1,1,0,0.979,13,0,0.1576,151.09,0.0,0.78,0.249,0.1876,0.0567,0.9396
1450309.99,31496.37,2,5,2,1,2,0.628,6,0,0.1947,27.63,0.0,0.72,0.8185,0.8847,0.2977,0.8674
482210.38,31988.41,2,5,2,2,2,0.379,21,0,0.2988,9.04,0.0,0.86,0.81,0.8874,0.2976,0.9042
671684.36,26613.62,4,2,1,1,0,0.815,14,1,0.2284,9.46,0.0,0.81,0.9383,0.5175,0.9034,0.9134
658907.69,2559.59,2,1,1,1,0,0.978,9,0,0.0521,128.71,0.0,0.83,0.2223,0.236,0.1527,0.9497
1189467.22,183574.52,4,1,1,1,0,0.88,4,1,0.2415,2.43,0.0,0.64,0.9467,0.3716,0.8823,0.8729
587297.4,18890.94,2,1,1,1,0,0.624,9,0,0.1277,17.1,0.0,0.73,0.5888,0.4012,0.5655,0.768
776293.95,49453.27,3,2,1,1,0,0.914,18,0,0.2119,7.85,0.0,0.84,0.8624,0.4527,0.99,0.921
1478472.06,16539.53,4,3,2,1,2,0.69,13,0,0.1971,26.82,0.0,0.73,0.8324,0.9275,0.1509,0.8708
97980.33,1277.57,3,4,3,2,1,0.618,19,0,0.253,30.68,0.0,0.57,0.7537,0.8875,0.2434,0.8277
764708.22,27524.2,4,4,3,1,1,0.435,11,0,0.311,8.33,0.0,0.79,0.7971,0.8601,0.319,0.8842
107321.59,1041.58,1,1,1,1,1,0.965,10,0,0.1948,103.04,0.0,0.74,0.1508,0.097,0.0545,0.9327
816073.25,25364.35,2,1,1,1,0,0.591,19,1,0.1782,17.7,0.0,0.62,0.6441,0.4237,0.6604,0.7363
2168126.07,75908.57,6,1,1,1,0,0.721,4,1,0.2575,7.14,0.0,0.83,0.9265,0.5964,0.8109,0.9181
732327.29,27267.14,3,5,1,2,1,0.388,13,0,0.2365,10.74,0.0,0.77,0.7848,0.9404,0.1498,0.8804
2332252.91,138496.87,5,2,1,1,0,0.793,7,0,0.1125,5.05,0.0,0.86,0.8972,0.4061,0.9612,0.9263
770192.26,2334.72,2,1,1,1,0,0.961,9,0,0.0803,164.94,0.0,0.82,0.1359,0.1435,0.0797,0.948
2427075.9,92631.76,4,1,1,1,0,0.979,6,1,0.1633,9.83,0.0,0.68,0.8978,0.3735,0.9416,0.8829
69356.54,3498.18,3,3,2,2,1,0.477,21,0,0.2615,7.93,0.0,0.64,0.8295,0.9158,0.2682,0.8454
134628.41,1560.34,2,2,1,1,0,0.558,18,0,0.2658,47.45,0.0,0.77,0.6089,0.4296,0.6707,0.7809
603193.44,9872.38,1,1,1,1,0,0.914,13,0,0.0929,61.1,0.0,0.79,0.1903,0.2708,0.1159,0.9424
1162441.8,43826.87,2,4,2,2,2,0.474,19,0,0.2078,15.91,0.0,0.57,0.9192,0.9579,0.214,0.8285
441976.84,2869.47,1,1,1,1,0,0.975,14,0,0.0568,154.03,0.0,0.72,0.2156,0.2447,0.1857,0.9302
578395.1,2196.1,1,1,1,1,1,0.939,11,0,0.086,263.37,0.0,0.89,0.1294,0.2053,0.111,0.9605
431725.73,5321.42,3,3,2,1,2,0.575,12,0,0.2898,32.45,0.0,0.55,0.7822,0.8976,0.3247,0.8231
2311039.28,222856.36,4,2,1,1,0,0.731,16,1,0.309,3.89,0.0,0.66,0.9698,0.363,0.8174,0.8795
66040.74,377.09,1,1,1,1,1,0.93,16,0,0.1676,175.13,0.0,0.71,0.1305,0.0938,0.2084,0.9272
722570.59,3398.42,2,1,1,1,1,0.918,13,0,0.1283,106.31,0.0,0.72,0.2001,0.1887,0.2158,0.9289
2263136.71,131056.96,4,2,1,1,0,0.918,1,1,0.2719,6.48,0.0,0.76,0.9581,0.4904,0.9544,0.9018
520546.15,1891.84,1,1,1,1,0,0.914,10,0,0.0755,275.15,0.0,0.71,0.1208,0.2531,0.0587,0.9272
1149246.14,32420.24,2,4,3,2,1,0.601,11,0,0.3365,21.27,0.0,0.76,0.7924,0.926,0.1498,0.8768
377161.14,3908.86,3,1,1,1,0,0.514,9,1,0.2522,35.38,0.0,0.49,0.5533,0.455,0.6872,0.6965
1137673.32,59853.44,2,3,2,1,2,0.691,12,0,0.2814,11.4,0.0,0.56,0.9055,0.9807,0.2772,0.8245
1365831.83,47457.33,5,2,1,1,0,0.979,11,0,0.2814,8.63,0.0,0.71,0.9314,0.5297,0.8543,0.8914
1804538.54,160599.66,4,1,1,1,0,0.787,0,1,0.1313,4.21,0.0,0.74,0.99,0.3933,0.8247,0.8979
885589.0,13260.88,3,1,2,1,0,0.582,2,0,0.2983,24.49,0.0,0.42,0.5086,0.511,0.5459,0.6753
573204.23,7077.68,3,2,1,1,0,0.809,6,0,0.2143,29.7,0.0,0.54,0.5554,0.6258,0.673,0.7112
195593.33,700.57,1,1,1,1,1,0.917,15,0,0.1588,279.19,0.0,0.72,0.1832,0.2516,0.1024,0.9305
325927.82,1166.82,1,1,1,1,0,0.962,14,0,0.1327,279.33,0.0,0.79,0.0837,0.2592,0.1691,0.9429
440822.54,1604.73,1,1,1,1,1,0.938,16,0,0.054,274.7,0.0,0.95,0.0872,0.0911,0.2201,0.9706
214613.61,9520.7,4,3,3,1,1,0.355,20,0,0.2394,6.76,0.0,0.7,0.7608,0.8958,0.2757,0.8614
201829.27,738.78,1,1,1,1,0,0.938,9,0,0.1148,273.19,0.0,0.88,0.0516,0.1497,0.1715,0.9584
426292.27,6517.1,3,2,1,1,0,0.737,4,0,0.1182,23.98,0.0,0.43,0.5496,0.63,0.6563,0.6792
718533.81,4245.24,2,1,1,1,1,0.906,15,0,0.1373,84.63,0.0,0.96,0.075,0.163,0.1043,0.9734
1981693.34,196248.72,4,2,1,1,0,0.742,3,1,0.1616,3.79,0.0,0.78,0.94,0.4027,0.9277,0.907
2007310.67,675379.77,4,1,1,1,0,0.701,17,1,0.3207,1.11,0.0,0.76,0.956,0.4539,0.8764,0.9014
794499.69,8502.56,2,2,2,1,0,0.7,13,0,0.2538,51.39,0.0,0.54,0.543,0.6027,0.56,0.712
1076536.04,32486.33,2,4,1,2,1,0.534,7,0,0.2355,19.88,0.0,0.73,0.7591,0.9263,0.2046,0.8691
648236.7,5996.32,4,2,1,1,1,0.674,7,0,0.1827,32.43,0.0,0.55,0.8814,0.9712,0.3005,0.8243
228490.55,564.45,2,1,1,1,1,1.0,9,0,0.0991,202.4,0.0,0.83,0.1456,0.235,0.1387,0.95
1789755.03,215921.26,3,2,1,1,0,0.863,21,0,0.1968,4.14,0.0,0.67,0.879,0.5507,0.9819,0.8798
551566.93,9164.33,3,2,3,2,2,0.548,17,0,0.2934,24.07,0.0,0.89,0.8972,0.8678,0.2869,0.9117
1721102.62,79455.69,5,2,1,1,0,0.939,0,1,0.1998,6.5,0.0,0.74,0.9427,0.3745,0.99,0.8977
885170.02,75073.37,3,1,1,1,0,0.743,6,1,0.2957,5.9,0.0,0.7,0.9734,0.5181,0.9697,0.8891
518747.48,26611.65,3,1,1,1,0,0.738,7,0,0.3331,9.75,0.0,0.94,0.9559,0.4287,0.8686,0.9464
2232357.02,349668.42,4,2,1,1,0,0.884,3,1,0.1931,2.39,0.0,0.72,0.99,0.5679,0.9103,0.8919
1790637.49,89850.03,4,2,1,1,0,0.787,0,1,0.2474,7.47,0.0,0.84,0.9787,0.5613,0.8016,0.9212
1680558.3,410120.7,5,1,1,1,0,0.816,11,0,0.1135,1.23,0.0,0.82,0.9174,0.5403,0.9613,0.9159
85307.02,1026.16,3,1,1,1,0,0.518,2,0,0.114,30.48,0.0,0.46,0.5568,0.4308,0.545,0.6892
25491.13,218.71,4,2,2,1,1,0.497,17,0,0.2574,34.97,0.0,0.79,0.7726,0.9559,0.3167,0.8843
44543.3,107.0,2,1,1,1,1,0.998,12,0,0.1007,208.14,0.0,0.81,0.0749,0.1094,0.0872,0.945
2235326.29,103644.3,6,1,1,1,0,0.723,23,1,0.1511,5.39,0.0,0.85,0.9276,0.5209,0.9132,0.9245
624252.12,56643.07,4,2,1,1,0,0.94,23,1,0.2878,4.13,0.0,0.78,0.9012,0.5338,0.9716,0.9073
584832.19,4443.96,3,2,2,1,0,0.814,4,0,0.164,48.25,0.0,0.59,0.6995,0.5207,0.6233,0.7268
171540.74,645.53,1,1,1,1,1,0.97,13,0,0.1038,265.73,0.0,0.97,0.1302,0.2179,0.1697,0.9744
242051.65,9533.35,4,2,1,1,0,0.909,16,0,0.3296,9.52,0.0,0.75,0.879,0.3908,0.9077,0.8992
240168.4,2706.62,1,1,1,1,0,0.945,13,0,0.1511,88.73,0.0,0.91,0.187,0.1631,0.07,0.9631
522499.04,9208.86,2,1,1,1,0,0.597,1,0,0.1454,31.21,0.0,0.5,0.6731,0.5486,0.5554,0.6993
761723.01,2702.99,2,1,1,1,1,0.958,9,0,0.1551,140.9,0.0,0.83,0.1325,0.2781,0.1725,0.9493
681657.72,23325.18,5,1,1,1,0,0.804,15,1,0.1189,8.77,0.0,0.6,0.9395,0.5003,0.937,0.8643
209202.89,13682.23,3,3,3,2,2,0.579,10,0,0.2994,6.12,0.0,0.58,0.8228,0.9505,0.2436,0.8311
2386214.18,249870.08,6,1,1,1,0,0.873,16,0,0.3272,2.39,0.0,0.61,0.8948,0.5558,0.9368,0.8665
946179.48,30750.05,2,1,1,1,0,0.751,14,1,0.1072,16.92,0.0,0.66,0.5165,0.4362,0.5817,0.7493
1683722.09,64424.04,4,2,1,1,0,0.751,15,0,0.1191,9.8,0.0,0.79,0.8927,0.3804,0.8793,0.9105
1034373.85,106088.86,3,1,1,1,0,0.931,22,1,0.2165,4.88,0.0,0.84,0.9328,0.4527,0.9769,0.9216
2412870.0,489871.44,5,2,1,1,0,0.83,6,0,0.2169,1.48,0.0,0.77,0.9068,0.4482,0.9149,0.9058
1045555.91,47237.23,2,2,1,1,1,0.379,17,0,0.2633,13.28,0.0,0.86,0.8684,0.9768,0.2831,0.9025
646664.67,7618.03,3,2,2,1,0,0.532,4,1,0.1835,31.12,0.0,0.48,0.5804,0.5817,0.5083,0.6954
780340.46,6814.62,1,1,1,1,1,0.933,14,0,0.1238,114.51,0.0,0.78,0.0618,0.2622,0.1145,0.9398
1245331.16,28100.04,2,3,2,1,2,0.531,18,0,0.3763,26.59,0.0,0.74,0.827,0.9344,0.1665,0.8732
157635.76,542.66,2,1,1,1,1,0.99,15,0,0.1663,145.24,0.0,0.75,0.0828,0.185,0.1693,0.935
1124869.21,56782.36,2,4,1,2,1,0.681,14,0,0.3368,11.89,0.0,0.7,0.7905,0.9323,0.2015,0.8627
427236.83,2661.96,1,1,1,1,0,0.907,10,0,0.1156,160.5,0.0,0.77,0.1921,0.1052,0.2216,0.9395
935561.46,85273.25,3,1,1,1,0,0.832,0,1,0.197,5.49,0.0,0.83,0.99,0.397,0.9204,0.9195
2142850.37,136334.18,4,2,1,1,0,0.964,13,0,0.2277,5.89,0.0,0.74,0.8707,0.5721,0.99,0.8966
1167648.23,48113.9,4,3,1,2,2,0.353,11,0,0.3399,7.28,0.0,0.73,0.7593,0.871,0.1667,0.8706
856960.15,49923.44,3,2,1,1,0,0.865,9,1,0.3334,8.58,0.0,0.67,0.99,0.5434,0.9535,0.8816
1387154.84,40477.22,6,2,1,1,0,0.897,14,1,0.2554,8.57,0.0,0.66,0.9174,0.3516,0.9508,0.8791
1426196.77,95170.44,2,3,2,1,1,0.674,8,0,0.2824,8.99,0.0,0.89,0.8771,0.9348,0.3157,0.9122
87280.5,2658.76,6,2,1,1,0,0.732,6,0,0.2572,8.21,0.0,0.92,0.8911,0.4043,0.8181,0.9411
202445.6,6282.33,5,2,1,1,0,0.79,11,1,0.2962,9.67,0.0,0.79,0.9033,0.5274,0.8617,0.9086
2114042.7,142205.8,4,2,1,1,0,0.944,3,1,0.2565,5.57,0.0,0.74,0.8973,0.58,0.8988,0.8965
1330982.63,13399.54,4,2,3,1,1,0.662,8,0,0.3344,29.8,0.0,0.82,0.792,0.9531,0.3068,0.8929
460871.8,48866.2,4,2,1,1,0,0.974,11,0,0.1275,3.54,0.0,0.73,0.94,0.4079,0.9608,0.8958
1129146.43,52640.39,5,1,1,1,0,0.867,0,1,0.2279,6.44,0.0,0.89,0.99,0.3953,0.9475,0.9344
154960.51,15663.0,6,1,1,1,0,0.855,6,0,0.256,2.47,0.0,0.84,0.8918,0.5538,0.9235,0.9224
770394.75,7463.7,2,2,1,1,0,0.525,3,0,0.278,56.77,0.0,0.59,0.6624,0.4916,0.5151,0.7261
443042.63,7144.27,2,1,2,1,0,0.739,12,0,0.1179,34.11,0.0,0.6,0.6753,0.6456,0.4331,0.7291
1136134.02,42713.6,4,2,1,1,0,0.752,12,0,0.1264,9.97,0.0,0.78,0.9504,0.5094,0.9073,0.9073
189346.45,1795.68,2,1,1,1,1,0.907,16,0,0.1691,52.72,0.0,0.97,0.1094,0.1181,0.0553,0.9744
693339.28,8561.98,3,2,1,1,0,0.686,21,0,0.1044,29.69,0.0,0.49,0.4769,0.6199,0.4515,0.6963
314670.36,1413.67,1,1,1,1,1,0.958,11,0,0.141,222.59,0.0,0.85,0.0628,0.1356,0.2499,0.9532
1290707.7,44391.32,5,2,1,1,0,0.773,8,0,0.3276,8.72,0.0,0.62,0.9496,0.4931,0.8723,0.8677
773001.3,2997.87,1,1,1,1,0,0.991,16,0,0.0792,257.85,0.0,0.91,0.0658,0.1436,0.0732,0.9643
358591.49,3002.94,3,1,2,1,0,0.708,10,0,0.1939,43.78,0.0,0.68,0.6498,0.5381,0.4663,0.7529
1184783.55,24868.02,4,3,1,1,1,0.628,11,0,0.1711,14.29,0.0,0.71,0.7855,0.8687,0.2357,0.8646
1067678.83,12753.08,3,5,2,2,1,0.577,15,0,0.2993,33.49,0.0,0.88,0.7828,0.9778,0.1323,0.9085
755955.86,39903.36,4,2,1,1,0,0.947,3,1,0.2146,7.1,0.0,0.93,0.99,0.4748,0.9493,0.9424
892214.8,34290.62,4,4,3,2,2,0.493,15,0,0.3908,7.81,0.0,0.72,0.8531,0.8841,0.2799,0.8678
747479.93,19546.78,6,1,1,1,0,0.714,9,0,0.222,9.56,0.0,0.92,0.9177,0.5944,0.9673,0.9401
1319305.63,25833.47,2,3,3,2,2,0.56,15,0,0.2041,30.64,0.0,0.55,0.9018,0.9432,0.176,0.8221
2434527.54,218741.09,5,1,1,1,0,0.974,21,0,0.1621,3.34,0.0,0.71,0.9298,0.5864,0.9447,0.8893
299779.97,854.81,2,1,1,1,0,0.981,15,0,0.1638,175.35,0.0,0.83,0.2553,0.0914,0.1678,0.9492
78537.01,730.33,4,5,2,2,2,0.495,9,0,0.3931,32.26,0.0,0.7,0.7898,0.8852,0.1713,0.8617
41952.13,247.4,1,1,1,1,1,0.964,13,0,0.1058,169.57,0.0,0.94,0.1621,0.1011,0.2094,0.9695
88235.22,832.62,3,2,1,1,0,0.723,23,0,0.2566,38.86,0.0,0.67,0.5995,0.4538,0.4818,0.7505
639745.45,40617.16,5,2,1,1,0,0.803,17,0,0.2962,4.73,0.0,0.94,0.8812,0.5656,0.9357,0.946
524752.86,1322.01,2,1,1,1,0,0.907,11,0,0.077,198.47,0.0,0.82,0.1,0.2475,0.2217,0.9469
803077.25,97297.23,6,2,1,1,0,0.875,3,1,0.1713,2.06,0.0,0.88,0.99,0.5448,0.9329,0.9306
1338082.39,191793.26,5,1,1,1,0,0.808,21,1,0.1833,2.09,0.0,0.75,0.97,0.3676,0.99,0.901
774034.52,9953.15,3,2,3,1,1,0.373,7,0,0.2967,31.11,0.0,0.63,0.8405,0.8712,0.1729,0.8443
532565.73,1906.27,1,1,1,1,1,0.914,13,0,0.0664,279.38,0.0,0.9,0.1775,0.1746,0.1056,0.9613
1214427.17,58975.66,2,5,3,1,1,0.385,9,0,0.3586,12.36,0.0,0.81,0.8884,0.9274,0.3297,0.8902
433846.73,26384.52,5,1,1,1,0,0.939,10,1,0.1733,4.93,0.0,0.83,0.8952,0.5024,0.9519,0.919
577756.23,18735.05,5,2,1,1,0,0.791,14,0,0.3373,9.25,0.0,0.73,0.8505,0.5454,0.9189,0.8942
2463015.41,155714.31,5,2,1,1,0,0.807,5,0,0.1477,4.75,0.0,0.78,0.8963,0.4227,0.8858,0.9077
1332754.39,14179.1,4,2,3,2,1,0.469,8,0,0.1584,28.2,0.0,0.72,0.9148,0.9876,0.1848,0.8673
117892.41,1572.7,4,2,3,1,2,0.681,8,0,0.3852,22.49,0.0,0.83,0.7632,0.9379,0.1736,0.8962
2191717.29,77918.54,5,2,1,1,0,0.812,3,1,0.176,8.44,0.0,0.71,0.99,0.3835,0.9593,0.8912
526441.14,9332.28,3,1,2,1,0,0.736,20,0,0.1906,20.68,0.0,0.63,0.621,0.4173,0.5515,0.738
2372525.44,194674.91,5,2,1,1,0,0.712,9,0,0.2624,3.66,0.0,0.9,0.8906,0.4944,0.9242,0.9351
212497.75,39958.58,6,2,1,1,0,0.931,14,0,0.3097,1.33,0.0,0.82,0.9458,0.4373,0.99,0.9163
343221.07,973.76,2,1,1,1,1,0.958,11,0,0.0995,176.24,0.0,0.9,0.1014,0.2242,0.1219,0.9615
117985.03,220.27,2,1,1,1,0,0.942,10,0,0.1109,267.82,0.0,0.94,0.175,0.1896,0.2353,0.9697
784534.55,15306.79,2,3,3,1,1,0.493,15,0,0.2333,30.75,0.0,0.65,0.8471,0.9224,0.2078,0.8502
1564872.49,172315.57,5,2,1,1,0,0.757,10,1,0.1534,2.72,0.0,0.69,0.9211,0.5711,0.9316,0.886
2090031.58,91476.65,5,2,1,1,0,0.957,8,0,0.1368,6.85,0.0,0.79,0.9002,0.4606,0.919,0.9097
930744.95,50965.66,3,2,1,1,0,0.733,4,1,0.2512,9.13,0.0,0.84,0.8926,0.561,0.9578,0.9219
2122200.04,128466.75,3,2,1,1,0,0.936,6,0,0.186,8.26,0.0,0.9,0.8614,0.5645,0.9122,0.935
261225.07,1841.75,2,1,1,1,1,0.978,13,0,0.1891,70.92,0.0,0.96,0.2243,0.0938,0.208,0.9721
113719.41,1116.13,2,1,1,1,0,0.99,12,0,0.1149,50.94,0.0,0.85,0.0635,0.1772,0.1353,0.9524
520076.07,1032.66,2,1,1,1,1,0.925,13,0,0.1282,251.81,0.0,0.84,0.1144,0.2548,0.1999,0.9514
186954.69,1169.69,3,1,1,1,0,0.602,10,1,0.2057,58.61,0.0,0.74,0.4873,0.5865,0.6755,0.7708
450773.59,13726.2,3,2,2,2,2,0.413,10,0,0.316,13.14,0.0,0.53,0.8067,0.8623,0.2924,0.8174
117441.4,2827.33,3,5,3,2,2,0.636,16,0,0.1586,16.62,0.0,0.86,0.9061,0.933,0.2309,0.9043
1426787.65,222010.11,3,2,1,1,0,0.813,19,0,0.3472,3.21,0.0,0.85,0.8978,0.3873,0.9306,0.924
2268497.25,159179.04,3,1,1,1,0,0.865,19,0,0.114,7.13,0.0,0.81,0.9189,0.4802,0.9463,0.915
1176342.09,80542.99,4,2,1,1,0,0.974,13,0,0.184,5.48,0.0,0.68,0.9088,0.5713,0.8887,0.8828
2157899.72,140513.19,3,1,1,1,0,0.941,19,0,0.2998,7.68,0.0,0.76,0.939,0.5794,0.8994,0.9034
2174552.04,283116.08,3,2,1,1,0,0.959,1,1,0.2754,3.84,0.0,0.61,0.909,0.5574,0.9397,0.8654
1276633.27,55781.19,4,2,1,1,0,0.811,0,1,0.1804,8.58,0.0,0.69,0.9689,0.5545,0.8459,0.8856
552578.74,45999.96,4,1,1,1,0,0.722,3,1,0.3373,4.5,0.0,0.93,0.99,0.5211,0.9436,0.9433
223195.18,9802.54,2,2,2,2,1,0.657,18,0,0.2335,13.66,0.0,0.64,0.7588,0.8755,0.1644,0.8465
60087.57,490.31,1,1,1,1,1,0.97,17,0,0.0812,122.55,0.0,0.92,0.2203,0.1077,0.1474,0.9649
461861.81,85161.6,3,2,1,1,0,0.761,7,0,0.2321,2.71,0.0,0.94,0.9266,0.4807,0.9145,0.9459
2047617.63,121001.82,4,2,1,1,0,0.877,3,1,0.1667,6.35,0.0,0.74,0.9218,0.4108,0.9274,0.8968
1009255.97,21666.0,4,5,3,1,2,0.461,6,0,0.1914,13.97,0.0,0.63,0.8747,0.956,0.347,0.8427
1351829.15,38227.87,3,3,2,1,1,0.569,21,0,0.2376,14.14,0.0,0.82,0.7644,0.938,0.1512,0.8924
1449816.08,20323.6,4,2,3,2,1,0.439,11,0,0.2854,21.4,0.0,0.88,0.803,0.9002,0.231,0.9092
27014.74,309.42,3,3,3,2,1,0.352,11,0,0.3681,34.92,0.0,0.8,0.7894,0.988,0.2355,0.8882
519877.91,3333.59,3,2,2,1,0,0.754,5,0,0.1073,57.18,0.0,0.5,0.5033,0.6429,0.5877,0.7013
765892.57,2982.47,1,1,1,1,0,0.931,15,0,0.1105,256.8,0.0,0.84,0.238,0.192,0.1084,0.9514
409607.23,1667.81,2,1,1,1,0,0.991,12,0,0.0919,122.8,0.0,0.79,0.2318,0.1504,0.1394,0.9419
345649.95,18420.09,3,1,1,1,0,0.851,11,0,0.1362,9.38,0.0,0.64,0.9301,0.3789,0.9732,0.8727
385357.74,10343.2,2,2,1,1,0,0.604,9,0,0.1338,20.49,0.0,0.7,0.6222,0.4373,0.5606,0.7606
182836.74,355.5,2,1,1,1,0,0.978,17,0,0.1384,257.16,0.0,0.75,0.1927,0.178,0.072,0.9355
683009.25,9723.36,2,2,2,1,0,0.501,17,1,0.1252,38.63,0.0,0.6,0.5712,0.498,0.641,0.7293
552297.1,202107.44,4,2,1,1,0,0.782,1,1,0.2198,1.02,0.0,0.71,0.9508,0.4024,0.9573,0.8893
2170271.74,77977.56,5,2,1,1,0,0.785,17,1,0.1718,8.35,0.0,0.9,0.9052,0.359,0.9035,0.935
857092.93,92153.28,3,1,1,1,0,0.79,20,1,0.2461,4.65,0.0,0.61,0.99,0.4242,0.9695,0.8672
942314.8,16375.33,3,2,2,1,0,0.767,3,0,0.2222,21.1,0.0,0.42,0.6924,0.6572,0.5266,0.6749
712526.14,12988.06,2,5,2,2,2,0.683,21,0,0.3898,32.92,0.0,0.57,0.7652,0.9745,0.3262,0.8282
525647.61,11548.37,2,2,1,1,0,0.65,23,0,0.165,25.03,0.0,0.77,0.526,0.6632,0.49,0.7819
1589598.37,67419.3,4,1,1,1,0,0.947,20,0,0.3227,8.84,0.0,0.73,0.8746,0.3537,0.842,0.8955
112252.63,17554.5,3,2,1,1,0,0.894,12,0,0.3366,3.2,0.0,0.6,0.8674,0.4233,0.9641,0.8645
629590.42,6688.8,3,1,1,1,0,0.748,10,0,0.121,34.51,0.0,0.41,0.6375,0.5497,0.513,0.6741
1437612.53,25884.41,2,5,2,2,1,0.463,16,0,0.2331,33.32,0.0,0.66,0.8288,0.8992,0.2734,0.8509
916578.23,7722.0,3,2,1,1,0,0.507,13,1,0.1316,43.52,0.0,0.41,0.6958,0.6687,0.578,0.6731
777430.63,5927.53,3,2,2,1,0,0.848,5,1,0.1981,48.09,0.0,0.73,0.6534,0.42,0.4444,0.7703
214695.33,514.93,2,1,1,1,0,0.94,14,0,0.1001,208.47,0.0,0.96,0.0815,0.2692,0.1515,0.9722
356689.01,3686.9,3,2,1,1,0,0.554,23,1,0.1062,35.47,0.0,0.79,0.618,0.5175,0.4596,0.7867
454858.29,2148.69,2,1,1,1,0,0.907,15,0,0.0712,105.85,0.0,0.93,0.2417,0.0957,0.215,0.9675
1012066.24,25861.87,2,3,1,2,2,0.532,18,0,0.2638,23.48,0.0,0.56,0.89,0.9008,0.2244,0.8257
1164440.4,11824.5,4,5,2,1,1,0.375,8,0,0.3868,29.54,0.0,0.53,0.7573,0.8804,0.2675,0.8178
2072603.33,318877.9,4,2,1,1,0,0.784,16,0,0.295,2.44,0.0,0.92,0.9432,0.5932,0.8086,0.9418
2239953.76,133902.18,3,1,1,1,0,0.8,6,0,0.2725,8.36,0.0,0.71,0.9597,0.4043,0.8325,0.89
518078.59,64188.72,6,1,1,1,0,0.914,7,1,0.1002,2.02,0.0,0.94,0.9367,0.4349,0.8547,0.946
874714.35,29970.92,2,1,1,1,0,0.576,15,0,0.2239,16.05,0.0,0.75,0.5932,0.5215,0.6928,0.7744
693659.14,66268.25,3,1,1,1,0,0.898,9,0,0.245,5.23,0.0,0.82,0.8957,0.429,0.934,0.9175
669927.28,74221.49,6,2,1,1,0,0.768,20,0,0.2637,2.26,0.0,0.62,0.9068,0.5783,0.9345,0.8691
2315773.42,101810.13,4,1,1,1,0,0.978,6,1,0.2438,8.53,0.0,0.62,0.9654,0.3863,0.8353,0.8698
1949013.2,72701.31,5,1,1,1,0,0.759,1,1,0.2717,8.04,0.0,0.62,0.9444,0.496,0.8112,0.8689
1675940.02,66933.38,6,2,1,1,0,0.85,14,1,0.1534,6.26,0.0,0.6,0.99,0.4954,0.8608,0.8651
1563590.5,88424.25,4,1,1,1,0,0.924,16,0,0.2994,6.63,0.0,0.89,0.96,0.4346,0.9649,0.9339
1859141.5,95989.9,3,1,1,1,0,0.823,2,1,0.2201,9.68,0.0,0.9,0.9423,0.5515,0.8496,0.9349
209744.96,3602.63,3,1,1,1,0,0.711,18,0,0.2432,21.35,0.0,0.42,0.5744,0.4931,0.5966,0.6761
135590.28,11246.88,6,2,1,1,0,0.888,1,1,0.3492,3.01,0.0,0.61,0.8985,0.3695,0.9563,0.8668
1575007.09,344109.69,3,2,1,1,0,0.76,1,1,0.2939,2.29,0.0,0.67,0.9098,0.4369,0.8701,0.88
322572.11,2534.31,3,1,2,1,0,0.608,8,0,0.2038,46.67,0.0,0.74,0.5136,0.6541,0.5983,0.7708
1473730.11,26734.13,2,4,1,1,1,0.547,17,0,0.3804,33.08,0.0,0.56,0.7736,0.9333,0.133,0.8269
200185.5,807.73,1,1,1,1,1,0.947,11,0,0.0636,247.84,0.0,0.91,0.2016,0.1145,0.0556,0.9638
884510.09,17997.11,2,3,2,2,1,0.589,8,0,0.39,29.49,0.0,0.68,0.847,0.9189,0.1782,0.8575
32492.27,60.36,2,1,1,1,0,0.914,13,0,0.1489,269.15,0.0,0.79,0.1058,0.0918,0.2033,0.9429
825249.02,6572.37,3,1,2,1,0,0.607,6,1,0.2597,46.04,0.0,0.71,0.5658,0.6421,0.6793,0.7633
600501.5,112608.72,3,2,1,1,0,0.948,3,1,0.1318,2.67,0.0,0.79,0.9222,0.3731,0.8912,0.9092
1302205.55,141146.82,6,2,1,1,0,0.804,1,1,0.2605,2.31,0.0,0.78,0.9085,0.5379,0.9289,0.9064
1765788.82,246538.89,4,2,1,1,0,0.725,20,1,0.1065,2.69,0.0,0.79,0.9673,0.4019,0.8354,0.9101
1793717.9,138034.21,3,1,1,1,0,0.783,23,1,0.1903,6.5,0.0,0.91,0.8917,0.428,0.8573,0.9381
873753.63,52880.06,3,2,1,1,0,0.789,18,0,0.2084,8.26,0.0,0.74,0.9155,0.5536,0.9393,0.8986
89888.62,1288.79,1,1,1,1,1,0.912,13,0,0.1729,69.75,0.0,0.87,0.2337,0.2779,0.1721,0.9558
1137779.87,41958.87,3,2,2,1,2,0.397,19,0,0.3926,10.85,0.0,0.73,0.8285,0.9455,0.3076,0.8706
130737.73,4285.96,5,1,1,1,0,0.875,3,1,0.2656,9.15,0.0,0.78,0.9757,0.5215,0.8338,0.9061
1355060.43,41662.54,6,2,1,1,0,0.855,20,1,0.272,8.13,0.0,0.62,0.8951,0.4916,0.9808,0.8692
657040.98,113017.96,3,2,1,1,0,0.858,15,0,0.1704,2.91,0.0,0.67,0.9763,0.3547,0.9364,0.8814
501795.57,11837.26,2,5,2,2,1,0.381,14,0,0.2822,25.43,0.0,0.84,0.7616,0.8702,0.2479,0.8974
336834.2,7393.3,4,3,2,1,2,0.613,12,0,0.2952,13.67,0.0,0.84,0.872,0.8966,0.2521,0.8996
1214284.94,47362.16,5,2,1,1,0,0.731,16,1,0.3082,7.69,0.0,0.65,0.972,0.3536,0.9442,0.8768
429611.45,2087.0,2,1,1,1,0,0.953,13,0,0.1959,102.93,0.0,0.96,0.204,0.2667,0.1194,0.9723
345481.09,3716.6,2,1,2,1,0,0.754,8,0,0.1421,51.13,0.0,0.7,0.4869,0.4624,0.5389,0.759
571095.55,35662.27,3,1,1,1,0,0.754,12,0,0.2026,8.01,0.0,0.92,0.9644,0.4708,0.8611,0.9413
705530.88,28552.11,5,2,1,1,0,0.787,15,0,0.2441,7.41,0.0,0.91,0.9531,0.5906,0.8393,0.9393
1292620.13,110408.71,4,1,1,1,0,0.851,7,0,0.3079,4.39,0.0,0.84,0.8542,0.3834,0.9381,0.9213
599854.63,5252.67,1,1,1,1,0,0.977,9,0,0.1775,114.2,0.0,0.77,0.0868,0.2499,0.0926,0.9393
282221.2,2332.19,2,1,1,1,0,0.998,10,0,0.1051,60.51,0.0,0.99,0.2309,0.089,0.1647,0.979
2485330.71,347864.95,6,1,1,1,0,0.886,21,1,0.2545,1.79,0.0,0.62,0.9863,0.3775,0.9439,0.8684
583433.12,1348.2,2,1,1,1,0,0.969,11,0,0.1835,216.37,0.0,0.71,0.137,0.1334,0.0897,0.927
560233.87,1164.53,2,1,1,1,1,0.947,12,0,0.1537,240.54,0.0,0.9,0.1267,0.0919,0.216,0.962
962033.67,53753.0,3,1,1,1,0,0.756,22,0,0.3158,8.95,0.0,0.61,0.977,0.3996,0.8188,0.8667
142979.29,4753.26,3,3,3,1,1,0.629,17,0,0.1899,12.03,0.0,0.57,0.9062,0.8744,0.3194,0.8283
82607.86,834.25,4,5,2,1,2,0.651,13,0,0.3644,29.71,0.0,0.82,0.901,0.9035,0.2367,0.8932
218915.46,1703.28,1,1,1,1,0,0.977,10,0,0.0921,128.53,0.0,0.74,0.1176,0.2504,0.1262,0.9326
148406.3,1389.04,1,1,1,1,1,0.914,17,0,0.1411,106.84,0.0,0.76,0.1496,0.2527,0.0848,0.9375
1647388.09,52156.68,5,1,1,1,0,0.871,3,1,0.2948,9.48,0.0,0.87,0.99,0.3679,0.99,0.9286
856574.73,29836.6,2,2,2,1,0,0.727,7,0,0.2631,15.79,0.0,0.65,0.4745,0.6507,0.5818,0.7437
233972.93,424.7,2,1,1,1,0,0.942,10,0,0.1555,275.45,0.0,0.91,0.1251,0.1571,0.1624,0.9635
753067.36,9494.92,3,1,1,1,0,0.745,6,0,0.2421,29.08,0.0,0.52,0.5021,0.4034,0.671,0.7053
89574.92,2552.75,2,1,2,1,0,0.796,19,0,0.1234,19.3,0.0,0.73,0.6186,0.4019,0.5958,0.7697
476706.77,2191.68,1,1,1,1,1,0.962,9,0,0.06,217.51,0.0,0.7,0.0832,0.2561,0.098,0.9265
609372.27,15126.37,2,2,1,1,0,0.612,20,1,0.1052,22.16,0.0,0.78,0.6303,0.4231,0.6078,0.7837
347713.4,4395.97,3,3,2,1,1,0.626,12,0,0.1897,31.64,0.0,0.64,0.7773,0.9597,0.1335,0.8455
754335.11,4265.53,2,1,1,1,1,0.936,11,0,0.1562,88.42,0.0,0.77,0.1995,0.2629,0.1035,0.9377
305815.64,14370.89,4,2,1,1,0,0.933,7,1,0.2652,7.98,0.0,0.6,0.9134,0.4355,0.8697,0.8651
662046.1,15833.55,2,1,2,1,0,0.788,15,0,0.1399,23.0,0.0,0.79,0.5793,0.6509,0.517,0.7865
82270.24,2273.7,2,2,1,1,0,0.518,3,0,0.2803,19.9,0.0,0.52,0.5664,0.6422,0.638,0.7069
2122026.82,204207.46,3,1,1,1,0,0.758,22,0,0.2808,5.2,0.0,0.93,0.8511,0.5302,0.8781,0.9427
488415.53,2980.46,1,1,1,1,0,0.979,12,0,0.1561,163.87,0.0,0.71,0.2261,0.2779,0.1445,0.9285
560908.88,4345.6,3,1,2,1,0,0.664,19,0,0.1054,47.33,0.0,0.52,0.5489,0.5546,0.502,0.7051
312992.81,2373.43,3,1,2,1,0,0.667,8,0,0.2502,48.35,0.0,0.48,0.542,0.4047,0.6551,0.6935
59970.68,347.08,1,1,1,1,0,0.939,17,0,0.0566,172.79,0.0,0.91,0.1559,0.1751,0.1883,0.9634
2454647.23,145742.75,6,2,1,1,0,0.868,20,0,0.103,4.21,0.0,0.78,0.9779,0.4808,0.861,0.9077
919024.21,95869.41,3,2,1,1,0,0.965,10,0,0.3278,4.79,0.0,0.78,0.9632,0.4227,0.9672,0.9084
1928734.34,84851.37,4,1,1,1,0,0.747,20,0,0.3317,8.52,0.0,0.85,0.9038,0.4996,0.8731,0.923
1333044.55,88806.44,2,3,2,2,1,0.402,20,0,0.2376,9.01,0.0,0.79,0.8131,0.9388,0.2688,0.8847
781358.36,13439.67,3,5,2,1,2,0.628,18,0,0.3463,23.26,0.0,0.62,0.8301,0.8904,0.3475,0.8423
1069840.9,68651.1,6,1,1,1,0,0.714,17,1,0.2945,3.9,0.0,0.94,0.9801,0.4516,0.8663,0.9459
639882.93,13235.86,2,3,1,1,2,0.624,20,0,0.2551,29.01,0.0,0.77,0.76,0.9288,0.1303,0.8795
1551665.88,44983.14,6,2,1,1,0,0.951,2,1,0.1695,8.62,0.0,0.66,0.8928,0.4059,0.9327,0.8792
159417.94,981.2,3,2,1,1,0,0.541,12,0,0.1518,59.57,0.0,0.68,0.6395,0.6305,0.5156,0.7538
513763.53,2226.62,1,1,1,1,0,0.999,9,0,0.1299,230.74,0.0,0.87,0.2437,0.2055,0.0791,0.9566
990774.73,16191.57,4,2,3,1,1,0.362,15,0,0.3959,18.36,0.0,0.84,0.8622,0.9555,0.1367,0.8992
299326.2,17434.12,3,2,1,1,0,0.76,6,0,0.3376,8.58,0.0,0.67,0.8733,0.4105,0.8938,0.8817
586665.14,6228.7,2,1,1,1,0,0.745,10,0,0.1252,51.8,0.0,0.74,0.5872,0.6365,0.6877,0.7711
127416.45,986.53,3,1,1,1,0,0.517,13,0,0.295,47.36,0.0,0.49,0.4923,0.5015,0.6757,0.6956
1382860.99,41076.93,2,4,1,2,2,0.487,11,0,0.3541,20.2,0.0,0.81,0.809,0.9497,0.12,0.8902
563871.74,3652.71,3,2,2,1,0,0.521,2,0,0.2816,56.6,0.0,0.63,0.4928,0.6558,0.6109,0.7399
788530.58,1971.64,2,1,1,1,1,0.924,15,0,0.1647,199.97,0.0,0.73,0.2368,0.2066,0.1758,0.9323
146980.14,6814.43,5,2,1,1,0,0.736,9,0,0.3217,6.47,0.0,0.67,0.882,0.5882,0.823,0.8808
1080344.07,53124.92,5,1,1,1,0,0.782,10,1,0.198,6.1,0.0,0.75,0.9813,0.5157,0.865,0.9005
538357.44,5327.18,4,5,2,2,2,0.504,20,0,0.2437,30.32,0.0,0.81,0.7511,0.922,0.3026,0.8895
724243.11,10597.7,4,5,1,1,2,0.693,14,0,0.1579,20.5,0.0,0.67,0.8614,0.9497,0.1215,0.855
399008.34,3664.95,1,1,1,1,0,0.928,17,0,0.1229,108.87,0.0,0.94,0.1122,0.0994,0.1541,0.9693
1200822.46,23749.0,2,5,2,2,1,0.516,6,0,0.3856,30.34,0.0,0.78,0.8387,0.881,0.2084,0.8841
1094670.58,12753.01,3,5,2,1,1,0.62,15,0,0.1906,34.33,0.0,0.57,0.9014,0.8699,0.3043,0.8269
1197653.35,132573.45,5,2,1,1,0,0.759,9,1,0.2068,2.71,0.0,0.81,0.9498,0.4446,0.838,0.9133
577411.2,3791.15,1,1,1,1,0,0.985,11,0,0.0956,152.31,0.0,0.96,0.0917,0.0807,0.2242,0.9725
1065518.94,45655.4,4,2,1,1,0,0.795,19,0,0.2058,8.75,0.0,0.64,0.8956,0.3905,0.8559,0.8728
136952.47,414.32,2,1,1,1,0,1.0,9,0,0.1903,165.27,0.0,0.78,0.1368,0.2556,0.2072,0.9401
806248.98,17891.71,3,1,2,1,0,0.545,14,0,0.1632,16.52,0.0,0.74,0.6744,0.5708,0.5595,0.7729
490994.07,1648.06,2,1,1,1,1,0.945,11,0,0.1962,148.96,0.0,0.97,0.1167,0.2725,0.2125,0.9745
21986.66,236.64,1,1,1,1,0,0.977,17,0,0.0849,92.91,0.0,0.99,0.1551,0.1596,0.218,0.978
1071507.94,77328.84,5,2,1,1,0,0.786,1,1,0.131,4.16,0.0,0.6,0.9839,0.5286,0.871,0.8649
960502.84,115935.59,3,1,1,1,0,0.722,4,1,0.2139,4.14,0.0,0.82,0.9832,0.5901,0.8281,0.9169
410391.96,8814.51,3,1,1,1,0,0.522,22,0,0.1252,17.07,0.0,0.6,0.5805,0.4565,0.682,0.7287
1052607.61,43051.77,6,1,1,1,0,0.786,18,0,0.1134,6.11,0.0,0.87,0.9333,0.4352,0.8081,0.9295
194701.15,1943.0,2,2,1,1,0,0.796,20,1,0.1503,55.11,0.0,0.77,0.4663,0.6222,0.542,0.7818
244537.24,21755.5,5,2,1,1,0,0.764,2,1,0.2025,3.37,0.0,0.75,0.99,0.5028,0.8035,0.9012
1149615.66,87632.61,2,4,3,1,2,0.516,20,0,0.2703,7.87,0.0,0.63,0.7734,0.9565,0.3224,0.8427
86860.4,1334.88,3,1,2,1,0,0.702,19,0,0.1109,23.86,0.0,0.65,0.5377,0.6153,0.6617,0.7457
1337685.93,59978.23,6,2,1,1,0,0.801,13,1,0.2902,5.58,0.0,0.66,0.9118,0.4009,0.9654,0.878
2000042.8,214960.77,4,1,1,1,0,0.855,8,1,0.1213,3.49,0.0,0.8,0.99,0.5654,0.8349,0.913
72038.57,660.59,2,1,2,1,0,0.532,22,0,0.1769,59.98,0.0,0.44,0.6407,0.6378,0.5845,0.6829
87295.06,3918.57,4,1,1,1,0,0.882,15,1,0.2656,8.35,0.0,0.71,0.99,0.5709,0.9517,0.8915
1990146.09,270510.34,3,1,1,1,0,0.844,11,0,0.24,3.68,0.0,0.75,0.9655,0.4706,0.97,0.8989
661222.55,1488.03,2,1,1,1,1,0.939,12,0,0.052,222.18,0.0,0.78,0.2421,0.2175,0.1974,0.9398
1768118.81,155953.53,6,1,1,1,0,0.971,13,1,0.2222,2.83,0.0,0.86,0.9396,0.4368,0.973,0.9255
2438105.52,178804.46,3,1,1,1,0,0.876,7,1,0.2556,6.82,0.0,0.6,0.944,0.4592,0.9676,0.8645
861504.96,32895.82,4,2,1,1,0,0.901,0,1,0.1287,9.82,0.0,0.73,0.9867,0.5582,0.8325,0.8957
1089441.57,51486.28,4,2,1,1,0,0.776,23,1,0.1396,7.93,0.0,0.92,0.99,0.4442,0.8671,0.9408
992859.06,21273.34,2,5,1,1,2,0.41,15,0,0.3411,28.0,0.0,0.54,0.906,0.9764,0.329,0.8211
94529.98,351.53,2,1,1,1,0,0.999,9,0,0.1192,134.46,0.0,0.99,0.0889,0.1116,0.1927,0.9778
1233084.07,68846.59,3,2,1,1,0,0.961,9,1,0.2223,8.96,0.0,0.9,0.99,0.5539,0.8404,0.937
2195092.29,831037.3,3,2,1,1,0,0.823,10,1,0.1533,1.32,0.0,0.67,0.9759,0.4107,0.9896,0.88
64095.49,6682.79,5,2,1,1,0,0.746,13,0,0.1605,2.88,0.0,0.62,0.8691,0.3866,0.8346,0.8693
2046709.24,197177.43,5,1,1,1,0,0.736,4,1,0.2384,3.11,0.0,0.63,0.9584,0.5478,0.8138,0.8705
590957.45,6173.34,3,1,1,1,0,0.792,3,0,0.1866,35.1,0.0,0.49,0.5574,0.6775,0.5808,0.6957
545563.45,1441.05,2,1,1,1,1,0.966,17,0,0.1002,189.29,0.0,0.8,0.1959,0.1975,0.0904,0.9435
444893.75,3871.32,3,2,1,1,0,0.578,0,0,0.122,42.14,0.0,0.63,0.5183,0.5724,0.481,0.7383
189753.7,701.16,2,1,1,1,0,0.936,15,0,0.1383,135.31,0.0,0.78,0.247,0.2107,0.2441,0.9408
1236259.32,14978.65,4,5,2,1,2,0.675,10,0,0.3914,24.76,0.0,0.64,0.8602,0.9331,0.2951,0.8452
614953.23,6357.55,2,2,2,1,0,0.734,2,0,0.1374,53.2,0.0,0.67,0.5485,0.6228,0.4303,0.7516
523359.65,1122.93,2,1,1,1,1,0.98,11,0,0.1876,233.03,0.0,0.93,0.1876,0.1308,0.1897,0.9668
253873.73,2370.46,2,2,2,1,0,0.614,17,0,0.1506,58.9,0.0,0.71,0.6355,0.4712,0.6835,0.764
2484374.43,248880.9,4,2,1,1,0,0.736,16,1,0.2199,3.74,0.0,0.91,0.9352,0.5465,0.838,0.9379
370598.19,1931.17,1,1,1,1,1,0.94,11,0,0.0815,191.9,0.0,0.75,0.09,0.1006,0.1624,0.9343
1269147.39,23679.05,3,3,1,1,2,0.551,9,0,0.3251,21.44,0.0,0.87,0.7519,0.9731,0.1703,0.9053
1282213.01,25862.04,2,2,1,2,1,0.629,17,0,0.2476,29.75,0.0,0.64,0.8234,0.9566,0.2353,0.8465
598722.6,1777.81,2,1,1,1,1,0.944,14,0,0.1194,168.39,0.0,0.98,0.2027,0.0824,0.0733,0.9771
853257.75,19290.07,3,2,2,1,0,0.653,7,0,0.239,16.22,0.0,0.55,0.5576,0.4582,0.6855,0.715
823218.71,11822.99,2,1,2,1,0,0.769,19,0,0.1881,38.3,0.0,0.51,0.5559,0.5902,0.451,0.7029
1725236.53,43283.74,6,2,1,1,0,0.751,2,1,0.1099,9.96,0.0,0.92,0.99,0.5315,0.9037,0.94
1495174.12,109160.66,2,4,1,1,1,0.699,7,0,0.1706,8.22,0.0,0.6,0.8442,0.9598,0.2779,0.8368
610918.44,11683.85,2,3,3,2,2,0.592,13,0,0.3851,31.37,0.0,0.6,0.7662,0.869,0.2361,0.835
507758.12,21875.62,2,5,3,2,1,0.578,13,0,0.3841,13.93,0.0,0.64,0.8179,0.957,0.1508,0.847
340425.3,23533.15,3,1,1,1,0,0.759,22,1,0.105,7.23,0.0,0.94,0.9188,0.516,0.8739,0.9458
1206849.84,109833.5,5,2,1,1,0,0.905,18,0,0.178,3.3,0.0,0.64,0.9094,0.5961,0.9175,0.8738
549520.86,1156.73,2,1,1,1,1,0.975,16,0,0.1872,237.53,0.0,0.93,0.0511,0.2275,0.1975,0.9676
92824.06,987.26,4,2,1,2,1,0.474,21,0,0.3685,28.21,0.0,0.56,0.8899,0.8931,0.2183,0.8262
470868.49,5028.83,2,2,1,1,0,0.689,0,0,0.1231,51.5,0.0,0.62,0.5524,0.6226,0.4325,0.737
494457.57,24130.91,3,5,1,1,1,0.699,13,0,0.2982,8.2,0.0,0.73,0.84,0.8752,0.1702,0.8711
406868.74,1577.33,1,1,1,1,1,0.904,16,0,0.062,257.95,0.0,0.77,0.1036,0.099,0.1277,0.9392
877789.25,36128.44,2,5,2,2,2,0.459,14,0,0.2241,14.58,0.0,0.55,0.8295,0.8803,0.2265,0.8243
1859891.21,67884.23,6,2,1,1,0,0.747,12,1,0.3494,6.85,0.0,0.94,0.99,0.4545,0.8573,0.9454
1069901.44,166841.95,3,2,1,1,0,0.95,2,1,0.1483,3.21,0.0,0.92,0.9084,0.4769,0.9394,0.9397
1428960.22,35156.52,2,4,3,2,1,0.659,13,0,0.3251,24.39,0.0,0.77,0.865,0.9259,0.1838,0.881
1443642.47,17705.77,3,5,2,2,2,0.46,18,0,0.2617,32.61,0.0,0.8,0.8704,0.9027,0.1436,0.8891
371019.84,28942.8,4,2,1,1,0,0.879,15,0,0.2859,4.81,0.0,0.67,0.8763,0.5241,0.9773,0.881
518256.19,30684.55,5,2,1,1,0,0.825,10,1,0.2129,5.07,0.0,0.9,0.9647,0.5047,0.9888,0.9361
1380409.36,42245.99,6,1,1,1,0,0.741,6,1,0.2527,8.17,0.0,0.91,0.9477,0.4994,0.8055,0.9389
856983.59,13182.9,3,5,3,1,1,0.537,6,0,0.3052,26.0,0.0,0.84,0.7919,0.9561,0.2996,0.8981
990685.96,189948.34,3,1,1,1,0,0.906,22,0,0.1488,2.61,0.0,0.66,0.8767,0.4732,0.8704,0.8776
2013432.13,181103.08,5,2,1,1,0,0.832,9,0,0.2396,3.34,0.0,0.85,0.8539,0.4226,0.9334,0.924
1948811.39,172661.32,3,1,1,1,0,0.741,22,0,0.1657,5.64,0.0,0.67,0.891,0.3593,0.9108,0.8796
645025.36,4532.3,3,1,1,1,0,0.652,12,0,0.2268,52.18,0.0,0.49,0.5539,0.4964,0.4232,0.6966
1240852.2,42845.56,6,2,1,1,0,0.767,19,1,0.3492,7.24,0.0,0.87,0.9696,0.3697,0.9235,0.9294
622698.84,3062.44,2,1,1,1,1,0.93,16,0,0.1971,101.67,0.0,0.7,0.0752,0.1894,0.2412,0.9262
580385.7,5445.81,2,2,1,1,0,0.783,19,0,0.1932,58.62,0.0,0.69,0.6645,0.4848,0.4819,0.757
732638.62,1963.42,2,1,1,1,1,0.923,13,0,0.1142,186.57,0.0,0.92,0.2242,0.2598,0.0636,0.9651
834563.6,37232.18,6,1,1,1,0,0.839,9,1,0.1166,5.6,0.0,0.91,0.99,0.5045,0.9798,0.9376
2003749.85,119146.52,3,2,1,1,0,0.791,23,1,0.3197,8.41,0.0,0.74,0.922,0.4065,0.9445,0.8974
879479.37,73644.79,4,1,1,1,0,0.769,8,0,0.1735,4.48,0.0,0.77,0.8779,0.4211,0.8106,0.9039
835725.03,85815.04,4,1,1,1,0,0.92,13,1,0.3412,3.65,0.0,0.69,0.99,0.407,0.9455,0.8858
1483974.32,69883.41,5,2,1,1,0,0.781,3,1,0.1691,6.37,0.0,0.85,0.9892,0.5324,0.9394,0.9236
125476.97,1190.87,2,2,2,1,0,0.643,9,0,0.264,57.95,0.0,0.45,0.618,0.401,0.4507,0.6852
254825.59,6899.57,6,2,1,1,0,0.912,8,0,0.2553,9.23,0.0,0.75,0.9155,0.5879,0.9014,0.8992
670922.38,7169.95,3,1,1,1,0,0.847,1,0,0.2115,34.31,0.0,0.64,0.692,0.6393,0.4776,0.7422
16550.53,38.1,2,1,1,1,1,0.96,12,0,0.107,217.2,0.0,0.93,0.1999,0.2125,0.0513,0.9672
597079.0,37576.39,3,1,1,1,0,0.815,8,0,0.1859,7.94,0.0,0.73,0.8948,0.5468,0.9571,0.895
776134.73,45242.76,3,1,1,1,0,0.72,12,0,0.2281,8.58,0.0,0.74,0.9709,0.536,0.841,0.8977
1040816.5,15551.11,4,5,3,1,2,0.426,17,0,0.3091,20.08,0.0,0.59,0.8185,0.9733,0.1267,0.834
1312377.49,67364.84,3,5,3,1,1,0.586,19,0,0.1832,7.79,0.0,0.56,0.8692,0.9732,0.2674,0.8264
847204.43,11008.14,2,1,1,1,0,0.776,4,0,0.1564,42.33,0.0,0.65,0.5046,0.5813,0.6784,0.7459
1975138.26,843307.4,3,2,1,1,0,0.921,13,0,0.1079,1.17,0.0,0.75,0.9416,0.4636,0.9082,0.9004
210967.16,613.15,2,1,1,1,0,0.94,16,0,0.1743,172.04,0.0,0.94,0.2016,0.1518,0.0745,0.9687
2168842.85,95952.44,5,1,1,1,0,0.721,11,1,0.2198,6.78,0.0,0.79,0.961,0.4217,0.8425,0.9091
1021695.34,61504.98,6,2,1,1,0,0.719,22,0,0.1917,4.15,0.0,0.62,0.9349,0.5272,0.9579,0.8681
680553.39,19860.39,6,2,1,1,0,0.962,17,0,0.1983,8.57,0.0,0.78,0.966,0.5672,0.9276,0.9064
1038224.58,85468.35,4,2,1,1,0,0.919,20,0,0.2982,4.56,0.0,0.73,0.892,0.5854,0.8371,0.8942
391643.94,736.94,2,1,1,1,1,0.971,13,0,0.1573,265.72,0.0,0.94,0.2467,0.2047,0.2296,0.9687
1585445.81,198440.27,5,2,1,1,0,0.907,4,1,0.2647,2.4,0.0,0.92,0.9467,0.5276,0.9081,0.9415
1321974.21,254004.46,3,2,1,1,0,0.839,14,1,0.1052,2.6,0.0,0.62,0.9495,0.5344,0.8568,0.8696
618415.19,33137.45,3,2,1,1,0,0.799,9,0,0.1203,9.33,0.0,0.82,0.912,0.5836,0.8492,0.9176
587380.05,1625.65,2,1,1,1,1,0.949,11,0,0.0621,180.66,0.0,0.92,0.0517,0.2268,0.0762,0.9654
344171.28,15980.29,6,2,1,1,0,0.737,4,1,0.1854,5.38,0.0,0.63,0.9186,0.4059,0.959,0.8719
87047.12,6298.67,2,3,2,2,2,0.524,6,0,0.2244,8.29,0.0,0.87,0.9134,0.9729,0.2516,0.907
110538.82,2469.4,3,5,1,2,2,0.582,19,0,0.1702,17.91,0.0,0.58,0.9164,0.9701,0.3298,0.8304
567724.1,28347.03,6,1,1,1,0,0.784,4,1,0.1056,5.01,0.0,0.65,0.9757,0.5945,0.8189,0.8754
291438.91,2763.4,4,4,2,1,2,0.543,19,0,0.3885,31.64,0.0,0.74,0.9033,0.8919,0.249,0.8726
1484441.86,16113.93,4,2,2,1,1,0.437,6,0,0.3931,27.64,0.0,0.88,0.7893,0.8822,0.249,0.9084
1001818.86,33139.15,2,4,3,2,1,0.378,8,0,0.3802,18.14,0.0,0.69,0.8587,0.8604,0.1782,0.8605
279057.88,27617.39,5,1,1,1,0,0.971,10,0,0.3189,3.03,0.0,0.9,0.9641,0.5153,0.8818,0.9358
1073003.21,31972.09,4,5,1,2,2,0.589,13,0,0.1667,10.07,0.0,0.51,0.9012,0.9237,0.245,0.8115
1379724.56,126998.88,6,1,1,1,0,0.931,6,0,0.2046,2.72,0.0,0.74,0.9397,0.535,0.9167,0.8973
957028.57,26401.45,2,1,2,1,0,0.638,17,0,0.2148,19.94,0.0,0.76,0.645,0.6202,0.4648,0.7781
621352.05,61337.04,3,2,1,1,0,0.802,1,1,0.1161,5.07,0.0,0.66,0.9534,0.4362,0.8647,0.8793
1657374.24,437123.31,5,1,1,1,0,0.751,20,1,0.2417,1.14,0.0,0.68,0.8919,0.3552,0.904,0.8839
2484393.85,174102.7,4,1,1,1,0,0.743,8,1,0.3473,5.35,0.0,0.61,0.9411,0.5544,0.8555,0.8657
1488582.33,64548.72,3,5,1,2,2,0.599,6,0,0.2096,9.22,0.0,0.81,0.7949,0.9545,0.3126,0.89
226497.77,1325.74,1,1,1,1,0,0.949,16,0,0.1794,170.85,0.0,0.75,0.1525,0.1757,0.2297,0.9344
1859848.17,68244.4,5,1,1,1,0,0.828,17,0,0.1855,8.18,0.0,0.92,0.9685,0.4938,0.9494,0.9404
959796.59,8839.9,2,1,2,1,0,0.758,21,0,0.261,59.72,0.0,0.76,0.4629,0.5476,0.4501,0.7771
2255530.43,84834.76,4,1,1,1,0,0.718,22,0,0.2492,9.97,0.0,0.89,0.9118,0.5344,0.8033,0.9327
780619.69,8092.8,2,1,1,1,0,0.702,22,0,0.226,53.05,0.0,0.44,0.5156,0.5285,0.4945,0.6822
358287.37,13845.55,2,3,2,2,2,0.436,11,0,0.1837,15.53,0.0,0.72,0.9067,0.8636,0.1815,0.8662
1356147.62,153418.2,3,2,1,1,0,0.72,13,0,0.2598,4.42,0.0,0.91,0.9182,0.4434,0.9474,0.9377
244588.06,10525.88,6,2,1,1,0,0.709,11,1,0.3428,5.81,0.0,0.89,0.99,0.5271,0.9537,0.9346
1795285.47,68782.34,5,2,1,1,0,0.722,16,0,0.3462,7.83,0.0,0.68,0.9429,0.4835,0.9389,0.8821
1181309.49,16434.42,4,5,2,2,1,0.422,21,0,0.2581,21.56,0.0,0.79,0.8335,0.8687,0.3247,0.8857
343192.4,5521.32,3,1,1,1,0,0.705,21,1,0.2425,22.79,0.0,0.55,0.6105,0.56,0.5669,0.7155
817998.83,14192.15,3,5,2,2,2,0.574,18,0,0.3646,23.05,0.0,0.62,0.9086,0.8692,0.1959,0.8407
802200.28,39237.53,4,3,2,2,1,0.585,14,0,0.3875,6.13,0.0,0.65,0.8523,0.9185,0.2755,0.8498
1031539.91,44843.58,4,2,1,1,0,0.97,11,0,0.1523,8.63,0.0,0.83,0.9164,0.4078,0.8985,0.9192
2469032.5,285743.66,3,2,1,1,0,0.956,10,1,0.2418,4.32,0.0,0.71,0.9434,0.4294,0.9289,0.8914
305961.88,3169.9,3,1,1,1,0,0.82,5,0,0.277,35.39,0.0,0.43,0.6014,0.6409,0.6781,0.6796
955681.64,200419.17,4,1,1,1,0,0.877,6,1,0.1843,1.79,0.0,0.79,0.9807,0.435,0.841,0.9086
912412.71,18761.55,4,5,2,2,1,0.415,14,0,0.2235,14.59,0.0,0.61,0.8978,0.8789,0.234,0.8387
636262.85,21972.95,2,2,1,1,0,0.565,14,0,0.1221,15.93,0.0,0.58,0.6788,0.4574,0.5491,0.7255
1220873.17,23256.22,2,3,2,2,1,0.493,6,0,0.3199,31.5,0.0,0.78,0.9141,0.919,0.2655,0.8831
247162.38,4391.5,2,2,2,1,2,0.693,11,0,0.3574,33.77,0.0,0.88,0.8458,0.9723,0.3097,0.9084
1180865.39,27858.16,2,5,1,2,1,0.516,18,0,0.2302,25.43,0.0,0.83,0.8685,0.9804,0.2837,0.895
41066.49,1454.17,2,2,1,1,1,0.491,16,0,0.2589,16.94,0.0,0.87,0.8702,0.8758,0.2532,0.9056
805971.44,6655.48,3,1,1,1,0,0.774,0,0,0.1466,44.4,0.0,0.61,0.6322,0.5803,0.4635,0.7318
869748.03,9995.41,3,2,1,2,2,0.428,18,0,0.3307,34.81,0.0,0.7,0.8172,0.9113,0.2888,0.8626
524189.74,10389.14,2,4,3,1,2,0.384,14,0,0.3729,30.27,0.0,0.58,0.896,0.8991,0.3364,0.8313
2320778.93,120051.18,3,1,1,1,0,0.973,2,1,0.211,9.67,0.0,0.95,0.9535,0.4876,0.9481,0.9475
789850.86,12161.78,3,2,1,1,0,0.678,12,0,0.1515,23.81,0.0,0.76,0.5317,0.5587,0.5313,0.7766
939016.38,163332.94,5,1,1,1,0,0.791,19,0,0.2374,1.72,0.0,0.73,0.8666,0.5415,0.9577,0.8956
680590.16,13613.22,2,1,1,1,0,0.578,23,0,0.2834,27.5,0.0,0.53,0.5827,0.6692,0.6827,0.7089
266402.55,1624.46,1,1,1,1,1,0.971,13,0,0.0963,163.99,0.0,0.71,0.115,0.092,0.0972,0.9284
2486203.99,137674.35,6,2,1,1,0,0.892,13,0,0.3189,4.51,0.0,0.72,0.8756,0.4324,0.9336,0.8926
1698589.82,89213.38,6,2,1,1,0,0.797,18,0,0.2716,4.76,0.0,0.68,0.9587,0.5305,0.8398,0.8841
674853.08,7357.84,2,2,2,1,0,0.658,3,0,0.1817,50.45,0.0,0.69,0.4981,0.6301,0.5113,0.7564
1164202.94,9995.32,4,5,1,2,2,0.499,9,0,0.2332,34.94,0.0,0.79,0.8486,0.8789,0.1914,0.8855
1006267.37,33028.79,6,2,1,1,0,0.911,8,1,0.2905,7.62,0.0,0.71,0.8988,0.3594,0.9606,0.8893
378159.52,14358.25,5,1,1,1,0,0.868,5,1,0.2673,7.9,0.0,0.87,0.99,0.4578,0.8414,0.9278
93489.64,1624.53,3,5,3,1,1,0.638,14,0,0.2513,23.02,0.0,0.78,0.9152,0.881,0.1344,0.8837
1850653.68,111451.01,3,1,1,1,0,0.865,1,1,0.1347,8.3,0.0,0.76,0.99,0.3897,0.99,0.9034
778049.57,3782.18,2,1,1,1,0,0.902,11,0,0.1711,102.86,0.0,0.81,0.1691,0.2387,0.0622,0.946
1258869.93,27699.81,4,2,3,1,1,0.453,17,0,0.2922,13.63,0.0,0.64,0.8734,0.9489,0.2624,0.8454
1032398.44,9925.89,4,5,1,1,1,0.47,17,0,0.2438,31.2,0.0,0.79,0.8318,0.9323,0.3135,0.8854
2473504.54,275296.26,3,2,1,1,0,0.95,21,1,0.2728,4.49,0.0,0.93,0.9053,0.3653,0.8829,0.9422
1338377.89,66897.68,4,1,1,1,0,0.909,12,0,0.1403,7.5,0.0,0.94,0.8765,0.398,0.8355,0.9451
109073.6,5522.1,4,1,1,1,0,0.715,12,0,0.3225,7.41,0.0,0.78,0.8952,0.4134,0.8414,0.9077
2052204.73,481760.68,4,1,1,1,0,0.713,6,0,0.244,1.6,0.0,0.85,0.9126,0.4138,0.8555,0.9229
766829.69,55669.97,5,2,1,1,0,0.951,2,1,0.2381,4.13,0.0,0.87,0.9807,0.5769,0.9806,0.9298
385399.44,1472.49,2,1,1,1,1,0.95,15,0,0.1601,130.87,0.0,0.94,0.1864,0.1675,0.24,0.9684
347059.85,2173.6,1,1,1,1,0,0.944,12,0,0.1514,159.67,0.0,0.76,0.2578,0.1867,0.1078,0.9376
227423.74,3767.66,1,1,1,1,1,0.999,11,0,0.082,60.36,0.0,0.97,0.2369,0.1731,0.0769,0.9751
1124244.35,83376.41,6,1,1,1,0,0.87,14,0,0.1928,3.37,0.0,0.9,0.9117,0.3649,0.8488,0.9362
597520.97,3006.84,2,1,1,1,1,0.976,12,0,0.1201,99.36,0.0,0.72,0.2429,0.2761,0.1362,0.929
689190.47,22340.43,2,5,3,2,2,0.625,7,0,0.2955,18.51,0.0,0.85,0.787,0.8838,0.2976,0.9016
520361.46,40836.76,4,2,1,1,0,0.945,20,1,0.1814,4.78,0.0,0.75,0.917,0.5177,0.8974,0.9007
361800.46,47069.0,5,2,1,1,0,0.707,7,1,0.1194,2.31,0.0,0.62,0.9531,0.5894,0.8726,0.8689
2494993.95,211396.69,5,2,1,1,0,0.808,14,0,0.35,3.54,0.0,0.88,0.9057,0.5192,0.969,0.9314
427485.39,5107.04,3,2,3,1,1,0.593,16,0,0.3515,33.48,0.0,0.51,0.851,0.9736,0.2143,0.8133
1254687.22,116015.67,4,1,1,1,0,0.702,4,1,0.1222,4.06,0.0,0.77,0.8981,0.5076,0.8134,0.9041
684134.26,25838.29,6,2,1,1,0,0.937,10,1,0.3197,6.62,0.0,0.81,0.99,0.3791,0.9073,0.9136
521260.19,26504.07,2,5,3,1,1,0.619,6,0,0.3811,11.8,0.0,0.75,0.8526,0.9787,0.2488,0.8742
534930.65,8267.03,3,2,2,2,2,0.448,17,0,0.1504,25.88,0.0,0.75,0.8773,0.8924,0.2269,0.8762
319172.09,5703.46,2,2,2,1,0,0.637,13,0,0.1607,30.78,0.0,0.66,0.6062,0.5671,0.4646,0.7466
659492.57,12703.08,2,2,2,2,2,0.446,19,0,0.1741,31.15,0.0,0.79,0.7694,0.8956,0.2513,0.8862
1168436.69,40636.84,4,2,2,2,2,0.648,10,0,0.1904,8.63,0.0,0.66,0.8712,0.8655,0.1497,0.8516
1483862.87,114985.61,3,1,1,1,0,0.866,23,1,0.1576,6.45,0.0,0.77,0.99,0.4385,0.926,0.9054
198633.41,1997.69,2,1,1,1,0,0.904,16,0,0.1843,49.72,0.0,0.94,0.2542,0.2017,0.1544,0.9686
595011.35,7035.27,3,4,3,2,2,0.361,20,0,0.3657,33.83,0.0,0.71,0.8091,0.9431,0.2226,0.864
975632.3,57163.2,3,1,1,1,0,0.895,3,1,0.3148,8.53,0.0,0.64,0.9268,0.5334,0.9673,0.874
441827.03,28656.35,4,2,1,1,0,0.841,23,1,0.1373,5.78,0.0,0.94,0.9858,0.4681,0.9339,0.9465
1423008.2,56516.67,5,2,1,1,0,0.855,9,1,0.1624,7.55,0.0,0.91,0.9645,0.5016,0.8587,0.9386
933036.16,21525.32,2,2,1,1,0,0.607,22,0,0.1328,23.84,0.0,0.67,0.621,0.4803,0.4277,0.7503
1029454.99,129732.94,4,2,1,1,0,0.81,4,1,0.1692,2.98,0.0,0.93,0.9012,0.4869,0.9187,0.9433
216533.95,1593.82,1,1,1,1,1,0.929,10,0,0.1023,135.86,0.0,0.76,0.2449,0.115,0.2266,0.9367
422182.81,6140.56,4,2,3,2,1,0.387,7,0,0.1584,20.63,0.0,0.87,0.9034,0.9092,0.1267,0.9052
635427.89,7680.73,1,1,1,1,1,0.985,10,0,0.1159,82.73,0.0,0.71,0.0844,0.2682,0.1656,0.9273
394335.33,3001.67,1,1,1,1,0,0.9,16,0,0.0723,131.37,0.0,0.84,0.1501,0.0894,0.0606,0.9503
247356.12,532.14,2,1,1,1,1,0.937,16,0,0.059,232.42,0.0,0.89,0.1167,0.1967,0.1468,0.9603
282298.33,11934.88,4,2,1,1,0,0.744,9,0,0.1235,8.87,0.0,0.79,0.9471,0.4531,0.9139,0.9087
669701.65,9028.61,3,2,2,1,1,0.391,19,0,0.3839,29.67,0.0,0.71,0.8775,0.9341,0.2568,0.8654
55501.99,2273.68,5,2,1,1,0,0.735,3,1,0.1788,7.32,0.0,0.67,0.99,0.5122,0.904,0.8805
197050.09,1676.15,2,1,1,1,0,0.964,14,0,0.1897,58.78,0.0,0.73,0.0606,0.2579,0.0692,0.9319
600157.37,1473.67,2,1,1,1,1,0.992,16,0,0.0599,203.63,0.0,0.94,0.0831,0.1173,0.2457,0.9692
207884.6,448.13,2,1,1,1,0,0.984,15,0,0.1748,231.94,0.0,0.76,0.1844,0.088,0.0638,0.9374
29291.88,270.96,1,1,1,1,1,0.938,10,0,0.1333,108.1,0.0,0.95,0.1344,0.2457,0.1947,0.9707
346059.53,4996.36,3,1,1,1,0,0.663,14,0,0.1055,25.4,0.0,0.53,0.6283,0.4413,0.5154,0.7076
1818299.76,97829.12,4,2,1,1,0,0.707,18,0,0.1344,6.97,0.0,0.75,0.869,0.5754,0.937,0.9009
659838.6,41316.4,5,1,1,1,0,0.965,14,0,0.3007,4.79,0.0,0.81,0.9775,0.5128,0.9517,0.9152
1933711.79,138799.66,6,1,1,1,0,0.716,18,0,0.1131,3.48,0.0,0.71,0.9793,0.4371,0.9293,0.891
1163503.15,33065.06,6,1,1,1,0,0.728,0,1,0.2119,8.8,0.0,0.66,0.9591,0.4204,0.8164,0.8773
895410.11,30420.45,2,3,2,1,2,0.394,19,0,0.3777,17.66,0.0,0.54,0.812,0.9631,0.2817,0.8196
1152229.04,100951.38,4,1,1,1,0,0.815,12,0,0.3282,4.28,0.0,0.81,0.9021,0.5657,0.8385,0.9133
705456.41,6661.15,3,1,1,1,0,0.745,1,0,0.1421,38.83,0.0,0.51,0.5917,0.5251,0.6258,0.7031
2155727.28,216967.77,3,2,1,1,0,0.705,10,0,0.2357,4.97,0.0,0.88,0.8988,0.5989,0.9607,0.9304
2244569.78,63949.09,6,1,1,1,0,0.863,21,0,0.1018,8.77,0.0,0.61,0.8692,0.3969,0.9605,0.8669
2424396.97,443308.89,5,1,1,1,0,0.761,13,0,0.2723,1.64,0.0,0.94,0.9469,0.4728,0.9021,0.9454
2042372.55,118908.37,6,2,1,1,0,0.974,1,1,0.222,4.29,0.0,0.68,0.9529,0.5892,0.9728,0.8822
812139.11,10319.14,2,1,2,1,0,0.582,1,0,0.2416,43.29,0.0,0.68,0.4962,0.5672,0.6606,0.754
1790178.53,551495.24,4,1,1,1,0,0.957,6,0,0.1429,1.22,0.0,0.87,0.8974,0.5544,0.8467,0.9282
241729.38,722.71,2,1,1,1,0,0.967,17,0,0.1122,167.24,0.0,0.91,0.1062,0.1105,0.2037,0.963
286152.89,14825.39,2,2,3,2,2,0.518,15,0,0.3684,11.58,0.0,0.62,0.8691,0.972,0.1666,0.8421
2450534.93,81239.36,5,2,1,1,0,0.719,18,0,0.2656,9.05,0.0,0.88,0.9335,0.5486,0.9033,0.9305
987525.62,89184.71,3,1,1,1,0,0.718,11,1,0.1604,5.54,0.0,0.85,0.9293,0.3612,0.8946,0.9233
333480.07,652.67,2,1,1,1,0,0.979,12,0,0.1619,255.47,0.0,0.85,0.0769,0.194,0.1484,0.9527
1321381.12,33378.44,3,3,1,1,2,0.39,11,0,0.3876,15.84,0.0,0.76,0.7972,0.9291,0.2643,0.8775
888249.98,11518.5,3,3,3,2,1,0.439,7,0,0.3537,30.85,0.0,0.64,0.9053,0.8801,0.1331,0.8458
303965.77,5224.23,2,4,1,1,1,0.455,8,0,0.1733,34.91,0.0,0.62,0.8347,0.8841,0.2273,0.8415
699368.2,2745.48,1,1,1,1,0,0.928,10,0,0.1956,254.73,0.0,0.8,0.2058,0.2565,0.0872,0.9446
815105.07,19488.1,2,1,2,1,0,0.716,1,0,0.298,23.0,0.0,0.57,0.4743,0.4338,0.5835,0.7206
584792.57,6482.47,2,1,1,1,0,0.745,11,0,0.1735,49.62,0.0,0.75,0.4573,0.5231,0.5631,0.7737
432206.07,13186.72,2,3,2,1,1,0.694,20,0,0.2354,19.67,0.0,0.9,0.8943,0.8938,0.1649,0.9139
1158244.89,49271.59,6,1,1,1,0,0.938,2,1,0.3334,5.88,0.0,0.81,0.99,0.508,0.9033,0.9141
1248517.33,49706.66,3,3,3,1,2,0.648,11,0,0.3419,10.05,0.0,0.69,0.8498,0.9689,0.2451,0.8586
634620.65,8634.95,1,1,1,1,0,0.92,9,0,0.1857,73.49,0.0,0.95,0.0521,0.2539,0.055,0.9714
124463.27,3762.31,2,4,2,1,1,0.364,15,0,0.3406,19.85,0.0,0.59,0.8251,0.9558,0.2109,0.8332
1293116.33,56774.93,4,2,1,1,0,0.71,14,0,0.1606,8.54,0.0,0.82,0.8713,0.421,0.9329,0.9176
1490664.2,46021.01,2,2,2,2,2,0.556,18,0,0.2334,19.43,0.0,0.78,0.9142,0.8696,0.1808,0.8828
2180968.75,71058.44,5,2,1,1,0,0.852,15,0,0.2034,9.21,0.0,0.85,0.9632,0.3956,0.9467,0.924
2452291.56,129531.29,6,2,1,1,0,0.844,1,1,0.3191,4.73,0.0,0.9,0.9167,0.5581,0.8598,0.9349
777211.31,9507.27,2,2,1,1,0,0.594,3,1,0.1932,44.96,0.0,0.49,0.6586,0.464,0.6483,0.6968
708654.96,13243.8,2,4,2,2,1,0.573,16,0,0.277,32.11,0.0,0.87,0.8914,0.9889,0.2633,0.9072
438865.83,2156.68,1,1,1,1,0,0.989,11,0,0.1059,203.49,0.0,0.82,0.2358,0.2508,0.1698,0.9469
1214868.05,43103.78,6,1,1,1,0,0.729,16,0,0.2652,7.05,0.0,0.71,0.9061,0.3631,0.9687,0.8908
60750.45,1524.19,3,5,1,2,2,0.589,21,0,0.3144,15.94,0.0,0.81,0.8473,0.9761,0.1837,0.8897
2180445.88,318262.9,3,2,1,1,0,0.799,4,1,0.2957,3.43,0.0,0.79,0.99,0.4398,0.9407,0.9104
713249.25,3486.81,2,1,1,1,0,0.909,16,0,0.1231,102.28,0.0,0.89,0.0718,0.1839,0.1655,0.9603
195520.48,1711.32,2,1,1,1,1,0.998,14,0,0.178,57.13,0.0,0.91,0.2181,0.1855,0.1215,0.964
730921.91,22303.23,5,1,1,1,0,0.764,4,1,0.2782,9.83,0.0,0.67,0.9068,0.4343,0.9311,0.8806
613105.54,30997.59,6,1,1,1,0,0.866,23,1,0.1725,4.94,0.0,0.63,0.99,0.5009,0.8711,0.872
551427.7,47274.39,2,3,1,2,2,0.517,9,0,0.3731,7.0,0.0,0.81,0.9193,0.893,0.2322,0.89
1575860.34,61897.68,4,1,1,1,0,0.72,18,0,0.3025,9.55,0.0,0.73,0.9412,0.3994,0.8071,0.8954
739463.96,27914.43,4,1,1,1,0,0.849,12,0,0.2598,9.93,0.0,0.64,0.9411,0.353,0.946,0.8725
380682.0,800.32,2,1,1,1,1,0.967,14,0,0.0755,237.83,0.0,0.72,0.0751,0.1122,0.1566,0.93
376518.35,8917.15,2,1,1,1,0,0.573,19,0,0.2843,23.22,0.0,0.76,0.6558,0.5055,0.4213,0.7766
334653.53,892.36,2,1,1,1,0,0.944,17,0,0.1442,187.51,0.0,0.84,0.236,0.1576,0.1859,0.9505
685462.71,79556.19,6,1,1,1,0,0.771,0,1,0.24,2.15,0.0,0.73,0.9433,0.4658,0.8126,0.8962
2136484.77,86559.89,6,1,1,1,0,0.835,5,0,0.1837,6.17,0.0,0.89,0.9446,0.4484,0.9741,0.9334
550760.28,5463.26,3,2,2,1,0,0.539,23,0,0.2454,36.96,0.0,0.77,0.6093,0.6665,0.4459,0.7808
1530270.28,47240.85,6,1,1,1,0,0.714,4,1,0.2824,8.1,0.0,0.69,0.9001,0.4362,0.8509,0.886
445576.52,2437.24,1,1,1,1,1,0.959,11,0,0.1817,182.82,0.0,0.94,0.0659,0.1204,0.1815,0.9698
453782.23,27268.41,3,5,1,2,2,0.624,15,0,0.2844,6.66,0.0,0.78,0.8572,0.9824,0.303,0.8826
341656.97,3048.32,4,3,2,1,1,0.532,19,0,0.2817,33.62,0.0,0.51,0.7623,0.8803,0.1326,0.8118
521895.85,7478.31,3,2,3,1,1,0.371,18,0,0.1716,27.92,0.0,0.88,0.8029,0.9266,0.145,0.9076
1102386.35,36789.52,6,2,1,1,0,0.857,23,1,0.126,7.49,0.0,0.75,0.8986,0.4214,0.8884,0.8992
842847.85,9024.49,2,2,2,1,0,0.845,22,0,0.2499,51.37,0.0,0.78,0.5048,0.4957,0.4778,0.7841
39075.29,266.86,3,2,1,1,0,0.717,2,0,0.2629,53.69,0.0,0.51,0.6972,0.6582,0.6251,0.7029
1155718.94,14503.55,4,2,3,1,2,0.632,21,0,0.1579,23.91,0.0,0.75,0.9117,0.8703,0.254,0.8758
39404.31,361.0,3,2,1,1,0,0.846,6,0,0.143,40.02,0.0,0.47,0.539,0.6454,0.5426,0.6909
289271.14,4103.04,4,5,2,1,2,0.493,7,0,0.2185,21.15,0.0,0.77,0.7749,0.9477,0.1282,0.8792
977761.75,15065.88,4,3,1,2,1,0.484,21,0,0.3043,19.47,0.0,0.74,0.8962,0.8604,0.1637,0.8725
2377416.92,170913.23,5,1,1,1,0,0.85,23,1,0.3372,4.17,0.0,0.79,0.99,0.5313,0.875,0.9092
677419.88,13797.21,2,1,1,1,0,0.835,0,0,0.2648,27.0,0.0,0.69,0.5073,0.6679,0.4271,0.7575
687226.46,22052.2,5,1,1,1,0,0.874,7,1,0.2172,9.35,0.0,0.85,0.99,0.4663,0.9635,0.9248
595081.59,14944.11,3,2,1,1,1,0.668,20,0,0.2175,15.93,0.0,0.7,0.9114,0.8976,0.3485,0.8611
559865.53,25676.12,4,1,1,1,0,0.91,13,0,0.1548,8.18,0.0,0.78,0.8514,0.4689,0.8871,0.9082
514299.33,1420.18,2,1,1,1,0,0.925,14,0,0.0609,181.07,0.0,0.73,0.1859,0.2312,0.1143,0.9318
1419924.26,17338.51,4,4,2,2,2,0.489,7,0,0.3437,24.57,0.0,0.81,0.8346,0.9634,0.18,0.8899
1091651.17,66236.38,3,2,1,1,0,0.878,9,1,0.1098,8.24,0.0,0.88,0.99,0.5175,0.8466,0.931
763716.92,13145.21,2,1,2,1,0,0.581,3,0,0.2141,31.95,0.0,0.75,0.5207,0.5746,0.4661,0.7755
2370731.81,615588.43,4,1,1,1,0,0.77,11,0,0.1656,1.44,0.0,0.8,0.9418,0.3583,0.8965,0.9127
393888.69,20342.71,3,1,1,1,0,0.823,3,1,0.3177,9.68,0.0,0.91,0.9733,0.4284,0.8681,0.9387
229097.35,2817.93,3,2,1,1,0,0.598,20,0,0.1186,29.81,0.0,0.67,0.5796,0.4578,0.4837,0.7523
2447127.53,113751.52,5,2,1,1,0,0.965,9,1,0.1523,6.45,0.0,0.72,0.9764,0.4903,0.9083,0.8921
243119.15,3421.52,3,1,1,1,0,0.564,2,0,0.2449,26.05,0.0,0.73,0.484,0.5976,0.6776,0.7684
299530.31,8083.29,4,2,3,2,2,0.65,14,0,0.2059,11.12,0.0,0.68,0.8306,0.9335,0.2823,0.8558
247521.33,53064.45,4,2,1,1,0,0.712,18,0,0.2606,1.75,0.0,0.94,0.967,0.4602,0.9602,0.9445
1013130.11,16658.28,4,4,1,1,1,0.643,21,0,0.1934,18.25,0.0,0.62,0.8752,0.8813,0.1992,0.8413
750744.28,1844.37,2,1,1,1,0,0.908,16,0,0.1474,203.52,0.0,0.93,0.1019,0.2226,0.1394,0.9669
1332334.09,87118.13,3,1,1,1,0,0.912,1,1,0.3139,7.65,0.0,0.8,0.99,0.4536,0.9304,0.9127
2465130.63,65269.31,6,2,1,1,0,0.894,12,1,0.1112,9.44,0.0,0.74,0.99,0.3903,0.9004,0.8968
550161.52,6294.81,4,3,2,1,2,0.615,13,0,0.3905,26.22,0.0,0.65,0.8148,0.945,0.2164,0.848
897634.7,10738.69,2,2,1,1,0,0.56,17,0,0.1718,45.97,0.0,0.49,0.6788,0.5195,0.603,0.6964
1064464.56,48559.1,4,1,1,1,0,0.869,19,1,0.1602,8.22,0.0,0.92,0.99,0.4128,0.99,0.9416
236019.03,446.17,2,1,1,1,1,0.961,16,0,0.0902,264.49,0.0,0.99,0.2302,0.2291,0.0553,0.9789
1067063.88,30252.49,3,4,1,1,1,0.456,10,0,0.1502,14.11,0.0,0.64,0.7694,0.9748,0.3334,0.8466
949910.6,32205.17,6,2,1,1,0,0.839,3,1,0.2706,7.37,0.0,0.74,0.9622,0.4133,0.836,0.898
718222.75,3378.71,1,1,1,1,1,0.974,14,0,0.1238,212.57,0.0,0.85,0.182,0.1022,0.1715,0.9523
973042.13,10136.02,4,4,1,2,1,0.65,9,0,0.3188,28.8,0.0,0.62,0.9011,0.8859,0.258,0.8419
316669.16,22104.72,2,5,2,2,2,0.425,16,0,0.206,8.6,0.0,0.77,0.8927,0.876,0.2207,0.8809
957990.48,15599.52,4,2,3,1,2,0.577,17,0,0.204,18.42,0.0,0.56,0.8052,0.8813,0.1337,0.825
452678.18,59854.37,3,1,1,1,0,0.909,3,1,0.1132,3.78,0.0,0.92,0.9898,0.385,0.8672,0.9413
1384304.84,23970.37,3,4,2,2,2,0.534,20,0,0.2376,23.1,0.0,0.51,0.757,0.9485,0.2768,0.8121
2219382.87,99872.76,5,1,1,1,0,0.905,5,0,0.1254,6.67,0.0,0.8,0.9388,0.5201,0.9383,0.9129
791222.11,28669.63,2,4,2,2,2,0.414,20,0,0.2027,16.56,0.0,0.6,0.9063,0.9587,0.2472,0.8371
321684.23,20253.94,6,2,1,1,0,0.731,14,0,0.181,3.97,0.0,0.86,0.9299,0.545,0.8126,0.9261
832326.28,36164.85,4,2,1,1,0,0.779,13,0,0.3393,8.63,0.0,0.94,0.9334,0.4399,0.9389,0.9457
761959.33,56266.58,6,1,1,1,0,0.963,1,1,0.1252,3.39,0.0,0.89,0.9054,0.5175,0.9393,0.933
140527.25,1949.51,2,2,1,1,0,0.645,13,0,0.2446,39.65,0.0,0.61,0.6709,0.5258,0.4619,0.734
230914.28,4626.56,1,1,1,1,1,0.961,17,0,0.1591,49.91,0.0,0.93,0.2433,0.197,0.2059,0.9678
213669.15,2239.63,1,1,1,1,1,0.902,15,0,0.1211,95.4,0.0,0.73,0.0765,0.1726,0.1962,0.9318
441587.98,1401.66,2,1,1,1,0,0.919,12,0,0.0543,157.52,0.0,0.87,0.1929,0.2281,0.1304,0.9559
1481599.76,92314.17,5,2,1,1,0,0.841,18,0,0.1847,4.81,0.0,0.78,0.8899,0.5731,0.9046,0.9071
430717.34,14154.9,5,2,1,1,0,0.826,19,1,0.2204,9.13,0.0,0.76,0.99,0.3733,0.98,0.9021
701456.67,6835.18,2,1,1,1,1,0.909,16,0,0.0985,51.31,0.0,0.73,0.2212,0.1394,0.2452,0.9316
147009.99,899.57,1,1,1,1,1,0.949,12,0,0.175,163.42,0.0,0.79,0.2224,0.1159,0.2026,0.9413
779931.34,31924.69,5,1,1,1,0,0.977,15,0,0.2831,7.33,0.0,0.6,0.8697,0.3551,0.99,0.8645
305111.69,619.96,2,1,1,1,0,0.953,17,0,0.1255,246.07,0.0,0.78,0.0906,0.2189,0.1573,0.9409
1138812.01,12696.76,4,2,3,1,1,0.55,20,0,0.2844,26.91,0.0,0.74,0.7754,0.9143,0.1972,0.8737
273770.6,10071.42,5,1,1,1,0,0.805,17,1,0.2913,8.15,0.0,0.88,0.9868,0.4189,0.976,0.9304
631326.88,51436.32,3,1,1,1,0,0.849,12,0,0.1312,6.14,0.0,0.88,0.9144,0.5078,0.8863,0.931
404914.32,11725.14,4,4,2,2,2,0.392,13,0,0.1615,10.36,0.0,0.78,0.8724,0.8878,0.1459,0.8837
207105.0,2364.52,1,1,1,1,1,0.903,14,0,0.1003,87.59,0.0,0.78,0.2432,0.1265,0.1435,0.9407
882823.51,6255.84,3,1,1,1,0,0.626,14,0,0.1786,51.74,0.0,0.74,0.5526,0.6016,0.6137,0.772
1151506.54,97336.25,6,2,1,1,0,0.93,6,0,0.3072,2.96,0.0,0.74,0.9355,0.4431,0.9482,0.8985
103729.83,5924.41,3,1,1,1,0,0.931,21,0,0.3397,8.75,0.0,0.63,0.8938,0.5815,0.9827,0.87
329138.74,5910.49,2,1,2,1,0,0.608,4,0,0.1655,30.63,0.0,0.54,0.6092,0.4672,0.4828,0.7113
1956255.88,210010.12,6,1,1,1,0,0.895,22,0,0.2865,2.33,0.0,0.6,0.8897,0.5198,0.99,0.8651
1299432.05,82023.2,4,1,1,1,0,0.706,2,1,0.103,5.94,0.0,0.82,0.9604,0.4051,0.928,0.9175
728309.28,66176.21,6,1,1,1,0,0.96,9,0,0.1979,2.75,0.0,0.92,0.9668,0.401,0.8949,0.9402
1282856.79,23069.76,2,3,3,1,2,0.618,7,0,0.3694,33.36,0.0,0.83,0.7932,0.8898,0.3188,0.8964
1050980.83,86820.36,4,2,1,1,0,0.739,11,1,0.3128,4.54,0.0,0.76,0.89,0.5752,0.8211,0.9022
423285.15,37828.19,5,2,1,1,0,0.862,21,0,0.2404,3.36,0.0,0.6,0.9775,0.5516,0.8362,0.8646
2061526.51,89246.17,6,2,1,1,0,0.98,5,1,0.2654,5.77,0.0,0.62,0.9495,0.516,0.8803,0.8697
355190.49,27192.15,5,1,1,1,0,0.78,7,1,0.1034,3.92,0.0,0.92,0.9403,0.5673,0.8066,0.9396
840197.16,86973.48,4,1,1,1,0,0.703,4,1,0.3105,3.62,0.0,0.7,0.99,0.4696,0.8311,0.8886
307918.07,800.74,2,1,1,1,1,0.996,15,0,0.139,192.27,0.0,0.86,0.2597,0.1895,0.134,0.9551
257158.77,1787.98,3,1,2,1,0,0.526,17,0,0.2095,52.74,0.0,0.8,0.5052,0.5052,0.457,0.789
1098317.94,27451.36,2,4,3,2,2,0.492,17,0,0.3679,24.01,0.0,0.66,0.8885,0.9525,0.1342,0.852
481982.26,7462.5,2,2,1,1,0,0.704,18,0,0.1512,35.52,0.0,0.65,0.6769,0.5088,0.5966,0.7459
168288.5,5639.42,5,1,1,1,0,0.903,12,0,0.3326,8.95,0.0,0.62,0.9463,0.4445,0.99,0.8695
1229497.32,21626.19,4,2,3,1,1,0.588,16,0,0.3841,17.06,0.0,0.81,0.8853,0.9167,0.2089,0.8918
2411656.1,77968.91,5,2,1,1,0,0.783,8,1,0.2527,9.28,0.0,0.76,0.9827,0.406,0.8187,0.9025
766967.57,1427.05,2,1,1,1,0,0.953,16,0,0.0591,268.73,0.0,0.76,0.1532,0.1536,0.1322,0.937
21596.6,50.79,2,1,1,1,1,0.906,10,0,0.1068,212.6,0.0,0.91,0.097,0.1667,0.2462,0.9634
2127461.48,94805.7,6,1,1,1,0,0.956,9,0,0.1067,5.61,0.0,0.63,0.8704,0.3841,0.8741,0.8716
573281.54,7357.93,3,2,2,1,1,0.615,8,0,0.2658,31.17,0.0,0.83,0.783,0.8719,0.1958,0.8955
800331.31,20385.07,6,1,1,1,0,0.891,17,0,0.1761,9.82,0.0,0.9,0.8681,0.5908,0.9851,0.9361
197876.97,4693.11,2,1,2,1,0,0.577,7,0,0.1623,23.19,0.0,0.79,0.4848,0.4123,0.4226,0.7856
54797.07,118.31,2,1,1,1,0,0.915,12,0,0.1831,231.58,0.0,0.89,0.2553,0.1001,0.1379,0.9597
398180.99,6693.45,2,1,1,1,0,0.8,17,0,0.1043,32.72,0.0,0.41,0.673,0.6023,0.4499,0.6733
2021822.14,462448.29,3,1,1,1,0,0.784,17,0,0.3391,2.19,0.0,0.77,0.938,0.4774,0.9603,0.9044
613001.32,35186.5,4,2,1,1,0,0.839,18,0,0.1333,6.53,0.0,0.6,0.8865,0.5013,0.951,0.8645
742064.21,2918.82,1,1,1,1,0,0.907,15,0,0.1173,254.23,0.0,0.76,0.1103,0.2096,0.1217,0.9374
633295.54,16699.42,2,5,1,1,2,0.672,13,0,0.3489,22.75,0.0,0.64,0.8158,0.9661,0.1712,0.8453
1277739.39,102030.36,4,2,1,1,0,0.9,13,0,0.1596,4.7,0.0,0.87,0.9635,0.4203,0.8462,0.9278
304820.8,14439.01,5,2,1,1,0,0.973,17,0,0.1417,6.33,0.0,0.66,0.875,0.5406,0.8404,0.8785
537005.8,16382.04,2,2,2,1,0,0.528,18,0,0.1302,18.03,0.0,0.77,0.5955,0.6227,0.4246,0.7798
1477086.8,16967.71,4,3,2,2,1,0.598,20,0,0.2272,26.12,0.0,0.53,0.8227,0.979,0.23,0.8174
822627.68,16591.63,2,1,2,1,0,0.585,12,0,0.2407,27.27,0.0,0.69,0.6303,0.5062,0.5386,0.7559
413238.41,31860.86,3,2,1,1,0,0.882,5,0,0.2283,6.49,0.0,0.86,0.9081,0.5085,0.9069,0.9271
1237836.9,14192.13,4,5,3,2,1,0.463,12,0,0.2461,26.17,0.0,0.53,0.8757,0.883,0.3052,0.8178
514363.0,1873.76,2,1,1,1,1,0.958,10,0,0.1492,137.25,0.0,0.74,0.1223,0.145,0.1645,0.9323
460766.39,1886.43,1,1,1,1,1,0.988,12,0,0.1784,244.25,0.0,0.7,0.236,0.095,0.2202,0.9266
1544667.43,85101.87,5,2,1,1,0,0.731,13,0,0.1487,5.45,0.0,0.77,0.8556,0.4132,0.8115,0.9042
324786.0,53784.06,3,2,1,1,0,0.833,20,0,0.2404,3.02,0.0,0.74,0.9499,0.5668,0.8879,0.8976
443747.68,924.86,2,1,1,1,0,0.954,14,0,0.1686,239.9,0.0,0.74,0.2051,0.2131,0.1792,0.9339
117134.28,1304.75,4,5,1,1,2,0.413,9,0,0.2577,26.93,0.0,0.66,0.8631,0.9586,0.1345,0.8506
589813.0,5816.24,1,1,1,1,0,0.916,9,0,0.0944,101.41,0.0,0.9,0.1978,0.1925,0.1701,0.9628
145750.0,1618.6,4,5,1,1,2,0.429,19,0,0.2128,27.01,0.0,0.55,0.756,0.8958,0.3473,0.8226
1676079.26,195457.36,4,1,1,1,0,0.976,4,1,0.3494,3.22,0.0,0.81,0.9302,0.5184,0.9736,0.9134
1158663.62,174229.85,3,2,1,1,0,0.941,6,0,0.2509,3.33,0.0,0.68,0.8799,0.4801,0.8996,0.8824
182180.27,45569.46,3,2,1,1,0,0.938,21,0,0.1023,2.0,0.0,0.88,0.9108,0.551,0.9341,0.9307
407974.35,4479.65,1,1,1,1,1,0.968,12,0,0.1702,91.07,0.0,0.92,0.1409,0.2438,0.1884,0.9655
1372688.64,527748.05,3,2,1,1,0,0.966,22,0,0.2258,1.3,0.0,0.87,0.901,0.4327,0.9706,0.9277
193885.11,2737.19,1,1,1,1,0,0.908,12,0,0.0781,70.83,0.0,0.75,0.1392,0.2309,0.218,0.9357
101764.53,1163.3,2,1,1,1,0,0.53,16,0,0.1561,48.11,0.0,0.57,0.4943,0.67,0.4501,0.7215
846636.49,6661.68,3,1,1,1,0,0.614,14,0,0.2026,46.6,0.0,0.66,0.5857,0.5324,0.5441,0.7465
665668.49,21990.44,4,4,1,1,1,0.559,18,0,0.2494,9.08,0.0,0.89,0.8466,0.9603,0.3181,0.9102
532907.9,3853.37,3,2,2,1,0,0.78,2,0,0.1466,50.71,0.0,0.51,0.4734,0.5194,0.4859,0.7023
1193492.4,17802.38,4,2,3,2,1,0.444,19,0,0.3835,20.11,0.0,0.59,0.877,0.8681,0.2649,0.8336
1691922.73,231672.87,6,2,1,1,0,0.875,4,1,0.3452,1.83,0.0,0.82,0.9152,0.3798,0.99,0.9176
312353.65,4947.72,3,5,3,2,2,0.686,20,0,0.2347,25.25,0.0,0.56,0.8528,0.922,0.121,0.8256
369097.11,2314.25,3,1,2,1,0,0.764,2,0,0.1542,58.48,0.0,0.54,0.5393,0.4758,0.6069,0.7119
864119.82,27870.08,5,1,1,1,0,0.741,3,1,0.2726,9.3,0.0,0.64,0.9218,0.4988,0.8468,0.8726
423191.47,6122.02,3,2,2,1,0,0.796,16,0,0.2193,25.35,0.0,0.75,0.6214,0.5068,0.4558,0.7741
753981.21,1865.52,2,1,1,1,1,0.941,17,0,0.1073,202.08,0.0,0.8,0.191,0.1984,0.1798,0.9439
710160.58,6241.11,3,1,2,1,0,0.734,15,0,0.24,41.72,0.0,0.52,0.4869,0.4363,0.5977,0.7052
723870.76,217708.3,4,2,1,1,0,0.769,16,1,0.3266,1.25,0.0,0.65,0.94,0.3608,0.8798,0.8767
634078.44,3887.83,1,1,1,1,0,0.938,9,0,0.1485,163.09,0.0,0.94,0.1969,0.2377,0.165,0.9684
563603.53,5462.35,2,2,1,1,0,0.791,21,0,0.1082,56.75,0.0,0.5,0.696,0.4517,0.55,0.7003
1322222.95,59840.64,4,2,3,1,1,0.498,14,0,0.2576,6.63,0.0,0.84,0.8053,0.9733,0.2035,0.8978
807130.64,236402.02,4,2,1,1,0,0.71,10,0,0.3453,1.28,0.0,0.66,0.9688,0.4311,0.9297,0.8791
1111289.4,23894.61,2,4,1,2,1,0.554,8,0,0.3236,27.9,0.0,0.83,0.9032,0.8738,0.3254,0.8953
1855409.93,113427.19,5,2,1,1,0,0.762,15,0,0.1024,4.91,0.0,0.76,0.8725,0.4446,0.8495,0.9036
271812.71,3902.77,1,1,1,1,1,0.946,12,0,0.1551,69.65,0.0,0.72,0.0708,0.1192,0.1061,0.9301
543188.2,1276.57,2,1,1,1,0,0.924,12,0,0.1703,212.75,0.0,0.73,0.1964,0.1316,0.1211,0.9309
1191356.49,106126.46,2,3,1,1,1,0.4,7,0,0.3816,6.74,0.0,0.63,0.7801,0.9429,0.301,0.8432
577778.68,3559.78,1,1,1,1,1,0.95,12,0,0.1828,162.31,0.0,0.73,0.1059,0.2466,0.2149,0.9319
1839940.68,287000.84,5,1,1,1,0,0.756,2,1,0.3199,1.92,0.0,0.75,0.9438,0.4261,0.9491,0.8997
879408.41,28443.25,2,5,3,1,2,0.362,14,0,0.2743,18.55,0.0,0.55,0.7512,0.8762,0.3399,0.8233
774021.9,1527.22,2,1,1,1,0,0.904,11,0,0.1129,253.41,0.0,0.9,0.0615,0.2118,0.121,0.9619
853420.71,5244.99,3,1,2,1,0,0.663,10,0,0.1867,59.66,0.0,0.47,0.5787,0.4237,0.5926,0.6904
1825902.21,457925.83,4,2,1,1,0,0.91,11,0,0.2647,1.5,0.0,0.68,0.8525,0.4546,0.8828,0.883
1140911.57,58324.05,5,1,1,1,0,0.962,14,1,0.2511,5.87,0.0,0.82,0.9372,0.5602,0.935,0.9158
637616.03,33490.49,3,1,1,1,0,0.812,23,1,0.2296,9.52,0.0,0.76,0.9824,0.5005,0.99,0.9021
712311.39,55827.45,2,3,3,2,1,0.69,9,0,0.3813,7.66,0.0,0.51,0.861,0.9862,0.1604,0.8124
1060287.59,22236.79,2,2,2,1,1,0.453,15,0,0.1907,28.61,0.0,0.89,0.8445,0.9283,0.3151,0.9103
134856.95,1414.93,4,3,3,2,1,0.549,7,0,0.2153,28.59,0.0,0.72,0.8553,0.8957,0.3102,0.8671
52080.32,2825.91,4,1,1,1,0,0.968,4,1,0.263,6.91,0.0,0.66,0.9654,0.4855,0.978,0.8773
1086216.74,94011.96,5,1,1,1,0,0.901,2,1,0.2974,3.47,0.0,0.61,0.99,0.3847,0.8909,0.8674
1345754.21,35459.17,3,5,1,2,1,0.415,15,0,0.1913,15.18,0.0,0.81,0.8911,0.9893,0.2186,0.8913
958813.26,12101.26,3,1,2,1,0,0.767,9,0,0.1408,29.05,0.0,0.72,0.4593,0.6257,0.4275,0.7657
72227.92,504.51,1,1,1,1,1,0.928,17,0,0.1382,143.16,0.0,0.79,0.0982,0.1084,0.12,0.9417
60075.68,1429.85,2,2,2,1,0,0.847,23,1,0.254,23.11,0.0,0.79,0.6486,0.4828,0.6896,0.7882
149400.89,2394.93,3,1,1,1,0,0.515,10,0,0.2676,22.87,0.0,0.76,0.5244,0.4207,0.5546,0.7786
1071983.55,53723.08,4,2,1,1,0,0.8,22,0,0.1739,7.48,0.0,0.64,0.9142,0.5299,0.8932,0.8744
274823.54,576.59,2,1,1,1,0,0.922,10,0,0.1378,238.32,0.0,0.95,0.1318,0.1196,0.1675,0.9703
48607.27,724.13,1,1,1,1,1,0.96,13,0,0.1447,67.12,0.0,0.74,0.0993,0.2038,0.0535,0.933
1006445.27,25866.14,2,3,3,1,1,0.699,13,0,0.2567,23.35,0.0,0.75,0.756,0.8701,0.1387,0.8755
286702.95,701.0,2,1,1,1,0,0.917,10,0,0.1526,204.5,0.0,0.77,0.1751,0.1908,0.1137,0.9389
73888.93,308.5,1,1,1,1,1,0.989,15,0,0.1469,239.51,0.0,0.87,0.215,0.1902,0.0722,0.9561
610862.28,3537.86,2,1,1,1,0,0.927,11,0,0.1262,86.33,0.0,0.74,0.1309,0.1164,0.103,0.9332
685300.81,5170.2,1,1,1,1,1,0.904,13,0,0.1969,132.55,0.0,0.75,0.2082,0.1978,0.0966,0.9354
363556.77,2372.84,2,1,1,1,1,0.911,10,0,0.0733,76.61,0.0,0.89,0.0662,0.089,0.0713,0.9596
1757625.88,82335.23,6,2,1,1,0,0.765,4,1,0.3039,5.34,0.0,0.61,0.8913,0.4393,0.8259,0.8666
430946.64,1760.49,2,1,1,1,1,0.963,11,0,0.1821,122.39,0.0,0.76,0.124,0.2325,0.0917,0.9368
1057196.06,11974.65,4,5,1,1,1,0.597,19,0,0.1555,26.49,0.0,0.62,0.7583,0.9447,0.1432,0.84
520807.43,2600.22,1,1,1,1,1,0.986,11,0,0.1868,200.29,0.0,0.88,0.0996,0.144,0.1746,0.9585
1434661.79,26412.22,4,5,1,1,1,0.457,17,0,0.2347,16.3,0.0,0.8,0.7613,0.8957,0.1552,0.8887
117391.44,1749.35,2,2,2,1,0,0.824,23,0,0.1801,36.91,0.0,0.52,0.5994,0.6603,0.6787,0.7046
725886.76,7064.41,2,1,1,1,1,0.941,14,0,0.0641,51.38,0.0,1.0,0.1771,0.2507,0.0633,0.98
1690645.25,55381.45,5,1,1,1,0,0.824,16,0,0.3418,9.16,0.0,0.7,0.8777,0.4841,0.9441,0.8882
605855.28,4965.74,1,1,1,1,0,0.977,12,0,0.0919,122.01,0.0,0.81,0.0577,0.2565,0.2196,0.9452
2016269.31,212121.61,3,2,1,1,0,0.895,19,1,0.1923,4.75,0.0,0.79,0.9294,0.4384,0.9343,0.91
1091478.53,15821.75,3,3,3,1,1,0.641,6,0,0.2053,27.59,0.0,0.65,0.8562,0.8638,0.2205,0.8501
1451878.91,30800.35,4,4,1,2,1,0.434,12,0,0.1849,14.14,0.0,0.72,0.881,0.9534,0.2906,0.868
230656.93,33183.66,5,1,1,1,0,0.872,13,1,0.3132,2.09,0.0,0.68,0.8975,0.5813,0.99,0.8823
1335392.82,86900.77,2,3,3,1,1,0.579,13,0,0.3942,9.22,0.0,0.9,0.8638,0.9812,0.213,0.9135
911899.07,8426.8,2,2,1,1,0,0.739,0,0,0.2535,59.52,0.0,0.49,0.5696,0.5583,0.5891,0.6979
671648.23,8583.99,2,2,2,1,0,0.676,12,0,0.2853,43.03,0.0,0.68,0.6179,0.5308,0.5255,0.7532
202835.37,4002.35,2,5,3,1,1,0.404,16,0,0.313,30.41,0.0,0.85,0.8446,0.9415,0.1361,0.9019
1470192.57,133974.26,4,1,1,1,0,0.852,12,1,0.1369,4.12,0.0,0.74,0.9764,0.4264,0.8754,0.8972
784498.99,14491.78,1,1,1,1,1,0.944,14,0,0.1955,54.13,0.0,0.78,0.1382,0.1193,0.0769,0.9398
752439.98,31687.39,2,4,1,1,1,0.51,6,0,0.1647,14.25,0.0,0.81,0.7625,0.9302,0.1838,0.8912
467791.28,8697.1,2,1,2,1,0,0.819,2,0,0.1777,29.58,0.0,0.71,0.4823,0.5224,0.6157,0.7629
111334.32,1690.74,3,3,2,1,1,0.456,14,0,0.1778,26.34,0.0,0.74,0.8739,0.8692,0.1252,0.8714
1192000.36,89378.45,2,5,2,2,2,0.696,19,0,0.3914,8.0,0.0,0.59,0.8349,0.9412,0.1517,0.8325
82976.88,4448.24,5,1,1,1,0,0.925,6,0,0.2082,5.6,0.0,0.61,0.8674,0.4307,0.8969,0.8662
413961.7,4254.65,2,2,1,1,0,0.794,6,0,0.1749,53.51,0.0,0.56,0.5603,0.538,0.6053,0.7183
623705.41,4881.26,2,1,1,1,0,0.912,13,0,0.1861,63.89,0.0,0.75,0.0585,0.1975,0.1192,0.9357
200617.55,12496.2,2,4,2,2,1,0.388,18,0,0.2281,9.63,0.0,0.51,0.7864,0.9487,0.3475,0.8127
800076.23,51524.35,6,2,1,1,0,0.814,7,1,0.2155,3.88,0.0,0.93,0.99,0.4733,0.977,0.9441
213306.2,12539.26,4,1,1,1,0,0.722,18,0,0.3061,6.38,0.0,0.95,0.9442,0.4196,0.9189,0.9469
562973.15,2032.93,1,1,1,1,1,0.911,10,0,0.1199,276.93,0.0,0.99,0.247,0.2606,0.232,0.9779
825292.7,5771.47,3,1,2,1,0,0.731,12,0,0.1233,52.43,0.0,0.77,0.616,0.4874,0.6421,0.7804
234637.38,5054.8,2,3,2,1,2,0.525,9,0,0.2539,27.85,0.0,0.6,0.9122,0.9427,0.2573,0.8349
624053.32,15979.52,2,1,2,1,0,0.515,12,0,0.2121,21.48,0.0,0.48,0.5718,0.658,0.5928,0.6926
275648.46,2261.37,2,1,1,1,1,0.953,16,0,0.1313,60.95,0.0,0.91,0.2042,0.1129,0.2001,0.9642
19484.06,53.53,2,1,1,1,0,0.938,9,0,0.1812,182.0,0.0,0.79,0.0777,0.2439,0.1265,0.9423
592475.85,2748.97,1,1,1,1,1,0.989,14,0,0.1107,215.53,0.0,0.71,0.0955,0.095,0.1276,0.9278
308567.94,2136.72,2,1,1,1,1,0.951,11,0,0.1883,72.21,0.0,0.72,0.1947,0.2042,0.1382,0.9289
1105205.05,155341.97,3,1,1,1,0,0.964,16,1,0.2589,3.56,0.0,0.83,0.99,0.5374,0.9772,0.9198
1301400.6,52409.13,3,4,1,1,1,0.439,13,0,0.3353,9.93,0.0,0.88,0.8451,0.9572,0.1833,0.9094
567859.45,1242.59,2,1,1,1,0,0.965,14,0,0.1948,228.5,0.0,0.75,0.1637,0.1442,0.1555,0.9346
156936.17,2572.73,3,2,3,1,1,0.578,16,0,0.3505,24.4,0.0,0.64,0.753,0.8696,0.1457,0.8463
248133.46,586.11,2,1,1,1,0,0.96,16,0,0.1542,211.68,0.0,0.88,0.1359,0.2605,0.1091,0.9585
532014.28,27992.34,3,2,1,1,0,0.931,4,1,0.2908,9.5,0.0,0.67,0.99,0.5904,0.8661,0.881
1235530.84,82931.31,6,2,1,1,0,0.895,14,0,0.1279,3.72,0.0,0.83,0.9379,0.4415,0.9733,0.9195
229475.87,2234.34,2,2,1,1,0,0.841,9,0,0.2504,56.49,0.0,0.72,0.4778,0.4115,0.5135,0.7673
1195293.8,19381.56,3,4,3,1,1,0.404,10,0,0.2791,24.67,0.0,0.85,0.79,0.8943,0.1494,0.9016
335304.06,2735.81,1,1,1,1,1,0.993,12,0,0.1008,122.56,0.0,0.71,0.1417,0.2003,0.2383,0.9282
945512.17,17515.44,3,5,3,1,1,0.473,12,0,0.3565,21.59,0.0,0.6,0.791,0.9335,0.2502,0.8366
1489314.51,79875.79,6,2,1,1,0,0.781,4,1,0.1336,4.66,0.0,0.93,0.9671,0.5066,0.8737,0.9441
571057.25,139718.29,4,2,1,1,0,0.801,18,0,0.2726,1.53,0.0,0.83,0.9436,0.5,0.8575,0.9181
2051995.38,134801.61,4,1,1,1,0,0.836,18,0,0.2397,5.71,0.0,0.8,0.9423,0.5293,0.87,0.9109
25486.82,485.03,1,1,1,1,1,0.973,12,0,0.1156,52.55,0.0,0.91,0.0576,0.1247,0.1733,0.9633
311075.03,1158.82,1,1,1,1,0,0.962,10,0,0.1815,268.44,0.0,0.86,0.0575,0.1246,0.1401,0.9543
183604.27,563.33,2,1,1,1,0,0.953,16,0,0.06,162.96,0.0,0.75,0.2524,0.1312,0.1269,0.9346
1469219.89,32071.43,2,3,2,2,2,0.698,12,0,0.3757,27.49,0.0,0.72,0.8217,0.9649,0.304,0.8664
630140.39,33881.05,6,2,1,1,0,0.846,2,1,0.275,4.65,0.0,0.92,0.9022,0.4883,0.9482,0.9406
1446247.75,59872.49,5,2,1,1,0,0.827,4,1,0.304,7.25,0.0,0.71,0.945,0.5267,0.8931,0.89
978606.63,20248.33,2,4,1,1,1,0.496,13,0,0.2285,29.0,0.0,0.82,0.8386,0.8718,0.254,0.8927
182517.37,2090.39,2,2,2,1,0,0.584,6,0,0.2316,48.02,0.0,0.49,0.5049,0.4492,0.5417,0.6969
40853.54,2174.81,3,4,1,2,2,0.53,16,0,0.2144,7.51,0.0,0.7,0.8962,0.9774,0.3114,0.8619
801066.49,32134.73,6,1,1,1,0,0.785,9,0,0.133,6.23,0.0,0.68,0.9336,0.363,0.8464,0.8839
542781.02,22327.68,5,2,1,1,0,0.9,23,1,0.2587,7.29,0.0,0.82,0.9262,0.5089,0.8948,0.9172
758754.98,40773.26,5,2,1,1,0,0.769,8,0,0.2765,5.58,0.0,0.7,0.8819,0.4311,0.923,0.8885
474564.29,2392.68,1,1,1,1,1,0.912,9,0,0.0851,198.34,0.0,0.78,0.0901,0.2036,0.1825,0.941
1865807.66,93527.32,4,1,1,1,0,0.932,14,1,0.1369,7.48,0.0,0.95,0.9774,0.4777,0.99,0.9479
556477.0,1133.86,2,1,1,1,1,0.968,16,0,0.0674,245.39,0.0,0.86,0.1802,0.1607,0.1077,0.9545
63945.93,280.63,1,1,1,1,0,0.901,11,0,0.1317,227.86,0.0,0.8,0.1149,0.1363,0.0956,0.944
739714.41,2132.47,2,1,1,1,1,0.979,17,0,0.1637,173.44,0.0,0.83,0.0587,0.2163,0.1388,0.9496
745993.8,5083.27,3,1,2,1,0,0.536,22,0,0.1445,53.81,0.0,0.4,0.5117,0.4587,0.4212,0.6706
70818.1,361.62,1,1,1,1,0,0.918,17,0,0.0833,195.84,0.0,0.93,0.1961,0.1521,0.1142,0.9676
205702.72,18265.75,3,1,1,1,0,0.822,16,1,0.1346,5.63,0.0,0.92,0.9667,0.5649,0.9822,0.9419
1030960.73,10473.62,4,4,3,1,1,0.606,10,0,0.3977,29.53,0.0,0.61,0.8796,0.8677,0.2275,0.8381
1215709.84,84239.52,3,1,1,1,0,0.864,17,0,0.3083,7.22,0.0,0.85,0.8614,0.5405,0.8605,0.9229
1016894.04,26722.35,6,2,1,1,0,0.747,23,1,0.1383,9.51,0.0,0.88,0.9222,0.5678,0.8289,0.9321
779662.15,16335.49,3,1,2,1,0,0.727,1,0,0.1541,17.5,0.0,0.58,0.669,0.4251,0.6763,0.7235
735419.3,17630.04,2,1,2,1,0,0.585,19,0,0.1254,22.94,0.0,0.48,0.5808,0.4323,0.6902,0.6932
585627.06,10804.05,2,3,2,2,1,0.402,16,0,0.2162,32.52,0.0,0.78,0.7655,0.9787,0.2559,0.8818
627609.64,2766.71,1,1,1,1,0,0.943,15,0,0.123,226.84,0.0,0.82,0.2236,0.1294,0.0903,0.9478
951031.12,10035.49,3,2,1,1,0,0.615,15,0,0.1311,34.75,0.0,0.48,0.6134,0.43,0.6379,0.6932
320594.07,16034.1,3,2,1,1,0,0.977,4,1,0.1566,10.0,0.0,0.82,0.99,0.5465,0.8764,0.9175
219756.1,23485.81,3,1,1,1,0,0.84,7,0,0.3032,4.68,0.0,0.71,0.8866,0.5449,0.8948,0.8894
794770.45,1573.33,2,1,1,1,1,0.938,14,0,0.0719,252.58,0.0,0.97,0.082,0.1184,0.0713,0.9743
1403405.59,76329.92,3,2,1,1,0,0.807,1,1,0.2892,9.19,0.0,0.74,0.9447,0.5082,0.9159,0.8976
328278.81,11402.91,6,2,1,1,0,0.914,6,1,0.154,7.2,0.0,0.75,0.9392,0.5826,0.8785,0.899
301169.91,9663.91,3,5,1,2,1,0.632,6,0,0.1682,12.47,0.0,0.8,0.7934,0.8828,0.2583,0.8887
321861.18,593.73,2,1,1,1,0,0.973,13,0,0.1349,271.05,0.0,0.95,0.0761,0.1047,0.074,0.9715
512138.75,13967.1,3,2,1,2,1,0.499,13,0,0.282,14.67,0.0,0.79,0.9014,0.9887,0.2364,0.8849
457824.98,3248.71,1,1,1,1,1,0.948,12,0,0.0875,140.93,0.0,0.88,0.1997,0.2584,0.1164,0.9593
946932.44,9004.12,2,2,2,1,0,0.633,9,0,0.162,57.84,0.0,0.56,0.6044,0.4656,0.6311,0.7185
1499883.53,91037.19,4,2,1,1,0,0.905,21,1,0.154,6.18,0.0,0.88,0.9268,0.3586,0.8487,0.9321
217036.03,2541.94,1,1,1,1,0,0.935,13,0,0.1171,85.38,0.0,0.86,0.2419,0.1562,0.0935,0.9542
116376.98,221.96,2,1,1,1,0,0.961,16,0,0.1183,262.15,0.0,0.92,0.2425,0.1474,0.1389,0.9664
377729.36,7513.13,2,1,2,1,0,0.508,20,0,0.1706,27.65,0.0,0.77,0.6997,0.6167,0.5556,0.7795
1758845.74,59737.03,5,2,1,1,0,0.87,9,0,0.3187,8.83,0.0,0.91,0.8631,0.5917,0.9206,0.9383
461658.0,7200.38,3,2,1,1,0,0.755,2,1,0.1159,23.51,0.0,0.72,0.5726,0.4015,0.4834,0.7646
1891823.22,127894.41,3,2,1,1,0,0.772,19,0,0.1566,7.4,0.0,0.89,0.8556,0.3747,0.8886,0.933
1101582.83,10243.02,4,4,2,2,1,0.529,11,0,0.2812,32.26,0.0,0.53,0.8054,0.8714,0.3474,0.8172
1607956.03,80953.67,5,1,1,1,0,0.759,11,0,0.2422,5.96,0.0,0.92,0.8675,0.4532,0.8151,0.9411
2265071.49,471224.51,3,2,1,1,0,0.739,10,0,0.244,2.4,0.0,0.73,0.8683,0.4837,0.8658,0.8953
91176.8,255.04,2,1,1,1,0,0.941,14,0,0.0546,178.75,0.0,0.95,0.1185,0.2162,0.2395,0.9718
610791.68,16526.03,2,3,2,1,2,0.379,9,0,0.3613,22.18,0.0,0.79,0.7981,0.9379,0.2189,0.8842
2028677.41,143098.21,5,1,1,1,0,0.794,20,0,0.3493,4.25,0.0,0.74,0.8737,0.5034,0.8402,0.8983
172926.72,6636.73,6,2,1,1,0,0.819,1,1,0.1323,6.51,0.0,0.92,0.9664,0.3569,0.99,0.9409
1152438.65,282831.35,3,1,1,1,0,0.836,18,1,0.2836,2.04,0.0,0.92,0.9577,0.5194,0.8928,0.9416
1903897.74,55964.52,6,1,1,1,0,0.708,19,1,0.3103,8.5,0.0,0.62,0.9316,0.3856,0.9614,0.8692
257943.23,3661.48,3,2,1,1,0,0.798,7,0,0.1824,25.83,0.0,0.76,0.6757,0.4358,0.4772,0.7779
1176421.2,10141.95,4,5,2,2,1,0.468,11,0,0.398,34.8,0.0,0.54,0.8383,0.8984,0.2442,0.8192
876772.52,25978.69,2,5,3,2,1,0.66,10,0,0.3541,20.25,0.0,0.61,0.7518,0.8801,0.3467,0.8376
316618.56,14437.57,4,1,1,1,0,0.711,0,1,0.1144,8.22,0.0,0.75,0.9703,0.5108,0.8455,0.8988
349369.07,7443.12,2,2,1,1,0,0.706,19,0,0.1088,25.82,0.0,0.69,0.4981,0.6348,0.4941,0.7557
2060654.59,63248.61,5,1,1,1,0,0.794,9,0,0.3163,9.77,0.0,0.63,0.8987,0.4339,0.9688,0.8702
214109.84,2258.34,2,1,2,1,0,0.59,4,0,0.1252,52.14,0.0,0.49,0.5171,0.5431,0.514,0.6958
270586.84,20195.1,2,5,3,2,1,0.615,16,0,0.3577,8.04,0.0,0.63,0.9151,0.8722,0.2547,0.843
653092.38,3593.91,2,1,1,1,1,0.962,15,0,0.143,90.86,0.0,0.85,0.0739,0.2098,0.1393,0.9537
915791.18,56615.52,4,1,1,1,0,0.968,13,0,0.1572,6.07,0.0,0.89,0.9783,0.5723,0.9198,0.9344
1423480.75,42627.45,3,4,3,1,1,0.468,14,0,0.3315,13.36,0.0,0.82,0.8185,0.957,0.143,0.8941
311342.98,2467.06,3,2,1,1,0,0.506,7,0,0.2915,46.27,0.0,0.44,0.4511,0.5884,0.5921,0.6805
587990.73,2695.06,1,1,1,1,0,0.978,13,0,0.1463,218.17,0.0,0.86,0.0834,0.1979,0.2273,0.9551
1011675.92,29555.18,2,3,1,2,2,0.556,7,0,0.3497,20.54,0.0,0.8,0.8109,0.8746,0.304,0.8889
179957.23,6639.43,6,2,1,1,0,0.926,23,1,0.1041,6.78,0.0,0.71,0.99,0.5135,0.9206,0.8915
2091768.2,247574.67,4,1,1,1,0,0.754,7,0,0.1711,3.17,0.0,0.61,0.94,0.544,0.8055,0.8655
1177967.18,17801.36,4,2,2,1,2,0.451,14,0,0.1915,19.85,0.0,0.68,0.9101,0.8636,0.1579,0.8558
114325.1,414.9,1,1,1,1,1,0.994,11,0,0.1939,275.55,0.0,0.88,0.0947,0.2179,0.0911,0.9589
607522.4,18431.54,5,2,1,1,0,0.947,5,1,0.3442,9.89,0.0,0.93,0.99,0.4443,0.8412,0.9442
52823.23,3618.6,6,1,1,1,0,0.96,7,0,0.3288,3.65,0.0,0.61,0.8805,0.5521,0.9718,0.8675
2435720.45,133125.57,4,2,1,1,0,0.828,9,0,0.2312,6.86,0.0,0.7,0.9645,0.5594,0.9139,0.8887
2013778.57,64838.9,6,1,1,1,0,0.713,7,0,0.1638,7.76,0.0,0.84,0.935,0.4855,0.86,0.922
718411.67,7377.01,3,2,1,1,0,0.71,22,1,0.1448,35.71,0.0,0.68,0.5096,0.6627,0.5068,0.7538
1504956.44,74631.63,4,2,1,1,0,0.861,11,0,0.2484,7.56,0.0,0.83,0.8829,0.5254,0.987,0.9204
76543.91,272.7,2,1,1,1,1,0.934,9,0,0.0827,140.34,0.0,0.83,0.2541,0.2454,0.0716,0.949
1101866.56,21484.87,2,2,3,1,2,0.513,10,0,0.2961,30.77,0.0,0.56,0.8917,0.877,0.1273,0.8249
2257290.97,180598.93,4,1,1,1,0,0.789,10,0,0.2132,4.69,0.0,0.92,0.887,0.5153,0.8191,0.9412
1865433.47,47411.19,6,2,1,1,0,0.743,9,1,0.294,9.84,0.0,0.69,0.8978,0.4515,0.8246,0.8867
2369771.46,489333.23,4,2,1,1,0,0.812,2,1,0.3377,1.82,0.0,0.73,0.9117,0.4185,0.8706,0.8952
454970.06,25430.68,3,5,2,1,1,0.422,12,0,0.3982,7.16,0.0,0.86,0.867,0.8817,0.156,0.9044
1058985.62,40487.48,4,1,1,1,0,0.803,21,0,0.2407,9.81,0.0,0.84,0.9147,0.4709,0.8925,0.9224
2368190.52,124165.13,6,2,1,1,0,0.747,23,1,0.1131,4.77,0.0,0.93,0.9643,0.4694,0.9461,0.9436
243712.21,2837.48,3,2,1,1,0,0.674,11,0,0.2189,31.49,0.0,0.67,0.5418,0.6466,0.6441,0.7503
335442.84,5492.34,2,1,1,1,0,0.541,5,1,0.1432,33.59,0.0,0.52,0.5598,0.4761,0.5492,0.7074
569860.53,39259.37,5,2,1,1,0,0.878,13,1,0.3045,4.35,0.0,0.8,0.9506,0.5118,0.9093,0.9123
478421.05,13572.5,2,5,1,2,2,0.58,20,0,0.1937,21.15,0.0,0.53,0.8689,0.9725,0.3057,0.8181
121686.29,645.76,2,1,1,1,1,0.985,17,0,0.0862,94.22,0.0,0.93,0.1705,0.0864,0.1586,0.9672
228137.0,874.28,2,1,1,1,1,0.908,12,0,0.1054,130.47,0.0,0.8,0.2367,0.1769,0.2299,0.9441
107775.85,2023.46,3,2,2,1,0,0.746,21,0,0.2412,19.53,0.0,0.61,0.6049,0.666,0.6797,0.7322
529597.76,1963.65,2,1,1,1,1,0.963,9,0,0.1802,134.85,0.0,0.95,0.1283,0.229,0.1355,0.9713
429301.94,3221.03,1,1,1,1,0,0.959,13,0,0.0581,133.28,0.0,0.92,0.0745,0.0829,0.2393,0.9651
2078750.18,118114.61,4,1,1,1,0,0.847,6,1,0.2997,6.6,0.0,0.78,0.9302,0.4514,0.99,0.9063
1470030.51,363705.69,4,1,1,1,0,0.914,15,1,0.1826,1.52,0.0,0.83,0.9765,0.5516,0.8469,0.9201
117183.25,2596.58,3,2,1,1,1,0.525,21,0,0.2148,18.05,0.0,0.77,0.8123,0.9226,0.2506,0.8803
57440.81,462.51,2,1,1,1,0,0.913,16,0,0.1946,62.1,0.0,0.95,0.1059,0.0845,0.2167,0.9708
553788.8,33408.77,4,1,1,1,0,0.933,6,1,0.3379,6.22,0.0,0.73,0.99,0.5208,0.8433,0.8946
295675.53,5188.64,2,2,1,2,2,0.393,17,0,0.17,34.19,0.0,0.81,0.8666,0.9641,0.1814,0.89
359511.38,1613.04,1,1,1,1,1,0.987,12,0,0.082,222.88,0.0,0.81,0.1112,0.2137,0.2156,0.945
1429301.15,72995.93,5,1,1,1,0,0.874,7,0,0.3467,5.87,0.0,0.75,0.9473,0.3642,0.8944,0.9006
1133014.86,9732.31,4,2,1,1,1,0.57,11,0,0.2368,34.93,0.0,0.56,0.9142,0.9351,0.2227,0.8265
903350.55,11044.45,3,1,1,1,0,0.598,18,0,0.213,29.99,0.0,0.51,0.6962,0.4201,0.5451,0.7024
933028.07,23482.15,2,4,1,1,2,0.48,10,0,0.3619,23.84,0.0,0.75,0.8352,0.9086,0.1715,0.8744
1337001.21,46239.68,3,2,3,1,1,0.462,16,0,0.3176,11.57,0.0,0.76,0.7877,0.8787,0.3451,0.8771
1195954.39,80468.79,5,1,1,1,0,0.919,21,0,0.1543,4.46,0.0,0.75,0.9244,0.5934,0.8436,0.8995
609499.67,12217.96,2,4,3,2,1,0.448,7,0,0.2623,29.93,0.0,0.64,0.8722,0.8878,0.2715,0.8458
301516.16,3698.5,2,1,2,1,0,0.823,20,0,0.1432,44.84,0.0,0.63,0.6417,0.4355,0.6636,0.7375
584636.54,1242.77,2,1,1,1,1,0.973,17,0,0.1003,235.21,0.0,0.92,0.063,0.2219,0.0637,0.9648
906391.1,42430.3,2,3,2,1,1,0.467,14,0,0.3038,12.82,0.0,0.86,0.7602,0.9761,0.1751,0.9027
1660301.34,233765.26,3,1,1,1,0,0.819,12,0,0.3457,3.55,0.0,0.82,0.9598,0.4539,0.8902,0.9178
667035.7,8567.89,4,2,2,2,1,0.615,19,0,0.3233,23.36,0.0,0.68,0.8391,0.9118,0.285,0.8562
845619.59,20737.27,2,2,1,1,0,0.524,6,1,0.1394,22.43,0.0,0.58,0.6373,0.5793,0.5365,0.7228
443670.11,2374.13,1,1,1,1,0,0.92,15,0,0.1658,186.88,0.0,0.98,0.2571,0.229,0.2236,0.976
145040.86,301.2,2,1,1,1,0,0.994,15,0,0.0549,240.77,0.0,0.81,0.2282,0.1568,0.1423,0.9454
721625.26,70244.91,6,2,1,1,0,0.825,13,1,0.1487,2.57,0.0,0.79,0.9643,0.4563,0.8709,0.9087
430997.27,7226.66,3,1,1,1,0,0.715,17,0,0.2117,21.87,0.0,0.59,0.5559,0.5455,0.4653,0.7282
759611.82,85399.34,5,1,1,1,0,0.834,0,1,0.319,2.67,0.0,0.82,0.99,0.3581,0.9441,0.9178
669455.45,26733.41,6,1,1,1,0,0.804,6,0,0.3144,6.26,0.0,0.61,0.8609,0.5441,0.9361,0.8661
930618.74,11162.7,4,4,3,2,1,0.402,10,0,0.3042,25.01,0.0,0.73,0.7729,0.9276,0.136,0.8707
2286759.55,62446.03,6,2,1,1,0,0.791,12,0,0.2111,9.15,0.0,0.9,0.8989,0.4383,0.8758,0.9369
999000.21,51721.54,3,1,1,1,0,0.937,5,0,0.1076,9.66,0.0,0.9,0.9001,0.5937,0.8505,0.9362
645262.18,15132.24,2,2,1,1,0,0.74,21,1,0.1352,23.45,0.0,0.54,0.5903,0.5903,0.6641,0.7112
297031.6,3308.08,1,1,1,1,0,0.923,10,0,0.114,89.79,0.0,0.96,0.0816,0.2572,0.2484,0.9736
1263378.12,35676.09,6,2,1,1,0,0.826,18,0,0.2354,8.85,0.0,0.88,0.8985,0.4663,0.9464,0.9323
433211.03,4755.54,2,2,2,1,0,0.649,15,0,0.1017,50.1,0.0,0.64,0.464,0.6401,0.646,0.7416
169569.86,8893.38,4,2,1,1,0,0.861,21,0,0.2414,7.15,0.0,0.61,0.8904,0.5515,0.9076,0.8665
1124455.78,143330.32,3,2,1,1,0,0.837,16,1,0.2834,3.92,0.0,0.76,0.9738,0.4026,0.9762,0.9034
340718.09,4027.65,3,1,2,1,0,0.656,1,1,0.1748,31.02,0.0,0.62,0.6628,0.4935,0.4598,0.7351
2252850.93,63357.44,6,2,1,1,0,0.83,22,0,0.2118,8.89,0.0,0.71,0.9762,0.5692,0.8725,0.8907
1345827.63,74880.34,5,2,1,1,0,0.929,15,1,0.2424,5.39,0.0,0.9,0.9563,0.5018,0.959,0.9368
133532.69,1320.15,4,4,1,2,2,0.475,13,0,0.158,30.34,0.0,0.8,0.794,0.8762,0.2808,0.8873
25701.72,80.22,2,1,1,1,1,0.939,14,0,0.0899,160.2,0.0,0.97,0.1753,0.1936,0.0825,0.974
1403910.62,48588.01,5,2,1,1,0,0.934,16,1,0.1521,8.67,0.0,0.74,0.9733,0.5687,0.9423,0.8966
384420.12,709.89,2,1,1,1,1,0.915,14,0,0.1038,270.76,0.0,0.78,0.1956,0.1978,0.1111,0.9405
827570.31,37823.17,6,2,1,1,0,0.8,14,0,0.3369,5.47,0.0,0.92,0.9412,0.4973,0.8777,0.9397
270830.42,14138.1,4,1,1,1,0,0.887,22,0,0.3214,7.18,0.0,0.91,0.9079,0.4116,0.8683,0.9376
2114527.4,195657.73,6,2,1,1,0,0.927,2,1,0.1337,2.7,0.0,0.62,0.9056,0.4678,0.9436,0.8685
238024.05,8049.92,2,4,1,2,2,0.466,8,0,0.1821,17.74,0.0,0.54,0.9085,0.8847,0.1967,0.8206
538104.02,19909.97,2,3,3,2,1,0.452,8,0,0.2686,16.22,0.0,0.62,0.8271,0.9586,0.2167,0.84
927020.72,244964.24,4,1,1,1,0,0.77,3,1,0.175,1.42,0.0,0.62,0.9517,0.4022,0.8155,0.8687
543057.47,12092.64,3,2,1,2,2,0.448,16,0,0.2608,17.96,0.0,0.73,0.9127,0.9346,0.1565,0.8711
608781.32,15969.85,4,4,1,1,2,0.445,20,0,0.2985,11.44,0.0,0.53,0.9012,0.9401,0.1927,0.8182
1598955.4,83329.27,6,2,1,1,0,0.71,18,1,0.3412,4.8,0.0,0.61,0.9831,0.4054,0.9192,0.8663
127806.53,792.63,3,2,2,1,0,0.596,20,1,0.1597,59.12,0.0,0.6,0.647,0.5386,0.5402,0.7292
1441696.78,93510.19,4,2,1,1,0,0.772,21,1,0.1846,5.78,0.0,0.93,0.8984,0.4864,0.8149,0.9427
404933.98,14821.87,2,5,3,2,2,0.373,6,0,0.3539,16.39,0.0,0.84,0.8704,0.8872,0.1826,0.8994
500956.16,59585.27,6,2,1,1,0,0.848,10,0,0.1898,2.1,0.0,0.79,0.881,0.5088,0.9751,0.9104
1294299.18,211229.99,6,1,1,1,0,0.802,7,0,0.1079,1.53,0.0,0.72,0.895,0.4855,0.8738,0.8937
1571108.96,121687.45,3,2,1,1,0,0.887,17,0,0.1085,6.46,0.0,0.86,0.907,0.4572,0.8683,0.9266
677204.21,23492.06,3,5,3,1,2,0.608,17,0,0.36,11.53,0.0,0.9,0.7952,0.9696,0.2135,0.913
169100.19,908.17,1,1,1,1,1,0.927,14,0,0.1635,186.2,0.0,0.76,0.1807,0.196,0.2387,0.9372
193871.19,12875.33,4,1,1,1,0,0.779,12,0,0.34,5.65,0.0,0.64,0.8588,0.361,0.8726,0.8732
1874388.19,147018.93,3,2,1,1,0,0.876,10,0,0.129,6.37,0.0,0.91,0.9412,0.5915,0.844,0.9396
850263.34,5460.86,3,2,1,1,0,0.693,22,0,0.1938,57.09,0.0,0.7,0.7,0.599,0.6099,0.7591
559217.22,4095.36,2,1,1,1,1,0.978,16,0,0.061,68.27,0.0,0.82,0.1578,0.093,0.152,0.9482
979546.89,6440.84,3,2,2,1,0,0.648,15,0,0.1906,55.76,0.0,0.4,0.5373,0.42,0.6283,0.6704
868953.52,8588.0,4,4,3,2,1,0.464,18,0,0.377,30.35,0.0,0.59,0.842,0.9299,0.3211,0.8344
1089965.12,72144.15,6,2,1,1,0,0.741,7,0,0.303,3.78,0.0,0.6,0.9189,0.4792,0.906,0.8646
74149.23,5000.65,5,2,1,1,0,0.95,23,1,0.2921,4.45,0.0,0.72,0.99,0.5846,0.8369,0.8917
1091412.51,40279.59,6,1,1,1,0,0.773,15,0,0.1036,6.77,0.0,0.88,0.9414,0.4078,0.8663,0.9315
292948.87,1729.1,2,1,1,1,1,0.972,10,0,0.0726,84.71,0.0,0.89,0.1916,0.1097,0.0549,0.9602
11625.05,75.96,1,1,1,1,1,0.982,13,0,0.1736,153.03,0.0,0.9,0.1055,0.0919,0.0504,0.9614
943846.75,29855.98,2,1,2,1,0,0.774,0,0,0.2003,17.39,0.0,0.47,0.5332,0.4747,0.5531,0.6899
512926.75,10747.28,4,3,3,2,1,0.409,15,0,0.2415,14.32,0.0,0.78,0.8291,0.8795,0.2164,0.8837
330482.91,8333.84,6,1,1,1,0,0.793,0,1,0.3201,9.91,0.0,0.93,0.9648,0.5385,0.8872,0.9441
2138007.53,122410.36,5,2,1,1,0,0.885,16,0,0.1776,5.24,0.0,0.84,0.9159,0.5703,0.8367,0.9206
729261.57,13562.11,4,4,1,1,2,0.501,21,0,0.2716,16.13,0.0,0.83,0.8808,0.9462,0.3263,0.8956
2060889.52,145967.09,5,1,1,1,0,0.838,22,0,0.2362,4.24,0.0,0.65,0.9563,0.4064,0.9317,0.8764
2447210.21,199752.45,5,1,1,1,0,0.915,16,0,0.16,3.68,0.0,0.71,0.8889,0.4897,0.8726,0.8893
525936.59,6096.88,3,1,2,1,0,0.543,12,1,0.189,31.63,0.0,0.61,0.6971,0.541,0.6854,0.7325
943076.06,28933.99,2,1,1,1,0,0.847,18,1,0.1722,17.93,0.0,0.44,0.6446,0.5025,0.5939,0.683
588240.41,17211.38,2,2,2,1,0,0.62,21,0,0.1015,18.8,0.0,0.65,0.5938,0.4891,0.5667,0.7452
395099.94,7265.24,4,3,1,2,1,0.651,17,0,0.2627,16.31,0.0,0.84,0.8066,0.9805,0.2447,0.8985
1014445.32,19532.67,4,5,2,1,1,0.476,10,0,0.2,15.58,0.0,0.85,0.9068,0.9415,0.3066,0.9007
626331.51,6753.77,2,2,2,1,0,0.805,1,0,0.266,51.01,0.0,0.56,0.6097,0.6403,0.6674,0.7181
2077344.98,95413.16,5,2,1,1,0,0.791,9,0,0.3125,6.53,0.0,0.69,0.8907,0.3648,0.8438,0.8849
1420551.95,17357.27,4,4,2,2,2,0.358,15,0,0.3709,24.55,0.0,0.8,0.8144,0.9432,0.1458,0.8883
659958.6,1240.24,2,1,1,1,1,0.926,14,0,0.0582,266.06,0.0,0.94,0.1815,0.2645,0.1595,0.969
1039032.78,152303.48,3,1,1,1,0,0.98,23,1,0.232,3.41,0.0,0.64,0.9227,0.4907,0.9291,0.8744
138580.15,3681.07,3,4,1,2,1,0.67,21,0,0.1826,15.06,0.0,0.77,0.8067,0.8824,0.2351,0.8792
1166465.35,16143.26,3,2,1,1,2,0.531,10,0,0.2706,28.9,0.0,0.86,0.8367,0.9458,0.3495,0.9037
1854986.41,60366.82,5,1,1,1,0,0.867,8,1,0.1187,9.22,0.0,0.65,0.9682,0.4796,0.8587,0.8755
1431777.42,609253.02,3,1,1,1,0,0.926,10,0,0.2826,1.18,0.0,0.66,0.9288,0.5071,0.9578,0.8795
958195.18,11450.43,3,5,3,2,2,0.542,11,0,0.3541,33.47,0.0,0.77,0.8547,0.971,0.3271,0.8813
474462.22,55185.36,4,2,1,1,0,0.96,18,1,0.1008,3.22,0.0,0.83,0.9764,0.5152,0.9185,0.9181
1220479.11,11003.99,4,5,2,1,1,0.591,12,0,0.3894,33.27,0.0,0.67,0.78,0.9215,0.2204,0.8549
1216722.17,21665.86,4,4,2,2,2,0.685,11,0,0.3196,16.85,0.0,0.73,0.8278,0.9432,0.2865,0.8687
1267772.24,216420.92,6,2,1,1,0,0.934,2,1,0.2826,1.46,0.0,0.76,0.99,0.4257,0.9582,0.9029
1350487.74,36673.27,2,3,3,1,2,0.608,15,0,0.3803,22.09,0.0,0.65,0.8432,0.9692,0.3278,0.8488
882777.43,8408.48,2,2,1,1,0,0.645,18,0,0.1582,57.74,0.0,0.43,0.5108,0.668,0.5073,0.679
1809835.44,61096.25,5,2,1,1,0,0.778,9,0,0.1045,8.89,0.0,0.72,0.9185,0.4194,0.9191,0.8931
491568.81,10749.79,3,5,2,2,2,0.434,18,0,0.3776,18.29,0.0,0.55,0.7812,0.9005,0.2487,0.8222
540820.64,162034.58,3,1,1,1,0,0.812,21,0,0.1221,1.67,0.0,0.69,0.8977,0.4483,0.85,0.8861
691035.77,43592.67,5,1,1,1,0,0.72,1,1,0.1317,4.76,0.0,0.71,0.9421,0.3544,0.8744,0.891
2019407.35,92470.35,5,1,1,1,0,0.9,16,1,0.1329,6.55,0.0,0.76,0.9722,0.4886,0.99,0.9013
621612.77,1233.39,2,1,1,1,0,0.973,9,0,0.1526,251.99,0.0,0.95,0.1552,0.1121,0.2274,0.9709
1453618.49,13509.2,4,3,1,1,2,0.625,7,0,0.3233,32.28,0.0,0.79,0.831,0.87,0.2341,0.8849
1661256.24,62380.14,5,2,1,1,0,0.971,14,0,0.1439,7.99,0.0,0.72,0.882,0.4072,0.878,0.8934
1685869.3,56246.68,5,1,1,1,0,0.796,23,1,0.2303,8.99,0.0,0.64,0.9085,0.4393,0.8115,0.8729
1658182.09,238669.63,3,2,1,1,0,0.916,14,1,0.1981,3.47,0.0,0.93,0.99,0.5151,0.8315,0.9439
1369071.82,47893.73,3,4,1,2,2,0.552,16,0,0.1623,11.43,0.0,0.65,0.7796,0.8629,0.2021,0.8495
737607.28,6134.82,2,1,1,1,0,1.0,11,0,0.1714,60.12,0.0,0.92,0.1948,0.0844,0.2321,0.9657
1591200.44,86774.72,5,1,1,1,0,0.703,7,1,0.1763,5.5,0.0,0.84,0.9227,0.5916,0.9398,0.9219
1181906.69,35305.5,3,2,2,1,2,0.485,14,0,0.2266,13.39,0.0,0.84,0.8657,0.9709,0.1871,0.8977
1239115.29,47280.33,3,2,3,2,1,0.565,20,0,0.2668,10.48,0.0,0.81,0.7769,0.876,0.1819,0.8908
755389.48,8906.72,2,2,1,1,0,0.83,5,0,0.2333,46.65,0.0,0.47,0.5864,0.4938,0.4417,0.6906
1910071.8,194141.21,3,1,1,1,0,0.892,5,1,0.1936,4.92,0.0,0.89,0.8934,0.3757,0.9424,0.9329
2380896.24,107767.54,5,1,1,1,0,0.89,15,0,0.1904,6.63,0.0,0.89,0.859,0.4189,0.9325,0.9327
1698147.92,126887.01,3,2,1,1,0,0.942,13,1,0.1364,6.69,0.0,0.61,0.8943,0.4662,0.8441,0.8674
508063.24,12476.66,2,4,2,2,1,0.554,18,0,0.2324,24.43,0.0,0.75,0.8362,0.92,0.3478,0.8756
72179.65,2871.1,4,4,3,2,2,0.546,20,0,0.1799,7.54,0.0,0.56,0.7859,0.964,0.1912,0.8268
1901189.23,48563.0,6,1,1,1,0,0.864,19,0,0.3091,9.79,0.0,0.76,0.8918,0.4903,0.8743,0.9032
515592.6,23497.85,4,2,2,2,1,0.692,20,0,0.1813,6.58,0.0,0.8,0.8514,0.9773,0.1661,0.8877
550890.61,1587.4,2,1,1,1,1,0.992,16,0,0.1367,173.52,0.0,0.95,0.2479,0.1941,0.0818,0.9714
332527.08,68697.69,5,2,1,1,0,0.873,23,1,0.1993,1.45,0.0,0.77,0.912,0.361,0.8622,0.9045
74972.51,410.37,2,1,1,1,1,0.92,16,0,0.0651,91.35,0.0,0.75,0.1233,0.1459,0.1999,0.9354
2158104.3,101904.67,6,1,1,1,0,0.787,12,1,0.3225,5.29,0.0,0.93,0.99,0.5524,0.9512,0.944
2130326.03,87448.35,4,2,1,1,0,0.747,20,1,0.3377,9.14,0.0,0.71,0.9445,0.5298,0.8511,0.8913
68374.79,308.75,1,1,1,1,1,0.929,11,0,0.1374,221.46,0.0,0.96,0.1234,0.09,0.2,0.9724
1211877.74,87659.33,4,2,1,1,0,0.968,18,1,0.1387,5.18,0.0,0.8,0.99,0.5651,0.9746,0.9122
254128.65,673.62,2,1,1,1,0,0.95,13,0,0.1067,188.63,0.0,0.8,0.1142,0.2148,0.1625,0.9447
264361.87,2858.8,2,1,1,1,0,0.54,20,0,0.1891,50.86,0.0,0.67,0.6379,0.5116,0.5539,0.7512
288639.19,1138.28,1,1,1,1,1,0.988,13,0,0.1282,253.58,0.0,0.92,0.2382,0.2346,0.232,0.9648
1358724.88,128789.83,2,4,3,1,1,0.371,17,0,0.1936,6.33,0.0,0.76,0.8902,0.8974,0.2132,0.8788
790772.34,21725.77,3,3,2,2,1,0.61,12,0,0.204,14.56,0.0,0.63,0.7537,0.9311,0.2651,0.8441
1381532.68,365396.14,4,1,1,1,0,0.716,23,1,0.2268,1.42,0.0,0.79,0.8967,0.5171,0.8464,0.9094
212771.05,14934.38,4,1,1,1,0,0.943,0,1,0.3457,5.34,0.0,0.78,0.99,0.3713,0.9203,0.9083
456135.77,2233.53,1,1,1,1,1,0.939,11,0,0.1414,204.22,0.0,0.87,0.1426,0.1726,0.2409,0.957
1143236.11,155176.31,3,2,1,1,0,0.779,1,1,0.2655,3.68,0.0,0.68,0.99,0.4185,0.8442,0.8837
1183098.45,63283.81,6,1,1,1,0,0.709,14,1,0.1641,4.67,0.0,0.63,0.8941,0.5015,0.853,0.8704
1232504.38,33234.3,2,2,2,2,2,0.62,6,0,0.2436,22.25,0.0,0.66,0.7784,0.9791,0.3263,0.8514
420373.71,3710.89,3,1,1,1,0,0.599,5,0,0.1441,41.54,0.0,0.53,0.647,0.5043,0.5203,0.7078
402291.96,4186.63,3,2,2,1,0,0.598,2,0,0.1071,35.23,0.0,0.61,0.5142,0.4859,0.5508,0.7332
719347.29,11669.12,2,2,2,1,0,0.733,7,1,0.2287,33.9,0.0,0.79,0.489,0.4831,0.5215,0.7878
667379.25,24026.85,5,2,1,1,0,0.787,15,0,0.3434,8.33,0.0,0.68,0.9534,0.4836,0.8376,0.8834
1911808.19,197321.82,4,2,1,1,0,0.836,5,0,0.2718,3.63,0.0,0.68,0.9356,0.5446,0.945,0.8829
1487728.96,63742.81,3,5,2,1,1,0.413,14,0,0.1639,9.34,0.0,0.72,0.8071,0.9761,0.2486,0.866
552835.21,2278.12,1,1,1,1,1,0.954,11,0,0.1289,242.67,0.0,0.84,0.2009,0.1228,0.2079,0.9514
212760.74,3786.7,2,3,1,1,1,0.383,9,0,0.223,33.71,0.0,0.59,0.89,0.8872,0.3325,0.8328
718730.96,1343.91,2,1,1,1,1,0.962,11,0,0.1508,267.4,0.0,0.7,0.1402,0.2071,0.1594,0.9261
656932.8,9447.29,1,1,1,1,0,0.937,13,0,0.082,69.54,0.0,0.77,0.176,0.1953,0.1079,0.9384
1923103.47,55636.1,6,1,1,1,0,0.737,4,1,0.3381,8.64,0.0,0.79,0.9793,0.5541,0.9359,0.9096
1865438.76,89707.67,5,2,1,1,0,0.934,8,1,0.1151,6.24,0.0,0.64,0.99,0.3996,0.8349,0.8731
894081.21,8890.86,2,2,2,1,0,0.541,10,0,0.2526,55.31,0.0,0.4,0.5316,0.46,0.6997,0.6712
330480.45,2572.69,1,1,1,1,0,0.964,10,0,0.1328,128.46,0.0,0.75,0.0636,0.1532,0.2366,0.9345
1208233.3,15942.43,4,3,3,2,2,0.526,19,0,0.3264,22.74,0.0,0.71,0.8055,0.8845,0.2309,0.8649
467320.28,3860.4,1,1,1,1,1,0.911,14,0,0.1953,121.05,0.0,0.85,0.0851,0.2166,0.2014,0.9531
2132840.87,66080.2,5,1,1,1,0,0.857,7,1,0.1041,9.68,0.0,0.64,0.9111,0.5389,0.9048,0.8743
1164713.97,24754.89,3,5,2,2,1,0.467,18,0,0.3452,18.82,0.0,0.6,0.7985,0.9058,0.1897,0.8372
1893590.85,85842.96,5,2,1,1,0,0.931,6,0,0.1126,6.62,0.0,0.78,0.8951,0.4857,0.99,0.9074
54806.94,7924.52,5,2,1,1,0,0.898,22,0,0.3003,2.07,0.0,0.69,0.8554,0.4751,0.9817,0.8851
209821.94,1938.28,1,1,1,1,1,0.905,16,0,0.0531,108.25,0.0,0.76,0.1442,0.2077,0.0924,0.9368
653294.85,5339.82,3,2,2,1,0,0.738,8,0,0.2823,44.86,0.0,0.44,0.6857,0.5284,0.6979,0.6811
1142295.05,16507.99,3,4,3,2,2,0.363,6,0,0.2547,27.68,0.0,0.67,0.7676,0.9176,0.3056,0.8536
1109807.58,70866.3,5,1,1,1,0,0.866,3,1,0.279,4.7,0.0,0.85,0.8977,0.4835,0.9631,0.925
79522.31,7142.0,4,2,1,1,0,0.815,13,0,0.2383,4.18,0.0,0.81,0.9452,0.5732,0.9005,0.9146
401126.54,2475.8,2,1,1,1,1,0.903,16,0,0.1984,81.01,0.0,0.85,0.2315,0.1172,0.1709,0.9528
448587.14,2931.04,3,2,1,1,0,0.628,23,1,0.2863,56.12,0.0,0.66,0.6566,0.6058,0.6164,0.749
409189.33,1728.33,1,1,1,1,0,0.984,15,0,0.0901,236.75,0.0,0.86,0.254,0.2372,0.1237,0.9541
745781.82,4447.26,1,1,1,1,0,0.955,10,0,0.0991,167.69,0.0,0.96,0.1433,0.22,0.1772,0.9732
1575466.41,185830.25,4,2,1,1,0,0.947,5,0,0.1736,3.18,0.0,0.95,0.8528,0.5182,0.9334,0.9469
346971.69,18525.06,3,3,2,2,2,0.488,14,0,0.2932,7.49,0.0,0.66,0.7999,0.9011,0.1677,0.8514
324510.65,20294.51,2,4,1,1,1,0.68,6,0,0.3578,9.59,0.0,0.6,0.8283,0.8809,0.213,0.8361
2281286.22,184549.83,3,1,1,1,0,0.947,7,0,0.2517,6.18,0.0,0.94,0.9173,0.4564,0.8926,0.9468
66864.94,272.61,1,1,1,1,1,0.931,13,0,0.1251,245.27,0.0,0.91,0.2106,0.2407,0.217,0.9642
335933.8,1999.46,1,1,1,1,1,0.984,11,0,0.0599,168.01,0.0,0.89,0.2284,0.2706,0.2034,0.9608
2445269.9,313453.68,3,2,1,1,0,0.856,12,1,0.2204,3.9,0.0,0.9,0.9176,0.5182,0.9636,0.9363
2054803.83,135772.93,5,2,1,1,0,0.92,18,0,0.1033,4.54,0.0,0.78,0.9248,0.5175,0.8588,0.908
1902211.35,120128.23,4,2,1,1,0,0.77,6,1,0.2245,5.94,0.0,0.88,0.9763,0.5325,0.8523,0.9309
1522143.49,124139.36,5,1,1,1,0,0.846,17,1,0.2903,3.68,0.0,0.68,0.9789,0.4233,0.8452,0.8843
930235.32,14286.06,4,5,1,2,1,0.436,9,0,0.396,19.53,0.0,0.69,0.7643,0.9842,0.1209,0.8596
34712.8,386.57,1,1,1,1,0,0.939,9,0,0.0839,89.8,0.0,0.85,0.0859,0.2146,0.1237,0.9526
1180149.66,42309.78,5,1,1,1,0,0.898,0,1,0.1451,8.37,0.0,0.87,0.9139,0.3603,0.9353,0.9279
470935.5,21739.69,4,1,1,1,0,0.953,9,1,0.3373,8.12,0.0,0.79,0.9346,0.5404,0.8578,0.9105
1974060.62,126788.87,3,1,1,1,0,0.745,18,0,0.2178,7.78,0.0,0.93,0.8945,0.5072,0.8021,0.9424
486423.93,2934.38,1,1,1,1,0,0.915,11,0,0.1994,165.77,0.0,0.75,0.2013,0.225,0.1866,0.9344
577078.45,47731.82,6,1,1,1,0,0.885,12,1,0.1488,3.02,0.0,0.88,0.9025,0.4384,0.8714,0.9317
54958.66,1527.67,2,2,2,1,0,0.617,20,0,0.2386,19.79,0.0,0.5,0.5714,0.4368,0.6229,0.7009
232355.15,4974.12,4,4,3,1,1,0.444,13,0,0.1877,14.01,0.0,0.76,0.8147,0.9121,0.2354,0.8779
1179898.94,102621.71,6,1,1,1,0,0.712,9,0,0.1595,2.87,0.0,0.62,0.8586,0.3534,0.8375,0.8696
259810.16,5505.1,1,1,1,1,1,0.958,14,0,0.1377,47.19,0.0,0.78,0.1568,0.1304,0.2306,0.9409
399474.67,3951.12,1,1,1,1,1,0.933,14,0,0.1316,101.1,0.0,0.96,0.232,0.2009,0.1287,0.9725
612090.88,4811.3,1,1,1,1,0,0.968,9,0,0.1575,127.22,0.0,0.82,0.2276,0.1869,0.063,0.9481
1181343.45,55046.33,4,2,1,1,0,0.734,1,1,0.3235,8.05,0.0,0.65,0.9761,0.5026,0.9321,0.8765
112860.7,2638.24,3,3,2,2,1,0.557,21,0,0.2151,17.11,0.0,0.61,0.7775,0.9704,0.2604,0.8398
400046.16,860.4,2,1,1,1,1,0.937,13,0,0.132,232.48,0.0,0.99,0.2354,0.1058,0.0583,0.9775
48866.95,205.52,1,1,1,1,0,0.935,14,0,0.1689,237.78,0.0,0.93,0.0686,0.096,0.1114,0.9682
1276052.85,32192.97,6,2,1,1,0,0.784,4,1,0.3334,9.91,0.0,0.82,0.9656,0.5132,0.9337,0.9165
288810.45,9050.83,2,1,2,1,0,0.784,21,0,0.2077,17.55,0.0,0.68,0.6592,0.5634,0.4722,0.7534
121811.97,1402.42,2,1,1,1,0,0.775,16,0,0.1731,47.77,0.0,0.66,0.5643,0.4186,0.6219,0.7466
707049.7,5724.31,1,1,1,1,1,0.944,16,0,0.1868,123.52,0.0,0.75,0.1022,0.2012,0.0733,0.9349
75819.28,488.05,3,2,2,1,0,0.515,19,0,0.1018,56.96,0.0,0.51,0.538,0.4903,0.5595,0.7021
610212.18,27209.94,4,3,3,1,2,0.569,6,0,0.1949,6.73,0.0,0.53,0.8498,0.934,0.2427,0.8176
545597.79,5550.88,2,1,1,1,0,0.522,3,0,0.2282,54.06,0.0,0.68,0.4584,0.5791,0.4527,0.7528
1096700.44,26876.83,3,3,1,1,1,0.416,16,0,0.3924,16.32,0.0,0.76,0.7835,0.9576,0.16,0.8787
1342505.82,70767.24,5,1,1,1,0,0.798,22,0,0.1709,5.69,0.0,0.83,0.9789,0.4137,0.8805,0.9199
296626.61,6587.69,2,5,1,2,2,0.419,20,0,0.3586,27.02,0.0,0.65,0.8511,0.9088,0.2123,0.8497
1453277.82,170201.27,6,2,1,1,0,0.852,4,1,0.2498,2.13,0.0,0.72,0.9162,0.554,0.9252,0.8938
392284.01,2457.8,3,1,1,1,0,0.652,16,0,0.2099,58.52,0.0,0.6,0.5356,0.5221,0.5653,0.7311
768239.14,29330.85,6,2,1,1,0,0.788,13,1,0.2193,6.55,0.0,0.92,0.9648,0.5821,0.967,0.94
858605.94,20731.83,4,5,2,2,1,0.604,7,0,0.2734,12.42,0.0,0.54,0.7881,0.9524,0.3262,0.8198
2167326.24,109780.56,3,2,1,1,0,0.893,1,1,0.2719,9.87,0.0,0.61,0.9279,0.5773,0.902,0.8672
237098.08,2130.71,3,2,2,1,0,0.644,13,0,0.2362,40.8,0.0,0.44,0.6079,0.6461,0.4699,0.6814
30066.6,86.3,2,1,1,1,0,0.935,12,0,0.1488,174.2,0.0,0.71,0.1513,0.1344,0.1447,0.9276
176449.85,13096.28,4,2,1,1,0,0.857,18,1,0.2471,5.05,0.0,0.64,0.9321,0.5009,0.8323,0.8725
1710275.29,84552.21,4,1,1,1,0,0.747,17,0,0.1243,7.59,0.0,0.66,0.9134,0.4737,0.9305,0.8792
169005.7,338.79,2,1,1,1,1,0.94,14,0,0.1014,249.42,0.0,0.91,0.2246,0.1232,0.2395,0.9642
182573.82,978.21,1,1,1,1,1,0.96,15,0,0.1606,186.64,0.0,0.84,0.0697,0.2022,0.1244,0.9519
527809.54,7106.4,2,1,2,1,0,0.592,16,0,0.2486,40.85,0.0,0.41,0.4572,0.5895,0.623,0.6725
325683.85,1152.38,2,1,1,1,1,0.976,17,0,0.1105,141.31,0.0,0.97,0.0971,0.2169,0.0784,0.9748
836878.21,70046.27,4,1,1,1,0,0.893,11,0,0.1711,4.48,0.0,0.85,0.9199,0.5556,0.9532,0.9229
352302.97,21373.05,6,1,1,1,0,0.831,9,1,0.1426,4.12,0.0,0.83,0.9831,0.3929,0.849,0.9194
654704.73,23780.72,6,2,1,1,0,0.818,19,1,0.1612,6.88,0.0,0.62,0.9333,0.5155,0.9553,0.8699
97432.32,238.7,2,1,1,1,1,0.921,14,0,0.1174,204.09,0.0,0.77,0.0708,0.1896,0.113,0.9394
329025.64,5641.85,2,3,3,2,1,0.699,8,0,0.1897,34.99,0.0,0.56,0.8545,0.9584,0.1826,0.8244
1164053.16,19179.07,4,3,1,1,2,0.652,14,0,0.1567,18.21,0.0,0.86,0.7534,0.8638,0.158,0.904
823792.36,26582.91,4,2,2,1,1,0.629,11,0,0.353,9.3,0.0,0.52,0.7913,0.9602,0.2065,0.8152
1239184.22,18946.97,4,2,3,2,2,0.607,14,0,0.1804,19.62,0.0,0.8,0.7845,0.8663,0.1428,0.8877
303064.89,616.45,2,1,1,1,1,0.963,10,0,0.1615,245.81,0.0,0.94,0.1642,0.1099,0.2074,0.9693
595500.2,90909.35,3,2,1,1,0,0.783,14,1,0.1497,3.28,0.0,0.92,0.9762,0.5983,0.9252,0.9414
653773.51,1499.21,2,1,1,1,0,0.917,15,0,0.1547,218.04,0.0,0.76,0.2093,0.239,0.0973,0.936
1277011.37,41604.68,5,1,1,1,0,0.733,22,1,0.1781,9.21,0.0,0.94,0.99,0.5167,0.8193,0.9449
1312771.56,145997.6,4,2,1,1,0,0.729,20,0,0.1974,3.37,0.0,0.63,0.89,0.5745,0.8996,0.8723
428479.87,11307.71,2,1,2,1,0,0.845,15,0,0.2666,20.84,0.0,0.71,0.6552,0.4839,0.617,0.7615
77713.26,4721.4,3,2,1,1,0,0.975,10,0,0.3457,8.23,0.0,0.77,0.8516,0.5888,0.9146,0.9054
443281.93,1476.61,2,1,1,1,0,1.0,16,0,0.1763,150.1,0.0,0.77,0.1327,0.1545,0.2298,0.9387
684582.07,9294.77,4,3,2,1,2,0.382,21,0,0.2814,22.1,0.0,0.85,0.8348,0.8888,0.3052,0.9011
2342439.97,346505.49,3,2,1,1,0,0.838,2,1,0.2174,3.38,0.0,0.71,0.99,0.5691,0.8319,0.8908
552009.74,3046.01,1,1,1,1,0,0.92,9,0,0.1091,181.22,0.0,0.74,0.1549,0.2581,0.1437,0.9334
277980.59,17641.07,3,2,1,1,0,0.788,13,1,0.1879,7.88,0.0,0.61,0.9437,0.5332,0.8751,0.8675
412433.45,2455.94,1,1,1,1,1,0.942,10,0,0.1864,167.93,0.0,0.84,0.1168,0.2003,0.185,0.9521
1237867.75,77709.34,2,3,3,1,1,0.687,6,0,0.1659,9.56,0.0,0.81,0.8787,0.9096,0.1552,0.8907
514535.77,8830.33,2,2,1,2,1,0.568,19,0,0.3587,34.96,0.0,0.7,0.9174,0.9851,0.1825,0.8623
1894138.06,235798.66,4,1,1,1,0,0.883,19,0,0.2048,3.01,0.0,0.9,0.9774,0.363,0.9286,0.9354
579809.86,19724.17,2,4,2,2,1,0.357,10,0,0.2575,17.64,0.0,0.53,0.769,0.9411,0.2773,0.8174
1150536.21,18445.53,3,5,2,1,2,0.553,14,0,0.2969,24.95,0.0,0.84,0.8693,0.9306,0.2584,0.899
1458150.58,26158.81,3,3,1,2,1,0.357,16,0,0.1991,22.3,0.0,0.75,0.9189,0.9075,0.247,0.8739
2198524.11,330745.47,6,1,1,1,0,0.952,15,1,0.2353,1.66,0.0,0.83,0.931,0.503,0.9508,0.9188
133859.64,11813.62,5,1,1,1,0,0.962,11,1,0.3278,3.4,0.0,0.65,0.9224,0.5131,0.99,0.8768
2145273.38,355327.51,5,2,1,1,0,0.738,2,1,0.231,1.81,0.0,0.84,0.99,0.5238,0.8618,0.9217
1393304.51,19230.78,3,3,2,2,1,0.442,13,0,0.3133,28.98,0.0,0.82,0.9022,0.9576,0.2849,0.8933
867774.12,23557.99,2,1,2,1,0,0.794,22,0,0.1149,20.26,0.0,0.52,0.4592,0.635,0.6169,0.7062
1337207.94,22544.16,4,3,2,1,2,0.475,13,0,0.3877,17.79,0.0,0.68,0.7583,0.9359,0.1659,0.8558
1908045.2,148292.6,3,1,1,1,0,0.866,7,1,0.1935,6.43,0.0,0.66,0.9268,0.4507,0.9397,0.878
2140788.88,206227.92,6,1,1,1,0,0.966,5,1,0.1355,2.6,0.0,0.85,0.9164,0.5743,0.8838,0.9233
2298250.57,258318.32,4,2,1,1,0,0.818,3,1,0.234,3.34,0.0,0.94,0.9216,0.5892,0.9176,0.9464
413038.65,178954.71,3,1,1,1,0,0.909,9,0,0.1271,1.15,0.0,0.6,0.8632,0.5416,0.9822,0.864
1997490.89,85809.22,6,1,1,1,0,0.763,19,0,0.1057,5.82,0.0,0.94,0.9755,0.4458,0.9622,0.9457
1716269.85,106966.6,4,2,1,1,0,0.918,3,1,0.2036,6.02,0.0,0.68,0.9788,0.3986,0.9732,0.8832
1012919.23,78970.84,5,2,1,1,0,0.728,20,0,0.321,3.85,0.0,0.63,0.9579,0.3919,0.8151,0.8702
301499.81,10433.2,5,1,1,1,0,0.71,19,0,0.2053,8.67,0.0,0.72,0.9538,0.5314,0.9304,0.8921
607296.72,9850.94,2,1,1,1,0,0.533,3,0,0.1241,33.91,0.0,0.77,0.6208,0.4356,0.6362,0.7814
2024645.88,61523.18,5,1,1,1,0,0.94,12,0,0.1932,9.87,0.0,0.93,0.9597,0.5575,0.99,0.9439
168349.02,5734.81,3,3,3,1,1,0.514,6,0,0.1928,11.74,0.0,0.84,0.8211,0.8778,0.3151,0.8983
312532.59,3247.89,3,2,2,1,0,0.785,13,0,0.2412,35.28,0.0,0.56,0.5326,0.6442,0.6769,0.7187
294374.02,4306.11,3,2,1,1,0,0.558,2,0,0.2417,25.07,0.0,0.69,0.6473,0.4483,0.5959,0.758
2369292.7,199908.24,3,2,1,1,0,0.752,4,1,0.2841,5.93,0.0,0.7,0.9755,0.3942,0.8924,0.8876
639375.57,7173.66,2,1,2,1,0,0.628,11,0,0.1589,49.02,0.0,0.47,0.4944,0.6404,0.6644,0.6913
177841.66,5302.51,2,4,3,2,2,0.386,16,0,0.3011,20.12,0.0,0.69,0.9024,0.9013,0.253,0.8585
1895707.56,75672.65,4,2,1,1,0,0.924,21,0,0.3226,9.39,0.0,0.85,0.8724,0.4158,0.9223,0.9246
1974152.26,61721.96,6,1,1,1,0,0.72,12,0,0.229,8.0,0.0,0.84,0.8718,0.4184,0.9108,0.9217
399709.09,4071.94,2,1,1,1,0,0.988,17,0,0.0972,49.08,0.0,0.82,0.1902,0.2589,0.0857,0.9473
200207.02,17865.79,2,3,1,2,1,0.665,9,0,0.1628,6.72,0.0,0.83,0.7908,0.9785,0.1916,0.8967
75949.91,3028.68,4,2,1,1,0,0.7,2,1,0.1816,9.4,0.0,0.7,0.9604,0.4709,0.8819,0.8877
2015679.54,595518.65,3,2,1,1,0,0.931,9,1,0.1056,1.69,0.0,0.77,0.943,0.5921,0.8606,0.9042
323240.41,5851.34,3,5,2,2,1,0.462,14,0,0.2429,22.1,0.0,0.69,0.7787,0.9351,0.2202,0.86
938109.37,8865.13,3,1,1,1,0,0.791,14,1,0.2398,38.8,0.0,0.48,0.5926,0.6617,0.5166,0.6927
2357961.93,169112.87,3,2,1,1,0,0.775,6,0,0.1527,6.97,0.0,0.89,0.9637,0.4026,0.8129,0.9327
732878.35,13022.59,2,5,1,1,2,0.407,6,0,0.2991,33.77,0.0,0.76,0.8908,0.8859,0.2406,0.878
1005049.68,22156.9,2,2,3,1,2,0.637,12,0,0.3892,27.22,0.0,0.88,0.9105,0.8656,0.2127,0.9081
808218.68,68521.08,5,1,1,1,0,0.919,22,0,0.2458,3.54,0.0,0.8,0.9205,0.3808,0.9048,0.9109
258963.36,1233.71,2,1,1,1,1,0.986,9,0,0.1798,104.95,0.0,0.95,0.2083,0.1732,0.2015,0.9709
1111519.71,12242.64,4,5,1,1,1,0.385,8,0,0.2871,27.24,0.0,0.76,0.776,0.9214,0.1417,0.8778
1286263.7,40786.24,2,5,3,1,2,0.474,8,0,0.3174,18.92,0.0,0.9,0.8896,0.9275,0.2044,0.9129
476275.23,1596.67,2,1,1,1,1,0.943,15,0,0.1644,149.15,0.0,0.74,0.1016,0.0853,0.0516,0.9324
2008336.32,545334.04,3,2,1,1,0,0.858,18,0,0.2753,1.84,0.0,0.85,0.8525,0.5107,0.8357,0.9235
705258.32,4840.48,3,1,1,1,0,0.849,15,1,0.2807,53.42,0.0,0.56,0.661,0.5519,0.5518,0.7171
91524.02,377.11,1,1,1,1,1,0.95,11,0,0.0633,242.7,0.0,0.79,0.1247,0.1645,0.2474,0.9429
1320772.01,178220.81,5,1,1,1,0,0.845,3,1,0.2029,2.22,0.0,0.91,0.9434,0.5276,0.9845,0.9393
413772.77,2317.94,2,1,1,1,0,0.965,15,0,0.1152,89.25,0.0,0.76,0.058,0.1977,0.2229,0.9373
530272.86,78234.8,5,1,1,1,0,0.748,19,0,0.2537,2.03,0.0,0.8,0.9117,0.5649,0.8463,0.9126
842498.36,32981.95,4,2,1,1,0,0.806,2,1,0.3243,9.58,0.0,0.63,0.9636,0.5615,0.99,0.87
310149.03,587.27,2,1,1,1,0,0.96,9,0,0.1424,264.06,0.0,0.87,0.1932,0.2423,0.1789,0.9559
160467.48,944.43,1,1,1,1,0,0.98,10,0,0.1229,169.91,0.0,0.75,0.1712,0.2091,0.1551,0.9346
191433.5,26073.78,3,2,1,1,0,0.977,14,0,0.3117,3.67,0.0,0.63,0.9007,0.4507,0.9143,0.8715
301517.3,21045.3,4,1,1,1,0,0.771,15,0,0.207,5.37,0.0,0.76,0.962,0.4045,0.8175,0.9034
281405.85,11098.25,2,3,2,2,1,0.665,18,0,0.1732,15.21,0.0,0.72,0.7546,0.9856,0.1985,0.8683
650186.67,3828.29,1,1,1,1,0,0.983,14,0,0.1774,169.84,0.0,0.88,0.0513,0.1664,0.1901,0.9576
1046046.56,27147.68,6,1,1,1,0,0.707,18,0,0.2285,9.63,0.0,0.83,0.9095,0.4917,0.8708,0.9186
1430078.62,22315.0,3,4,3,1,1,0.676,21,0,0.1642,25.63,0.0,0.63,0.766,0.8711,0.2714,0.8445
2185123.41,164039.82,5,2,1,1,0,0.902,13,0,0.1822,4.0,0.0,0.68,0.9005,0.4278,0.9497,0.8823
1423838.35,109397.57,3,1,1,1,0,0.82,3,1,0.2512,6.51,0.0,0.6,0.9828,0.4087,0.8946,0.8648
2123734.92,112708.12,6,1,1,1,0,0.975,16,0,0.3115,4.71,0.0,0.92,0.879,0.3648,0.8454,0.9399
1915550.24,198360.41,3,2,1,1,0,0.864,19,1,0.1219,4.83,0.0,0.95,0.9726,0.5684,0.971,0.9478
40986.59,109.37,2,1,1,1,0,0.911,15,0,0.0848,187.37,0.0,0.9,0.1059,0.1579,0.1238,0.9625
81299.68,149.39,2,1,1,1,0,0.911,15,0,0.1411,272.11,0.0,0.92,0.1887,0.175,0.0605,0.9655
193034.17,1548.36,3,1,2,1,0,0.666,3,0,0.106,45.71,0.0,0.65,0.6032,0.6031,0.4231,0.7435
593581.66,3052.66,1,1,1,1,1,0.964,17,0,0.0656,194.45,0.0,0.88,0.2184,0.2795,0.0946,0.9588
32154.13,171.85,1,1,1,1,0,0.936,17,0,0.1403,187.11,0.0,0.99,0.0968,0.1229,0.0614,0.9783
443743.32,4764.58,1,1,1,1,0,0.918,10,0,0.0605,93.13,0.0,0.86,0.0614,0.1823,0.243,0.9554
1822582.69,91622.35,3,2,1,1,0,0.866,19,1,0.2762,9.95,0.0,0.69,0.9589,0.489,0.9067,0.8845
597254.18,22797.6,6,2,1,1,0,0.957,23,1,0.2431,6.55,0.0,0.84,0.99,0.4463,0.9511,0.9219
2143007.56,207489.23,6,2,1,1,0,0.702,16,0,0.106,2.58,0.0,0.73,0.8779,0.473,0.8891,0.8958
1887270.24,142971.99,3,2,1,1,0,0.934,21,1,0.2495,6.6,0.0,0.9,0.99,0.4865,0.9848,0.9371
766917.13,1785.72,2,1,1,1,0,0.947,10,0,0.1584,214.74,0.0,0.78,0.1216,0.2172,0.1456,0.9412
396547.47,44308.28,5,1,1,1,0,0.842,5,1,0.1418,2.68,0.0,0.63,0.9668,0.5354,0.8553,0.8723
2182181.09,135249.58,3,1,1,1,0,0.722,19,1,0.1993,8.07,0.0,0.83,0.9416,0.5703,0.9106,0.9182
1470890.51,74547.43,3,3,2,1,1,0.434,21,0,0.3038,7.89,0.0,0.66,0.8967,0.9447,0.3247,0.8508
192292.71,2900.05,2,2,2,1,0,0.617,2,0,0.2877,36.47,0.0,0.67,0.6872,0.4565,0.6635,0.752
446306.41,2341.6,2,1,1,1,1,0.967,9,0,0.1726,95.3,0.0,0.9,0.2273,0.1503,0.1163,0.9611
1933083.05,119809.16,4,2,1,1,0,0.893,20,0,0.2042,6.05,0.0,0.9,0.9761,0.3823,0.9283,0.9363
431338.13,1619.06,2,1,1,1,0,0.927,11,0,0.1618,133.21,0.0,0.91,0.0774,0.2177,0.164,0.9639
812295.93,30156.3,6,2,1,1,0,0.844,15,0,0.3331,6.73,0.0,0.69,0.8914,0.5165,0.8433,0.8859
1376144.19,50055.79,2,4,2,1,1,0.409,16,0,0.2052,16.5,0.0,0.64,0.8868,0.9441,0.3008,0.8464
405156.29,5211.82,3,4,3,2,2,0.461,9,0,0.1686,31.1,0.0,0.8,0.7578,0.8737,0.2213,0.8893
1228774.99,21967.58,3,2,1,2,2,0.6,12,0,0.2219,22.37,0.0,0.79,0.791,0.9686,0.228,0.8858
1060424.36,67254.24,4,2,1,1,0,0.702,8,0,0.3225,5.91,0.0,0.61,0.9375,0.4879,0.9616,0.8659
2154284.52,119399.38,3,2,1,1,0,0.76,13,0,0.2705,9.02,0.0,0.7,0.8572,0.5165,0.8826,0.8874
321763.9,19109.54,6,2,1,1,0,0.942,4,1,0.1529,4.21,0.0,0.65,0.99,0.4649,0.9598,0.8748
190788.95,9634.07,4,1,1,1,0,0.701,22,1,0.2578,7.43,0.0,0.75,0.9407,0.3799,0.9325,0.8992
204575.71,869.62,2,1,1,1,1,0.948,13,0,0.1779,117.62,0.0,0.81,0.2408,0.2535,0.0624,0.9465
2280522.4,147516.34,4,2,1,1,0,0.954,14,1,0.2706,5.8,0.0,0.63,0.917,0.396,0.9183,0.8723
1754711.38,113596.21,4,1,1,1,0,0.908,21,0,0.2561,5.79,0.0,0.92,0.8634,0.5898,0.99,0.9402
478669.71,5666.36,2,2,1,1,0,0.846,11,1,0.227,46.46,0.0,0.48,0.4546,0.6026,0.6588,0.6949
144324.86,1871.68,3,5,3,1,2,0.357,20,0,0.2792,30.84,0.0,0.83,0.8324,0.9771,0.3136,0.8957
54912.97,117.83,2,1,1,1,1,0.938,10,0,0.1646,233.01,0.0,0.98,0.2421,0.1075,0.1506,0.9764
2404391.1,83857.59,5,2,1,1,0,0.949,5,0,0.3055,8.6,0.0,0.84,0.8738,0.4495,0.988,0.9228
562923.12,24503.63,6,1,1,1,0,0.732,15,0,0.3443,5.74,0.0,0.72,0.9377,0.3931,0.8207,0.8917
676845.49,5362.33,1,1,1,1,1,0.924,17,0,0.1024,126.22,0.0,0.85,0.0569,0.1336,0.1691,0.9527
2182787.33,432208.44,3,1,1,1,0,0.849,8,0,0.1814,2.53,0.0,0.8,0.8722,0.3556,0.9271,0.9123
1042239.6,14843.39,3,4,1,1,1,0.657,11,0,0.3188,28.09,0.0,0.71,0.8672,0.9021,0.1542,0.8642
203697.28,551.49,2,1,1,1,1,0.948,13,0,0.0544,184.68,0.0,1.0,0.2004,0.1651,0.0883,0.9794
1696866.53,75092.9,6,1,1,1,0,0.806,0,1,0.2613,5.65,0.0,0.9,0.9184,0.5092,0.8472,0.9365
886338.64,7778.94,4,2,3,1,1,0.353,17,0,0.3832,34.18,0.0,0.7,0.8733,0.9675,0.1669,0.8624
1908549.07,53215.42,6,1,1,1,0,0.79,20,0,0.1935,8.97,0.0,0.76,0.9747,0.4887,0.8254,0.902
361934.99,4799.98,4,2,2,2,2,0.498,15,0,0.338,22.62,0.0,0.66,0.7756,0.92,0.3387,0.8514
172541.91,752.99,2,1,1,1,1,0.912,9,0,0.1232,114.57,0.0,0.93,0.1365,0.2771,0.1295,0.967
2183916.62,196286.81,3,1,1,1,0,0.708,19,0,0.2078,5.56,0.0,0.74,0.9275,0.5016,0.8026,0.8985
629469.64,40824.14,6,1,1,1,0,0.912,17,1,0.1942,3.85,0.0,0.72,0.99,0.4094,0.9084,0.893
2288909.82,63549.41,6,2,1,1,0,0.894,2,1,0.3443,9.0,0.0,0.78,0.9309,0.4159,0.8449,0.9062
98956.53,4420.39,3,2,3,2,2,0.59,13,0,0.2685,8.95,0.0,0.83,0.8632,0.9163,0.3282,0.8967
69816.35,273.81,1,1,1,1,0,0.932,13,0,0.1483,254.98,0.0,0.73,0.2391,0.2562,0.1996,0.9317
566490.95,15192.42,2,2,2,1,0,0.682,5,0,0.2273,20.51,0.0,0.69,0.6062,0.5441,0.504,0.7564
1364932.62,57835.38,2,3,2,1,1,0.431,15,0,0.3879,14.16,0.0,0.73,0.8285,0.963,0.157,0.8706
1192371.89,91362.53,3,1,1,1,0,0.722,18,0,0.2386,6.53,0.0,0.84,0.8933,0.4573,0.8991,0.9216
680279.77,13717.92,2,5,2,1,1,0.405,20,0,0.3872,29.75,0.0,0.57,0.8211,0.9705,0.12,0.8294
81883.97,1057.97,2,2,1,1,0,0.59,3,0,0.1742,42.57,0.0,0.6,0.6599,0.4416,0.5727,0.7306
1771847.16,279257.19,5,1,1,1,0,0.729,3,1,0.1276,1.9,0.0,0.92,0.9355,0.4779,0.8304,0.9401
1409788.86,71809.1,3,2,2,1,2,0.518,16,0,0.384,7.85,0.0,0.9,0.8237,0.8895,0.2488,0.9139
481759.91,8582.74,3,1,2,1,0,0.828,10,0,0.2775,20.58,0.0,0.42,0.693,0.4023,0.6848,0.6771
1061106.74,9738.77,4,3,1,2,1,0.444,20,0,0.1904,32.69,0.0,0.54,0.8653,0.8878,0.2734,0.8215
662464.05,4299.72,3,2,2,1,0,0.735,6,0,0.2859,56.49,0.0,0.7,0.4835,0.5333,0.5091,0.7591
978688.1,24117.02,2,1,1,1,0,0.504,16,0,0.2321,22.32,0.0,0.53,0.6134,0.5074,0.6161,0.7101
411962.08,3046.43,1,1,1,1,1,0.912,14,0,0.0869,135.23,0.0,0.72,0.1994,0.1535,0.0687,0.9294
550086.88,2769.18,1,1,1,1,0,0.915,16,0,0.1828,198.65,0.0,0.76,0.1694,0.2723,0.1774,0.9362
1081650.14,14120.71,3,5,1,2,1,0.627,15,0,0.388,30.64,0.0,0.7,0.8529,0.9392,0.2997,0.8621
31511.16,194.12,1,1,1,1,0,0.97,13,0,0.1163,162.33,0.0,0.95,0.2461,0.1259,0.1658,0.9702
604402.04,4479.07,1,1,1,1,1,0.972,10,0,0.1975,134.94,0.0,0.84,0.2047,0.2513,0.0942,0.9511
832868.82,8434.84,4,3,3,2,2,0.465,21,0,0.2401,29.62,0.0,0.62,0.8073,0.8686,0.2978,0.8399
446627.04,7615.55,1,1,1,1,0,0.93,17,0,0.1134,58.65,0.0,0.76,0.2073,0.1472,0.0924,0.9366
2427974.31,124182.88,6,1,1,1,0,0.912,17,1,0.2058,4.89,0.0,0.64,0.9777,0.4019,0.9165,0.8745
2332640.66,93158.61,6,1,1,1,0,0.969,6,0,0.3059,6.26,0.0,0.67,0.8817,0.5459,0.9052,0.881
1333439.98,22177.67,4,3,2,1,1,0.579,21,0,0.366,18.04,0.0,0.64,0.858,0.8877,0.1781,0.8462
1149407.14,33492.77,2,3,2,1,1,0.483,13,0,0.3225,20.59,0.0,0.78,0.909,0.9547,0.1894,0.8818
1008221.88,79732.54,6,2,1,1,0,0.721,21,0,0.1361,3.16,0.0,0.66,0.9419,0.3923,0.823,0.8787
44293.22,1089.88,2,2,2,1,0,0.675,14,0,0.2231,22.35,0.0,0.45,0.5739,0.5874,0.4616,0.6848
699681.12,22816.67,2,4,1,2,2,0.57,15,0,0.3691,18.4,0.0,0.67,0.8534,0.9699,0.3312,0.8551
304684.1,22629.89,4,2,1,1,0,0.977,20,0,0.2619,5.05,0.0,0.85,0.9724,0.3718,0.85,0.9234
1353959.66,93847.99,3,2,1,1,0,0.923,2,1,0.2175,7.21,0.0,0.73,0.99,0.3519,0.9887,0.8943
79429.63,993.55,3,2,2,1,0,0.553,17,1,0.2215,29.31,0.0,0.76,0.6182,0.5503,0.4683,0.7778
1207797.22,51632.52,6,2,1,1,0,0.98,10,1,0.1763,5.85,0.0,0.69,0.9053,0.4993,0.8452,0.8866
736186.58,5936.88,1,1,1,1,1,0.956,14,0,0.0637,124.0,0.0,0.97,0.1573,0.225,0.0967,0.974
336352.05,32471.89,2,4,3,1,2,0.678,9,0,0.1774,6.21,0.0,0.72,0.8409,0.8864,0.256,0.867
776054.1,19963.83,2,2,2,2,2,0.676,19,0,0.3621,23.32,0.0,0.59,0.8804,0.9395,0.3212,0.8334
845814.44,21999.45,3,3,2,1,1,0.669,21,0,0.3532,15.38,0.0,0.84,0.8918,0.9386,0.3486,0.8982
477421.07,17436.71,5,2,1,1,0,0.797,20,0,0.2297,8.21,0.0,0.6,0.9515,0.3995,0.9238,0.865
2001066.44,320602.72,5,2,1,1,0,0.775,18,0,0.1323,1.87,0.0,0.74,0.8957,0.5391,0.909,0.8977
924253.33,10308.25,2,2,1,1,0,0.763,12,1,0.1342,49.31,0.0,0.4,0.5987,0.6668,0.6012,0.6702
1374176.94,117379.52,6,1,1,1,0,0.747,16,0,0.322,2.93,0.0,0.9,0.8941,0.3746,0.8304,0.9366
2399879.06,64801.11,6,2,1,1,0,0.751,2,1,0.2679,9.26,0.0,0.67,0.99,0.4049,0.8017,0.8819
1096530.82,25342.06,3,5,3,2,2,0.382,6,0,0.355,17.31,0.0,0.68,0.8025,0.9253,0.2431,0.8566
1373016.04,55013.03,6,1,1,1,0,0.909,14,0,0.1243,6.24,0.0,0.7,0.9057,0.591,0.941,0.8888
267152.81,1915.51,1,1,1,1,0,0.926,11,0,0.1012,139.47,0.0,0.96,0.2576,0.1487,0.191,0.9723
163625.37,649.04,1,1,1,1,1,0.974,11,0,0.1051,252.11,0.0,0.84,0.2315,0.1081,0.0609,0.9506
106988.02,4412.44,2,3,1,1,2,0.413,10,0,0.3371,14.55,0.0,0.87,0.7828,0.925,0.3486,0.9074
704126.48,2616.76,1,1,1,1,0,0.97,11,0,0.109,269.08,0.0,0.89,0.2102,0.2014,0.0569,0.9597
960914.14,69744.15,4,1,1,1,0,0.713,9,1,0.1835,5.17,0.0,0.66,0.8911,0.4214,0.9511,0.8774
957841.7,12640.55,3,4,1,1,2,0.386,18,0,0.1979,30.31,0.0,0.66,0.8032,0.8723,0.2545,0.8504
572800.5,5813.86,2,2,2,1,0,0.525,11,0,0.2202,54.19,0.0,0.53,0.5242,0.5488,0.5056,0.7079
401152.83,2559.61,3,2,2,1,0,0.667,21,0,0.1552,57.47,0.0,0.52,0.6065,0.4489,0.6252,0.7069
1246358.5,187781.19,5,2,1,1,0,0.885,3,1,0.1514,1.99,0.0,0.81,0.9776,0.3676,0.9701,0.9152
91647.43,2059.91,2,2,2,1,0,0.757,7,1,0.2111,24.47,0.0,0.77,0.6189,0.4079,0.4418,0.782
448108.55,1314.15,2,1,1,1,0,0.981,16,0,0.1994,170.49,0.0,0.73,0.2192,0.1347,0.1222,0.9316
911355.76,123308.6,4,2,1,1,0,0.888,19,1,0.3069,2.77,0.0,0.74,0.9353,0.4581,0.8982,0.8964
2477573.37,123741.99,4,1,1,1,0,0.975,7,1,0.3246,7.51,0.0,0.7,0.893,0.5649,0.8941,0.8875
900149.22,37110.65,6,2,1,1,0,0.859,13,1,0.2352,6.06,0.0,0.68,0.9078,0.5964,0.833,0.8833
241754.2,4495.14,2,1,2,1,0,0.848,9,0,0.1641,29.58,0.0,0.75,0.6417,0.6323,0.4346,0.7763
1498785.97,19699.68,4,5,3,1,1,0.53,6,0,0.2917,22.82,0.0,0.77,0.8962,0.9087,0.3484,0.881
344958.97,2581.36,2,1,1,1,1,0.911,16,0,0.05,66.82,0.0,0.74,0.1795,0.2152,0.1377,0.9325
1603445.51,54792.76,5,2,1,1,0,0.844,5,0,0.2588,8.78,0.0,0.66,0.9661,0.4899,0.8338,0.8774
708188.92,23438.82,2,5,3,1,1,0.397,14,0,0.1556,18.13,0.0,0.85,0.7549,0.9422,0.1427,0.9
393807.41,43502.07,5,2,1,1,0,0.789,5,1,0.1102,2.72,0.0,0.61,0.9159,0.4295,0.8824,0.8652
258706.03,4083.84,1,1,1,1,0,0.901,14,0,0.1044,63.35,0.0,0.93,0.1222,0.1661,0.2311,0.9676
1342772.7,335309.35,5,1,1,1,0,0.922,19,1,0.2181,1.2,0.0,0.92,0.9432,0.4785,0.9482,0.9402
304270.08,3567.4,3,2,1,2,2,0.571,14,0,0.398,34.12,0.0,0.55,0.8716,0.9873,0.2264,0.8238
780542.81,4336.83,1,1,1,1,1,0.902,13,0,0.0884,179.98,0.0,0.74,0.1988,0.0878,0.231,0.9331
981139.42,8889.53,4,4,3,2,1,0.519,12,0,0.3468,33.11,0.0,0.84,0.8749,0.9437,0.2414,0.8987
1778139.25,112294.87,4,1,1,1,0,0.755,21,0,0.1134,5.94,0.0,0.78,0.8736,0.3903,0.8653,0.9063
2174046.77,128876.75,6,1,1,1,0,0.741,12,0,0.2415,4.22,0.0,0.8,0.9145,0.5519,0.8086,0.9118
598703.45,16249.48,2,2,1,1,0,0.83,16,0,0.2362,20.26,0.0,0.65,0.4908,0.5441,0.4976,0.7454
1113554.84,15468.38,3,2,1,1,1,0.541,14,0,0.2801,28.8,0.0,0.57,0.7683,0.9304,0.2063,0.829
125211.29,12919.78,3,1,1,1,0,0.74,9,1,0.1637,4.85,0.0,0.63,0.9275,0.4593,0.8612,0.8712
213652.43,872.37,1,1,1,1,0,0.936,15,0,0.1168,244.91,0.0,0.84,0.0973,0.2773,0.145,0.9505
347374.95,11333.32,3,4,1,2,1,0.351,13,0,0.3674,12.26,0.0,0.89,0.8069,0.9062,0.1728,0.9126
120631.28,1385.85,1,1,1,1,0,0.937,17,0,0.1339,87.04,0.0,0.98,0.1019,0.2358,0.1853,0.9772
2035423.04,223868.49,5,2,1,1,0,0.9,9,0,0.2745,2.73,0.0,0.82,0.9509,0.4099,0.9029,0.9177
1102504.23,82426.39,3,2,1,1,0,0.899,1,1,0.1919,6.69,0.0,0.93,0.9346,0.5008,0.9575,0.9433
454790.75,10392.13,2,2,2,1,0,0.803,6,1,0.1252,24.07,0.0,0.62,0.6744,0.428,0.5583,0.7373
903438.65,13886.41,2,2,2,1,0,0.681,23,0,0.1299,35.78,0.0,0.71,0.6377,0.636,0.4496,0.7627
2090755.5,136227.19,4,2,1,1,0,0.977,8,0,0.1091,5.76,0.0,0.84,0.8688,0.576,0.961,0.9226
488038.86,28177.94,3,5,1,1,1,0.38,21,0,0.3383,6.93,0.0,0.82,0.9118,0.9314,0.243,0.8932
807060.46,10342.37,3,2,2,1,0,0.706,6,0,0.2286,28.61,0.0,0.56,0.6017,0.5545,0.5428,0.7175
1811451.73,93544.71,3,1,1,1,0,0.734,19,1,0.1113,9.68,0.0,0.63,0.9,0.4954,0.9523,0.871
915267.74,41962.34,4,5,2,2,2,0.7,16,0,0.2372,6.54,0.0,0.62,0.8264,0.9541,0.3412,0.841
1223349.35,68383.11,3,2,1,1,2,0.399,13,0,0.2557,7.16,0.0,0.9,0.8128,0.9076,0.3104,0.913
622775.95,20212.59,5,2,1,1,0,0.712,16,0,0.1177,9.24,0.0,0.72,0.939,0.5339,0.8605,0.8927
66820.72,9883.16,4,2,1,1,0,0.856,2,1,0.1415,2.54,0.0,0.82,0.99,0.3686,0.9134,0.9157
46347.27,309.64,2,1,1,1,0,0.909,10,0,0.1068,74.84,0.0,0.74,0.1536,0.0943,0.1544,0.9338
1835098.03,151347.11,3,2,1,1,0,0.755,9,1,0.1031,6.06,0.0,0.77,0.9556,0.4233,0.8893,0.905
541477.17,2665.34,1,1,1,1,1,0.993,11,0,0.1594,203.16,0.0,0.86,0.2342,0.2458,0.1564,0.9552
1436691.06,72165.71,3,2,1,1,0,0.881,10,0,0.3186,9.95,0.0,0.79,0.9452,0.4559,0.8369,0.9106
960152.15,24930.02,4,4,1,1,1,0.443,12,0,0.2469,11.55,0.0,0.77,0.8698,0.9439,0.2571,0.879
529114.51,1250.7,2,1,1,1,0,0.916,16,0,0.1079,211.53,0.0,0.75,0.0723,0.2096,0.2435,0.9346
788003.58,8400.8,2,1,1,1,0,0.921,14,0,0.0977,46.9,0.0,0.9,0.12,0.1945,0.1099,0.9622
256786.79,1439.53,1,1,1,1,0,0.979,13,0,0.0788,178.38,0.0,0.76,0.1051,0.1953,0.1597,0.9376
1750452.62,145519.62,4,2,1,1,0,0.817,7,0,0.1049,4.51,0.0,0.67,0.858,0.4922,0.9397,0.8817
865877.24,123907.9,5,1,1,1,0,0.755,1,1,0.2646,2.1,0.0,0.69,0.9858,0.4454,0.853,0.8849
601031.69,13004.03,3,1,2,1,0,0.831,20,0,0.1845,16.95,0.0,0.61,0.5099,0.5304,0.507,0.7343
1013088.25,42506.79,4,2,1,1,1,0.594,12,0,0.3965,7.15,0.0,0.82,0.9071,0.8954,0.252,0.8932
865040.45,14892.73,4,4,1,1,1,0.451,12,0,0.2622,17.43,0.0,0.71,0.7948,0.9881,0.1327,0.8649
779358.05,29722.54,4,1,1,1,0,0.803,0,1,0.1466,9.83,0.0,0.66,0.99,0.4128,0.8461,0.8783
2226515.28,415691.63,3,2,1,1,0,0.811,16,0,0.343,2.68,0.0,0.78,0.8649,0.3997,0.8992,0.9078
293150.28,3061.36,4,4,2,2,2,0.369,10,0,0.3761,28.73,0.0,0.56,0.7572,0.9119,0.2401,0.8257
222808.22,8408.66,3,2,1,2,2,0.678,19,0,0.2033,10.6,0.0,0.54,0.8992,0.9846,0.1802,0.8193
938540.73,87622.89,6,1,1,1,0,0.841,12,0,0.1112,2.68,0.0,0.75,0.9154,0.5767,0.9106,0.8998
758765.93,48908.38,3,1,1,1,0,0.765,5,1,0.2334,7.76,0.0,0.79,0.9888,0.5543,0.8573,0.9091
653225.12,1777.01,2,1,1,1,1,0.919,17,0,0.1307,183.8,0.0,0.91,0.1892,0.1949,0.2473,0.9646
473614.78,13337.38,6,1,1,1,0,0.793,20,0,0.176,8.88,0.0,0.68,0.9465,0.3884,0.831,0.8844
714705.73,7895.79,2,1,2,1,0,0.646,1,0,0.1569,49.78,0.0,0.55,0.4731,0.5586,0.5273,0.7155
1774748.22,101545.7,6,1,1,1,0,0.836,13,1,0.2378,4.37,0.0,0.76,0.8904,0.5277,0.926,0.9014
606405.16,15232.37,2,2,2,1,0,0.63,13,0,0.2594,21.9,0.0,0.71,0.5029,0.6141,0.583,0.7643
1279369.81,34232.4,6,2,1,1,0,0.921,11,1,0.1084,9.34,0.0,0.86,0.937,0.4123,0.9279,0.9272
1314060.45,74858.05,2,5,3,2,2,0.68,17,0,0.3261,10.53,0.0,0.72,0.8134,0.9759,0.3023,0.8666
1763875.95,95755.52,5,2,1,1,0,0.858,9,1,0.2255,5.53,0.0,0.9,0.9154,0.5849,0.9651,0.9359
317914.25,653.46,2,1,1,1,0,0.979,10,0,0.0807,243.26,0.0,0.73,0.1812,0.2213,0.1245,0.9315
1047058.02,31331.15,6,1,1,1,0,0.842,20,0,0.2208,8.35,0.0,0.93,0.8886,0.4015,0.9825,0.9435
1731972.67,109348.93,3,2,1,1,0,0.873,13,1,0.2317,7.92,0.0,0.7,0.9513,0.5787,0.9585,0.8888
1471317.04,48863.94,2,3,3,1,2,0.426,14,0,0.3531,18.07,0.0,0.86,0.7909,0.9592,0.2431,0.9032
1977611.13,53226.73,6,1,1,1,0,0.717,14,0,0.2662,9.29,0.0,0.66,0.9562,0.3903,0.8554,0.8781
901934.21,38806.87,4,3,1,1,2,0.655,11,0,0.2078,6.97,0.0,0.58,0.7992,0.9509,0.1786,0.8304
223337.5,3704.21,3,4,2,1,1,0.678,9,0,0.2706,24.12,0.0,0.78,0.7888,0.8699,0.2496,0.8821
1490033.18,56617.34,5,1,1,1,0,0.837,12,0,0.3373,7.9,0.0,0.93,0.9402,0.4751,0.8631,0.9432
109538.02,704.76,3,1,1,1,0,0.819,12,0,0.1593,56.99,0.0,0.64,0.6613,0.5079,0.6761,0.7417
1749174.68,102917.22,6,1,1,1,0,0.708,20,0,0.1514,4.25,0.0,0.68,0.8996,0.4838,0.8023,0.8826
742105.79,2103.44,2,1,1,1,0,0.952,13,0,0.1016,176.4,0.0,0.97,0.2362,0.1083,0.1487,0.9744
740556.04,36088.09,4,1,1,1,0,0.956,4,1,0.3057,7.7,0.0,0.9,0.99,0.472,0.8659,0.9369
107693.26,6023.85,6,2,1,1,0,0.839,9,0,0.2607,4.47,0.0,0.66,0.9591,0.5785,0.8983,0.8787
207428.46,874.3,1,1,1,1,0,0.934,12,0,0.1797,237.25,0.0,0.95,0.1217,0.1125,0.145,0.9707
177844.79,34631.93,5,2,1,1,0,0.732,13,0,0.3194,1.54,0.0,0.66,0.8526,0.4619,0.9676,0.8786
547193.84,14818.76,4,3,2,1,1,0.578,14,0,0.2163,11.08,0.0,0.53,0.8784,0.9361,0.3137,0.8172
1649512.06,219957.81,5,2,1,1,0,0.884,22,0,0.2997,2.25,0.0,0.84,0.8953,0.5691,0.9166,0.9209
756056.23,21599.24,2,3,1,2,2,0.543,7,0,0.2416,21.0,0.0,0.57,0.8648,0.8702,0.2175,0.8293
1514878.7,88808.83,5,2,1,1,0,0.888,10,0,0.1304,5.12,0.0,0.63,0.8717,0.4966,0.8622,0.8703
1771237.57,88547.0,6,2,1,1,0,0.96,11,0,0.2494,5.0,0.0,0.83,0.967,0.4869,0.9254,0.9199
82750.3,2008.56,2,2,1,1,0,0.693,20,0,0.1563,22.66,0.0,0.51,0.4752,0.5352,0.5637,0.7028
1002863.59,14245.49,4,5,2,1,2,0.511,11,0,0.1715,21.12,0.0,0.61,0.8779,0.8939,0.3073,0.8393
371118.35,2687.5,2,1,1,1,0,0.981,15,0,0.1704,69.05,0.0,0.94,0.1376,0.1319,0.0736,0.9696
881170.42,18242.85,3,1,1,1,0,0.579,8,0,0.2444,17.71,0.0,0.5,0.4643,0.4155,0.4232,0.7011
2153718.65,224570.53,4,1,1,1,0,0.706,5,1,0.2601,3.6,0.0,0.72,0.939,0.5614,0.9213,0.8939
34212.97,159.51,1,1,1,1,0,0.945,12,0,0.0553,214.49,0.0,0.79,0.056,0.088,0.0659,0.9431
795296.78,40063.76,4,1,1,1,0,0.916,15,0,0.1166,7.44,0.0,0.92,0.937,0.5178,0.8347,0.94
778670.3,9671.31,3,1,2,1,0,0.636,7,0,0.2554,29.52,0.0,0.71,0.6024,0.4611,0.6493,0.7622
351361.48,31725.84,2,4,1,1,2,0.661,8,0,0.1962,6.64,0.0,0.57,0.8959,0.8803,0.3184,0.8294
2271278.53,134458.19,4,2,1,1,0,0.745,6,1,0.32,6.33,0.0,0.91,0.9431,0.3844,0.9071,0.9385
102704.74,1880.23,3,1,2,1,0,0.737,22,0,0.2201,20.03,0.0,0.74,0.4702,0.4295,0.6621,0.7731
427752.89,8435.52,3,4,3,1,1,0.649,21,0,0.2222,20.28,0.0,0.85,0.8545,0.8904,0.2406,0.8999
182653.77,1098.52,2,1,1,1,1,0.93,16,0,0.0959,83.14,0.0,0.77,0.0619,0.1064,0.2316,0.9394
753832.19,2094.35,2,1,1,1,0,0.948,12,0,0.1987,179.97,0.0,0.98,0.1756,0.0924,0.1735,0.9764
390112.61,28260.34,3,2,1,1,0,0.866,17,0,0.2489,6.9,0.0,0.8,0.9701,0.5475,0.9757,0.9127
807238.37,11133.29,2,1,1,1,0,0.519,22,0,0.2697,39.88,0.0,0.78,0.5923,0.5278,0.656,0.7853
366080.91,13228.18,6,1,1,1,0,0.817,7,1,0.3136,6.92,0.0,0.89,0.9419,0.5562,0.9736,0.9342
958876.48,14416.16,2,2,1,1,0,0.813,16,1,0.2446,36.58,0.0,0.72,0.545,0.4691,0.4268,0.7645
1197680.66,36273.39,2,5,2,2,1,0.53,15,0,0.159,19.81,0.0,0.9,0.9165,0.9035,0.1869,0.9131
856393.73,29422.41,6,2,1,1,0,0.943,16,0,0.1694,7.28,0.0,0.72,0.9521,0.5973,0.8613,0.8939
736493.79,29556.73,6,2,1,1,0,0.952,21,1,0.3134,6.23,0.0,0.82,0.99,0.4975,0.8709,0.917
1411798.85,53660.96,6,2,1,1,0,0.869,14,0,0.1292,6.58,0.0,0.73,0.8856,0.3996,0.8638,0.8948
1546592.33,254211.58,5,1,1,1,0,0.849,0,1,0.3094,1.83,0.0,0.68,0.985,0.4515,0.9835,0.8834
1465415.68,44151.8,4,3,3,1,2,0.588,12,0,0.3399,9.96,0.0,0.89,0.8839,0.9401,0.2231,0.9117
1076580.91,103230.57,3,2,1,1,0,0.95,11,1,0.1818,5.21,0.0,0.77,0.9818,0.5738,0.9139,0.9039
953244.89,27794.27,6,1,1,1,0,0.752,20,1,0.3482,8.57,0.0,0.92,0.9788,0.5604,0.8435,0.9412
114391.22,11329.86,2,3,2,2,2,0.687,18,0,0.386,6.06,0.0,0.59,0.8849,0.8951,0.3217,0.8325
486635.13,27139.71,5,2,1,1,0,0.744,11,0,0.3386,5.38,0.0,0.9,0.9562,0.4036,0.8322,0.9364
155892.73,729.17,2,1,1,1,0,0.938,13,0,0.1032,106.9,0.0,0.92,0.1756,0.2626,0.0791,0.9654
1359789.08,140856.0,5,1,1,1,0,0.842,3,1,0.2684,2.9,0.0,0.72,0.9887,0.5608,0.9565,0.8932
294412.28,2688.6,1,1,1,1,0,0.99,11,0,0.0553,109.5,0.0,0.74,0.118,0.1421,0.2101,0.9337
162800.69,423.01,2,1,1,1,1,0.98,12,0,0.051,192.43,0.0,0.82,0.2041,0.2457,0.0625,0.9483
238261.59,860.84,2,1,1,1,1,0.916,14,0,0.1612,138.39,0.0,0.95,0.1293,0.0827,0.1019,0.9715
1048666.64,19468.96,3,2,1,1,1,0.466,8,0,0.352,21.55,0.0,0.78,0.7689,0.9235,0.2816,0.8818
1991617.73,98728.1,5,1,1,1,0,0.963,22,1,0.114,6.05,0.0,0.85,0.9333,0.5834,0.99,0.9243
1498211.71,128395.62,3,1,1,1,0,0.899,23,1,0.1843,5.83,0.0,0.92,0.9486,0.4821,0.9416,0.9403
1964155.95,63868.74,6,2,1,1,0,0.916,15,0,0.1597,7.69,0.0,0.82,0.8559,0.5472,0.9229,0.9167
178282.63,1704.19,2,1,1,1,1,0.908,12,0,0.1643,52.31,0.0,0.78,0.2424,0.2328,0.1114,0.9406
1128219.41,45193.32,5,1,1,1,0,0.812,15,0,0.1554,7.49,0.0,0.69,0.8607,0.4972,0.9102,0.8862
789807.91,7362.44,2,1,1,1,1,0.968,13,0,0.1533,53.64,0.0,0.71,0.173,0.0806,0.103,0.928
1369139.97,40519.43,2,5,3,2,2,0.651,18,0,0.3994,20.27,0.0,0.89,0.8101,0.9255,0.3281,0.9126
1158144.56,33992.3,6,1,1,1,0,0.978,1,1,0.1215,8.52,0.0,0.87,0.9571,0.4927,0.9431,0.928
794496.63,15572.48,3,4,1,1,2,0.351,20,0,0.3729,20.41,0.0,0.87,0.8649,0.9274,0.3229,0.9073
212030.8,4019.21,2,5,2,1,1,0.498,10,0,0.3394,31.65,0.0,0.62,0.8722,0.8854,0.2139,0.8422
493424.04,2603.53,2,1,1,1,1,0.975,12,0,0.115,94.76,0.0,0.87,0.0785,0.1522,0.1834,0.956
834730.39,45845.26,3,4,3,1,2,0.7,21,0,0.2887,7.28,0.0,0.54,0.8015,0.89,0.1714,0.8199
591916.74,8728.87,4,5,1,2,2,0.378,18,0,0.1642,20.34,0.0,0.54,0.7969,0.8886,0.321,0.8211
822173.45,7940.98,3,2,1,1,0,0.739,14,0,0.1309,37.96,0.0,0.47,0.596,0.4934,0.6749,0.6897
1022826.6,19990.15,3,2,1,1,1,0.572,19,0,0.3176,20.47,0.0,0.76,0.9063,0.9894,0.1655,0.8786
138232.4,278.07,2,1,1,1,1,0.962,16,0,0.1128,248.56,0.0,0.83,0.2367,0.1298,0.2104,0.9498
392399.17,10089.28,4,4,3,1,2,0.595,11,0,0.2386,11.67,0.0,0.82,0.7902,0.9241,0.265,0.8934
585365.25,2102.87,1,1,1,1,1,0.971,16,0,0.095,278.36,0.0,0.99,0.2317,0.138,0.185,0.9783
350872.07,1232.44,2,1,1,1,0,0.966,11,0,0.0528,142.35,0.0,0.82,0.1801,0.181,0.2244,0.9482
80768.77,3175.46,5,2,1,1,0,0.77,9,0,0.1732,7.63,0.0,0.69,0.9515,0.395,0.879,0.8854
772181.06,2763.03,2,1,1,1,1,0.972,12,0,0.1542,139.73,0.0,0.81,0.1953,0.1535,0.0646,0.9463
772509.02,1699.84,2,1,1,1,1,0.927,16,0,0.1045,227.23,0.0,1.0,0.0987,0.1244,0.1931,0.9791
1028552.05,38986.19,4,1,1,1,0,0.862,23,1,0.149,9.89,0.0,0.87,0.9309,0.4357,0.8729,0.9285
708775.53,12485.96,2,2,1,1,2,0.364,13,0,0.3742,34.06,0.0,0.77,0.8846,0.9208,0.3159,0.88
376113.69,4977.85,2,2,1,1,0,0.825,0,0,0.1942,41.56,0.0,0.7,0.5244,0.4565,0.4557,0.7606
33109.97,1416.44,3,5,1,1,2,0.691,12,0,0.325,9.35,0.0,0.58,0.8826,0.8865,0.2609,0.8319
770827.25,10492.04,3,5,2,1,2,0.521,11,0,0.1863,29.39,0.0,0.74,0.8585,0.919,0.2856,0.8728
783262.53,11633.88,2,2,2,1,0,0.533,12,1,0.2817,37.03,0.0,0.59,0.4855,0.4499,0.5257,0.7259
253290.21,83282.39,4,1,1,1,0,0.782,13,1,0.3214,1.14,0.0,0.7,0.9055,0.4182,0.91,0.8874
2404807.76,114191.91,6,1,1,1,0,0.703,11,0,0.2416,5.26,0.0,0.63,0.9639,0.3841,0.8999,0.8721
811930.64,30606.72,5,2,1,1,0,0.703,7,1,0.1482,7.96,0.0,0.92,0.9688,0.4977,0.8088,0.9404
387835.71,2971.58,1,1,1,1,0,0.952,17,0,0.1593,130.51,0.0,0.74,0.0853,0.1954,0.0952,0.9337
840553.1,16935.44,3,2,2,1,2,0.648,12,0,0.2407,19.85,0.0,0.76,0.8581,0.9622,0.2837,0.8779
807581.88,78844.51,5,1,1,1,0,0.729,11,1,0.2353,3.07,0.0,0.83,0.9258,0.4197,0.9362,0.9184
467985.63,5397.07,1,1,1,1,1,0.986,11,0,0.0753,86.71,0.0,0.91,0.2522,0.142,0.0531,0.9631
15514.46,27.78,2,1,1,1,0,0.965,11,0,0.1853,279.24,0.0,0.87,0.1729,0.235,0.1114,0.9558
1356004.3,20269.38,3,5,3,1,2,0.648,6,0,0.1969,26.76,0.0,0.87,0.7711,0.9421,0.3,0.9062
1762036.02,99785.46,4,2,1,1,0,0.794,22,0,0.2552,6.62,0.0,0.92,0.8521,0.4031,0.8399,0.9409
740377.22,270714.95,4,1,1,1,0,0.878,13,1,0.1225,1.03,0.0,0.88,0.99,0.578,0.9253,0.9322
1617764.4,73716.99,4,2,1,1,0,0.825,23,1,0.166,8.23,0.0,0.67,0.907,0.4105,0.8568,0.8818
908205.1,37393.93,3,2,3,1,2,0.473,8,0,0.2969,9.71,0.0,0.53,0.7704,0.9451,0.2319,0.8181
346285.21,1626.35,2,1,1,1,1,0.908,11,0,0.199,106.46,0.0,0.9,0.2186,0.2717,0.0658,0.9615
2323515.95,129614.65,5,2,1,1,0,0.82,10,0,0.1953,5.38,0.0,0.93,0.939,0.5054,0.9588,0.9421
259770.99,9970.13,4,3,2,1,2,0.686,9,0,0.1911,7.82,0.0,0.53,0.8921,0.9402,0.1606,0.8167
529922.28,5070.56,1,1,1,1,0,0.916,14,0,0.0731,104.51,0.0,0.8,0.2432,0.1928,0.1246,0.9433
1260721.95,59760.88,4,2,3,2,2,0.553,9,0,0.3883,6.33,0.0,0.78,0.8495,0.9019,0.2196,0.8821
2495472.13,174195.7,5,1,1,1,0,0.865,6,0,0.2168,4.3,0.0,0.81,0.9626,0.5584,0.9025,0.9138
464262.05,30562.21,2,3,1,2,2,0.684,6,0,0.1843,9.11,0.0,0.69,0.8046,0.8914,0.2111,0.8602
565560.84,22890.29,5,1,1,1,0,0.707,7,0,0.3261,7.41,0.0,0.92,0.8756,0.4451,0.8229,0.9397
408258.68,2446.2,1,1,1,1,0,0.969,14,0,0.1498,166.9,0.0,0.72,0.1736,0.116,0.0561,0.9297
701955.0,22018.4,5,2,1,1,0,0.905,15,0,0.3241,9.56,0.0,0.84,0.9376,0.5516,0.9437,0.9204
694240.69,7645.69,1,1,1,1,1,0.922,15,0,0.0899,90.8,0.0,0.84,0.2461,0.1019,0.1991,0.9506
109046.83,6931.52,4,2,1,1,0,0.917,3,1,0.2876,5.9,0.0,0.82,0.99,0.3747,0.9658,0.9172
258629.39,2035.28,2,1,1,1,1,0.974,16,0,0.1541,63.54,0.0,0.94,0.2286,0.1068,0.1411,0.9684
778921.04,6040.3,3,2,2,1,0,0.516,22,1,0.1992,47.28,0.0,0.44,0.487,0.4131,0.4747,0.6828
660692.1,17930.32,2,2,1,1,0,0.701,7,0,0.2175,20.27,0.0,0.8,0.6056,0.6107,0.4738,0.7896
36070.45,631.1,2,4,1,1,1,0.525,13,0,0.3429,34.29,0.0,0.62,0.8764,0.9314,0.2992,0.8412
160542.64,5613.86,3,4,2,1,1,0.671,14,0,0.2685,11.44,0.0,0.65,0.8851,0.9654,0.2844,0.8494
895521.25,32369.02,6,1,1,1,0,0.881,3,1,0.2129,6.92,0.0,0.81,0.9246,0.5419,0.8467,0.9145
944709.19,17831.91,2,4,2,2,2,0.549,6,0,0.3774,31.79,0.0,0.78,0.8149,0.891,0.1363,0.8822
2482073.23,96197.05,6,1,1,1,0,0.748,16,0,0.2833,6.45,0.0,0.61,0.8699,0.5093,0.8763,0.8674
280159.84,646.4,2,1,1,1,1,0.993,15,0,0.0891,216.71,0.0,0.87,0.195,0.1217,0.1938,0.957
928216.12,53027.1,2,5,3,2,1,0.468,14,0,0.3469,10.5,0.0,0.78,0.8653,0.8673,0.2924,0.8833
471056.81,11850.07,4,4,2,2,2,0.61,19,0,0.3765,11.93,0.0,0.63,0.8854,0.989,0.2699,0.8429
530338.06,14480.16,2,2,1,1,0,0.595,22,0,0.1303,20.14,0.0,0.79,0.4908,0.5547,0.6074,0.7881
372818.34,1771.74,1,1,1,1,0,0.925,14,0,0.1278,210.42,0.0,0.98,0.1384,0.1694,0.0725,0.9763
336073.04,7167.4,2,5,2,1,2,0.473,10,0,0.3554,28.13,0.0,0.53,0.7679,0.8717,0.1308,0.8167
474767.42,2736.63,1,1,1,1,1,0.982,17,0,0.0794,173.49,0.0,0.89,0.0776,0.1097,0.1156,0.9605
760375.48,16857.43,2,4,1,1,1,0.507,19,0,0.1795,27.06,0.0,0.54,0.7769,0.9657,0.2643,0.8197
1105079.83,21724.18,4,5,1,1,1,0.441,11,0,0.3443,15.26,0.0,0.74,0.8362,0.9316,0.27,0.8724
1966622.17,266366.79,3,1,1,1,0,0.807,15,0,0.2461,3.69,0.0,0.69,0.9532,0.4741,0.8312,0.8848
1202137.68,17866.17,4,3,2,2,1,0.601,18,0,0.3845,20.19,0.0,0.64,0.91,0.9443,0.3248,0.8474
32118.22,117.0,1,1,1,1,0,0.913,15,0,0.0665,274.53,0.0,0.93,0.1439,0.2077,0.152,0.9667
482106.0,16569.28,5,2,1,1,0,0.871,16,1,0.2149,8.73,0.0,0.86,0.9403,0.3752,0.8969,0.9252
1007586.62,43787.45,5,2,1,1,0,0.801,17,0,0.3332,6.9,0.0,0.79,0.866,0.556,0.8677,0.909
1100454.96,161733.87,4,1,1,1,0,0.923,10,1,0.1711,2.55,0.0,0.66,0.9254,0.3752,0.9875,0.8773
329236.97,4840.09,2,2,2,1,0,0.598,15,1,0.2017,37.41,0.0,0.4,0.5047,0.6583,0.4248,0.6704
1984874.58,469988.72,5,2,1,1,0,0.765,1,1,0.123,1.27,0.0,0.86,0.9389,0.5804,0.8487,0.9268
1126245.59,11792.18,4,3,3,2,2,0.583,6,0,0.2204,28.65,0.0,0.52,0.8555,0.8673,0.2366,0.8145
1214788.44,81385.37,3,2,1,1,0,0.91,16,0,0.2313,7.46,0.0,0.6,0.8904,0.5666,0.8867,0.8643
1381665.56,73158.17,3,1,1,1,0,0.785,6,0,0.3252,9.44,0.0,0.81,0.8846,0.4563,0.9421,0.9141
941075.22,16875.78,2,1,1,1,0,0.504,9,1,0.2092,30.67,0.0,0.54,0.6021,0.6072,0.5192,0.711
119714.49,6389.61,2,5,1,2,1,0.665,19,0,0.2555,11.24,0.0,0.51,0.8556,0.9743,0.297,0.8118
164903.08,1072.39,3,2,1,1,0,0.558,20,0,0.2379,56.38,0.0,0.58,0.6731,0.6009,0.5975,0.7228
479571.8,83052.29,4,1,1,1,0,0.794,5,1,0.166,2.17,0.0,0.66,0.961,0.488,0.9567,0.878
1048075.45,204788.91,3,1,1,1,0,0.703,5,1,0.1852,2.56,0.0,0.69,0.9654,0.5262,0.9382,0.8848
2040137.08,110205.9,4,2,1,1,0,0.937,23,1,0.134,6.94,0.0,0.68,0.99,0.5505,0.8538,0.884
278303.18,18943.26,6,1,1,1,0,0.79,14,0,0.3059,3.67,0.0,0.72,0.9239,0.5444,0.9216,0.8926
590490.68,21547.52,4,4,3,1,1,0.394,16,0,0.1567,8.22,0.0,0.59,0.824,0.8703,0.2847,0.8328
665799.32,31708.4,3,4,1,2,2,0.539,11,0,0.3401,8.4,0.0,0.55,0.8682,0.9292,0.3398,0.8232
765519.43,19846.34,6,2,1,1,0,0.866,5,0,0.2223,9.64,0.0,0.74,0.891,0.543,0.8404,0.8975
1238914.72,82616.19,2,4,1,1,2,0.486,10,0,0.3097,9.0,0.0,0.84,0.7614,0.8738,0.2501,0.8985
1548954.4,57798.2,5,1,1,1,0,0.853,11,1,0.3047,8.04,0.0,0.69,0.99,0.4443,0.9749,0.8864
420090.03,11221.17,2,3,2,2,1,0.445,14,0,0.2779,22.46,0.0,0.69,0.8575,0.9003,0.2673,0.8601
670529.53,5462.19,1,1,1,1,0,0.945,17,0,0.1281,122.76,0.0,0.73,0.1698,0.1581,0.057,0.9314
439681.76,9092.02,4,4,3,1,2,0.606,18,0,0.173,14.51,0.0,0.5,0.8751,0.9039,0.2611,0.8105
2461258.98,366820.84,4,2,1,1,0,0.762,17,1,0.2579,2.52,0.0,0.68,0.9864,0.3853,0.9397,0.8828
778335.02,3596.69,1,1,1,1,1,0.934,15,0,0.055,216.4,0.0,0.91,0.1413,0.1679,0.2315,0.9635
85807.73,1598.15,2,1,2,1,0,0.754,15,0,0.1064,29.53,0.0,0.48,0.5258,0.417,0.5996,0.6937
632978.57,42930.84,2,3,1,1,1,0.612,7,0,0.2152,8.85,0.0,0.77,0.7624,0.9097,0.2383,0.8794
848510.25,5290.4,3,1,2,1,0,0.588,5,0,0.1715,58.81,0.0,0.55,0.5914,0.6266,0.4574,0.7147
1984443.13,352049.48,3,2,1,1,0,0.973,7,0,0.2249,2.82,0.0,0.93,0.8532,0.5077,0.9721,0.942
372220.44,13255.3,5,1,1,1,0,0.855,2,1,0.249,8.42,0.0,0.78,0.9517,0.422,0.9506,0.9073
140939.1,4361.93,3,3,1,2,1,0.604,21,0,0.1892,12.92,0.0,0.71,0.9149,0.8809,0.1776,0.8636
970240.11,94286.22,2,3,3,1,1,0.7,14,0,0.2435,6.17,0.0,0.56,0.776,0.9072,0.2842,0.8252
2137835.1,147347.08,4,2,1,1,0,0.956,3,1,0.1257,5.44,0.0,0.81,0.981,0.3989,0.9445,0.9142
266272.07,1896.62,3,1,1,1,0,0.684,9,0,0.2182,51.48,0.0,0.5,0.6559,0.5317,0.6161,0.6987
2048664.92,112277.46,3,1,1,1,0,0.81,23,1,0.1284,9.12,0.0,0.8,0.99,0.4952,0.8856,0.9113
404350.14,3383.33,1,1,1,1,0,0.959,12,0,0.1711,119.51,0.0,0.96,0.143,0.1518,0.1411,0.9721
300055.73,2422.33,1,1,1,1,1,0.928,14,0,0.1434,123.87,0.0,0.96,0.0718,0.1303,0.1142,0.9734
471059.83,26691.68,4,2,1,1,0,0.97,21,0,0.2409,6.62,0.0,0.9,0.9011,0.5431,0.8735,0.9361
413243.54,1244.38,2,1,1,1,1,0.946,15,0,0.1893,166.04,0.0,0.97,0.1578,0.1317,0.0705,0.9752
1329516.73,71685.99,3,1,1,1,0,0.827,17,1,0.2463,9.27,0.0,0.85,0.9373,0.4741,0.954,0.9248
345375.75,1304.65,2,1,1,1,1,0.963,10,0,0.1677,132.36,0.0,0.73,0.1598,0.2719,0.1223,0.9322
1522959.52,56852.29,5,2,1,1,0,0.744,19,0,0.2058,8.04,0.0,0.84,0.9309,0.4614,0.8513,0.9217
47276.64,533.96,4,5,3,1,1,0.35,21,0,0.3054,26.56,0.0,0.83,0.8434,0.883,0.3389,0.8964
949442.26,286046.65,3,2,1,1,0,0.886,1,1,0.2149,1.66,0.0,0.74,0.985,0.4275,0.921,0.8971
460741.64,5429.77,2,1,2,1,0,0.607,7,0,0.1805,46.67,0.0,0.68,0.6848,0.6266,0.4946,0.7528
335279.95,1715.72,1,1,1,1,0,0.956,11,0,0.0982,195.42,0.0,0.75,0.2573,0.2292,0.133,0.9342
118383.85,1517.11,3,1,2,1,0,0.843,16,1,0.1613,28.61,0.0,0.76,0.4607,0.5536,0.682,0.7767
375391.12,4572.81,3,1,1,1,0,0.652,1,0,0.1827,30.1,0.0,0.73,0.5611,0.4474,0.6874,0.7696
2006149.25,81872.58,5,2,1,1,0,0.837,3,1,0.137,7.35,0.0,0.89,0.9157,0.4435,0.9479,0.9338
49188.89,393.36,3,2,1,1,0,0.699,19,0,0.2005,45.85,0.0,0.71,0.6904,0.4749,0.454,0.7621
106774.44,2719.76,2,3,2,2,2,0.664,21,0,0.366,23.56,0.0,0.64,0.8217,0.9145,0.3178,0.8471
831118.81,8808.97,2,1,2,1,0,0.796,23,1,0.1784,51.89,0.0,0.58,0.4799,0.6626,0.6841,0.7237
1755219.14,173047.64,5,2,1,1,0,0.785,3,1,0.3387,3.04,0.0,0.68,0.99,0.4207,0.8417,0.8831
130026.65,7790.44,2,3,2,2,2,0.485,6,0,0.2929,10.01,0.0,0.81,0.8327,0.9034,0.1551,0.8915
1710813.38,649902.45,3,1,1,1,0,0.866,12,0,0.2034,1.32,0.0,0.9,0.9761,0.3712,0.9621,0.9369
979620.4,37612.81,5,1,1,1,0,0.758,23,1,0.1844,7.81,0.0,0.72,0.9738,0.5714,0.895,0.8935
531358.12,2374.28,1,1,1,1,1,0.938,16,0,0.1332,223.8,0.0,0.99,0.2344,0.1014,0.0614,0.9775
624624.62,7264.98,2,1,2,1,0,0.757,18,1,0.2924,47.29,0.0,0.47,0.6609,0.5569,0.511,0.6924
1417966.36,38394.37,2,4,3,1,1,0.434,13,0,0.3461,22.16,0.0,0.79,0.8638,0.8741,0.3488,0.8852
1510528.34,79215.25,6,1,1,1,0,0.857,18,1,0.2475,4.77,0.0,0.8,0.9043,0.438,0.9681,0.9123
2212583.76,126020.91,5,1,1,1,0,0.834,18,0,0.2571,5.27,0.0,0.82,0.9173,0.4321,0.9439,0.9164
131513.13,242.02,2,1,1,1,1,0.976,16,0,0.148,271.7,0.0,0.84,0.1856,0.107,0.0916,0.9518
924505.85,17299.27,2,2,2,1,0,0.581,4,0,0.2497,29.39,0.0,0.41,0.5141,0.6224,0.6828,0.6736
724998.57,4464.0,3,1,1,1,0,0.844,0,0,0.2146,59.55,0.0,0.79,0.5506,0.4859,0.4622,0.7875
1320505.46,73782.54,4,2,1,1,0,0.945,17,0,0.2473,6.71,0.0,0.64,0.8778,0.5293,0.8833,0.8743
1464689.16,256419.38,6,1,1,1,0,0.874,5,0,0.21,1.43,0.0,0.63,0.8803,0.3744,0.8691,0.8711
464479.73,1096.25,2,1,1,1,0,1.0,9,0,0.1733,211.85,0.0,0.71,0.0625,0.2225,0.0884,0.9274
296645.71,9712.04,4,4,3,2,1,0.37,17,0,0.1934,9.16,0.0,0.76,0.7828,0.9143,0.3099,0.8779
366102.48,41548.32,3,2,1,1,0,0.77,13,1,0.338,4.41,0.0,0.8,0.9298,0.4665,0.8402,0.9111
1259161.43,99941.11,6,1,1,1,0,0.955,1,1,0.2941,3.15,0.0,0.67,0.9285,0.3629,0.99,0.8819
119851.61,3194.48,2,5,3,1,1,0.502,8,0,0.2411,22.51,0.0,0.64,0.7724,0.9787,0.1268,0.8463
1470974.2,30430.21,2,5,2,1,1,0.6,11,0,0.37,29.0,0.0,0.51,0.8733,0.9898,0.2671,0.8126
1314741.06,32011.57,3,3,2,1,1,0.368,20,0,0.1767,16.43,0.0,0.51,0.8216,0.8832,0.3168,0.8116
462809.83,888.78,2,1,1,1,0,0.947,16,0,0.1673,260.36,0.0,0.72,0.1988,0.2285,0.1618,0.9304
1371002.24,281583.91,4,2,1,1,0,0.829,1,1,0.1243,1.83,0.0,0.68,0.9243,0.4113,0.8659,0.8844
656666.67,1333.53,2,1,1,1,1,0.984,9,0,0.157,246.21,0.0,0.8,0.1732,0.2785,0.1103,0.9446
341032.84,3299.88,2,2,2,1,0,0.542,12,0,0.2521,56.84,0.0,0.59,0.4763,0.4685,0.6103,0.7267
438960.35,8408.01,3,2,1,1,0,0.661,18,0,0.2969,19.14,0.0,0.73,0.498,0.5618,0.4386,0.7676
471933.31,19334.75,5,2,1,1,0,0.84,22,0,0.3298,7.32,0.0,0.64,0.9062,0.5417,0.8552,0.8747
540464.83,12291.35,2,1,2,1,0,0.799,20,1,0.1836,24.18,0.0,0.5,0.6044,0.4372,0.4402,0.6997
345489.91,721.38,2,1,1,1,0,0.906,14,0,0.1259,239.46,0.0,0.93,0.1552,0.2365,0.0731,0.9673
439209.36,15832.9,6,2,1,1,0,0.74,20,0,0.2295,6.94,0.0,0.86,0.9226,0.4547,0.9436,0.9267
1229642.97,96313.07,5,2,1,1,0,0.702,10,1,0.2114,3.83,0.0,0.65,0.9846,0.4139,0.8286,0.8755
1348132.03,94188.02,3,1,1,1,0,0.704,11,1,0.2525,7.16,0.0,0.84,0.9704,0.4277,0.8327,0.9215
1032066.31,14803.83,4,2,2,1,1,0.651,12,0,0.2732,20.91,0.0,0.88,0.8309,0.9723,0.1335,0.909
211905.21,2019.35,2,2,2,1,0,0.82,21,0,0.1801,57.72,0.0,0.76,0.6388,0.5279,0.6365,0.7774
1519508.15,94759.6,5,2,1,1,0,0.902,17,0,0.2895,4.81,0.0,0.83,0.9404,0.4572,0.99,0.9182
204347.89,5398.78,3,5,1,1,1,0.539,17,0,0.3195,15.14,0.0,0.6,0.7945,0.9747,0.2546,0.8372
365392.72,1496.34,2,1,1,1,1,0.916,16,0,0.1551,122.1,0.0,0.73,0.1805,0.2548,0.1895,0.9308
484998.35,11087.78,4,2,3,1,2,0.459,18,0,0.3974,13.12,0.0,0.8,0.7558,0.8867,0.1281,0.8879
200526.8,9478.32,5,2,1,1,0,0.832,20,0,0.2608,6.35,0.0,0.74,0.8542,0.5127,0.8965,0.898
467770.04,56597.77,4,2,1,1,0,0.752,5,0,0.1677,3.1,0.0,0.74,0.8625,0.5883,0.9477,0.898
457902.13,16716.5,6,2,1,1,0,0.962,10,0,0.3362,6.85,0.0,0.79,0.9154,0.4227,0.8306,0.91
694370.72,34354.91,6,1,1,1,0,0.972,2,1,0.2814,5.05,0.0,0.7,0.9856,0.3958,0.8875,0.8878
531513.38,1478.56,2,1,1,1,1,0.904,16,0,0.1558,179.74,0.0,0.92,0.1342,0.2234,0.0783,0.9664
131959.21,2303.72,3,3,1,2,1,0.422,16,0,0.3403,22.91,0.0,0.8,0.8205,0.8754,0.1846,0.8874
1307382.37,21356.65,3,5,2,2,1,0.468,9,0,0.3605,24.49,0.0,0.67,0.8998,0.9443,0.3246,0.8532
343820.13,5931.19,2,3,1,2,1,0.532,17,0,0.2971,34.78,0.0,0.82,0.7786,0.945,0.2886,0.8928
288052.58,55617.61,6,2,1,1,0,0.814,7,0,0.1496,1.29,0.0,0.9,0.9301,0.5973,0.8529,0.9364
812472.76,68166.34,5,2,1,1,0,0.799,21,0,0.145,3.58,0.0,0.85,0.943,0.4837,0.8009,0.9237
956919.52,19435.58,3,1,2,1,0,0.586,1,0,0.2955,18.05,0.0,0.42,0.519,0.6078,0.5929,0.6772
569392.32,1185.33,2,1,1,1,0,0.931,12,0,0.0702,240.18,0.0,0.85,0.1787,0.1123,0.0653,0.9536
1080442.43,61325.34,3,2,1,1,0,0.91,13,0,0.1599,8.81,0.0,0.71,0.9213,0.5703,0.9024,0.8904
31804.97,727.32,3,4,2,2,1,0.661,18,0,0.2981,17.49,0.0,0.72,0.7651,0.9433,0.2964,0.8666
1734347.71,78438.59,4,2,1,1,0,0.955,21,0,0.2391,8.29,0.0,0.61,0.8765,0.3999,0.9318,0.8673
403277.7,14420.23,6,1,1,1,0,0.972,18,1,0.1186,6.99,0.0,0.75,0.9848,0.5169,0.8685,0.8989
1971405.16,733054.38,3,1,1,1,0,0.97,8,1,0.2726,1.34,0.0,0.92,0.911,0.5539,0.8634,0.9403
1318086.03,71088.9,3,2,1,1,0,0.974,1,1,0.198,9.27,0.0,0.69,0.9139,0.4788,0.933,0.8854
596196.72,22898.98,3,5,3,1,2,0.366,18,0,0.2944,10.41,0.0,0.61,0.9001,0.9588,0.2015,0.838
215257.98,6503.32,3,5,2,2,2,0.396,12,0,0.3356,13.24,0.0,0.86,0.8159,0.9298,0.3254,0.9039
681594.71,12834.2,2,3,2,2,1,0.424,17,0,0.3913,31.86,0.0,0.5,0.8469,0.8715,0.2137,0.8106
1042157.78,17595.88,4,2,3,1,1,0.659,15,0,0.19,17.77,0.0,0.83,0.9153,0.9428,0.1848,0.896
530239.23,7351.62,4,4,2,1,2,0.498,15,0,0.2252,21.64,0.0,0.61,0.8166,0.8616,0.3429,0.8383
1165903.49,25298.13,2,4,1,1,1,0.69,11,0,0.225,27.65,0.0,0.55,0.7643,0.9783,0.3276,0.822
191957.17,602.65,2,1,1,1,0,0.905,15,0,0.143,159.26,0.0,0.8,0.131,0.2733,0.0723,0.9432
156124.25,12625.73,5,2,1,1,0,0.726,14,0,0.3422,3.71,0.0,0.77,0.8776,0.4658,0.9024,0.9047
367616.1,2213.22,2,1,1,1,0,0.99,16,0,0.1592,83.05,0.0,0.78,0.2013,0.0957,0.0915,0.9405
785091.96,9227.5,4,3,3,2,2,0.659,11,0,0.3263,25.52,0.0,0.67,0.899,0.9097,0.1909,0.8548
776029.37,16211.31,4,5,3,1,1,0.567,7,0,0.2138,14.36,0.0,0.88,0.8553,0.8899,0.2083,0.9087
245180.4,447.07,2,1,1,1,0,0.926,16,0,0.0656,274.21,0.0,0.79,0.2598,0.0989,0.0926,0.9422
1566867.73,82311.13,3,2,1,1,0,0.702,10,0,0.3286,9.52,0.0,0.7,0.9215,0.4475,0.8112,0.8885
1196486.89,29403.34,4,5,2,1,2,0.558,6,0,0.2498,12.21,0.0,0.63,0.8211,0.8751,0.1651,0.843
1203299.57,79622.75,2,2,2,1,2,0.364,11,0,0.3663,9.07,0.0,0.64,0.8807,0.9479,0.2669,0.847
21194.53,90.98,1,1,1,1,0,0.994,13,0,0.1323,232.97,0.0,0.77,0.0642,0.1292,0.171,0.9387
2098667.29,78906.94,5,2,1,1,0,0.769,13,1,0.2489,7.98,0.0,0.91,0.9546,0.5971,0.8176,0.9386
516697.64,9150.97,1,1,1,1,1,0.984,9,0,0.1968,56.46,0.0,0.81,0.2234,0.1153,0.0778,0.9466
1366232.45,14649.09,4,2,1,2,1,0.389,12,0,0.3072,27.98,0.0,0.78,0.7594,0.8695,0.1613,0.8816
1911647.49,303494.02,3,1,1,1,0,0.939,15,0,0.1468,3.15,0.0,0.64,0.9223,0.4395,0.9056,0.8724
997175.07,41029.13,3,5,3,1,2,0.651,20,0,0.1543,9.72,0.0,0.86,0.907,0.8666,0.1211,0.9035
248156.05,1398.15,1,1,1,1,1,0.986,17,0,0.1884,177.49,0.0,0.84,0.0941,0.2131,0.1534,0.9519
1585725.77,121641.24,5,2,1,1,0,0.893,6,1,0.2352,3.91,0.0,0.74,0.9366,0.5617,0.953,0.897
965114.39,14092.96,2,2,1,1,0,0.594,19,0,0.2736,37.67,0.0,0.61,0.5927,0.5554,0.6314,0.7343
1554418.68,86771.3,6,2,1,1,0,0.845,22,0,0.3417,4.48,0.0,0.91,0.926,0.4384,0.8939,0.9375
468698.77,1970.08,2,1,1,1,0,0.973,12,0,0.1648,118.95,0.0,1.0,0.0795,0.1578,0.1762,0.9799
1176433.8,23508.11,3,3,2,1,2,0.686,9,0,0.2112,20.02,0.0,0.82,0.7584,0.879,0.144,0.8934
1520180.47,117508.03,3,2,1,1,0,0.759,7,0,0.2435,6.47,0.0,0.94,0.8519,0.4101,0.8537,0.9445
265388.77,1016.34,1,1,1,1,1,0.905,17,0,0.1921,261.12,0.0,0.77,0.0547,0.178,0.0948,0.9394
1230234.47,21396.35,3,3,1,2,2,0.658,15,0,0.394,23.0,0.0,0.68,0.7585,0.9112,0.3132,0.8574
1853052.64,50452.16,6,1,1,1,0,0.905,8,0,0.2709,9.18,0.0,0.66,0.92,0.3817,0.9211,0.8779
1158543.0,50981.74,4,1,1,1,0,0.746,3,1,0.3348,8.52,0.0,0.72,0.9032,0.491,0.8691,0.8919
369456.69,5056.54,3,4,1,2,1,0.623,8,0,0.1891,29.23,0.0,0.69,0.8737,0.894,0.1276,0.8586
652083.56,8427.86,4,3,1,2,1,0.539,19,0,0.3655,23.21,0.0,0.76,0.7769,0.8786,0.2482,0.878
1014150.82,70233.59,4,2,1,1,0,0.784,2,1,0.2157,5.41,0.0,0.67,0.9227,0.5151,0.8199,0.8809
1343684.67,94895.55,5,1,1,1,0,0.942,9,0,0.268,4.25,0.0,0.85,0.9588,0.5938,0.8869,0.9232
240379.58,14299.97,6,1,1,1,0,0.714,2,1,0.3227,4.2,0.0,0.83,0.99,0.3713,0.8641,0.92
484806.98,24995.3,6,2,1,1,0,0.877,3,1,0.3437,4.85,0.0,0.78,0.9068,0.5527,0.9483,0.9083
549156.61,9313.9,3,2,1,1,0,0.631,7,0,0.1005,21.62,0.0,0.7,0.5915,0.4307,0.6476,0.7585
193239.06,7852.52,3,4,2,2,2,0.62,13,0,0.211,9.84,0.0,0.81,0.8591,0.8999,0.3353,0.8895
2131959.95,108061.5,4,2,1,1,0,0.855,15,1,0.2376,7.4,0.0,0.8,0.9378,0.3792,0.8669,0.911
224438.82,931.33,1,1,1,1,0,0.921,16,0,0.0816,240.99,0.0,0.85,0.196,0.2318,0.2276,0.9523
599584.6,33670.78,5,2,1,1,0,0.886,13,1,0.2493,5.34,0.0,0.77,0.9305,0.3508,0.96,0.9041
857710.84,33056.79,6,1,1,1,0,0.96,13,0,0.2999,6.49,0.0,0.76,0.9443,0.3541,0.8427,0.9028
328903.31,51937.99,3,2,1,1,0,0.713,19,0,0.1704,3.17,0.0,0.76,0.8507,0.4259,0.8757,0.9015
965108.05,17921.77,4,5,1,1,1,0.415,7,0,0.2886,16.16,0.0,0.8,0.7521,0.8959,0.3097,0.8879
627520.25,9161.85,3,5,1,1,1,0.365,14,0,0.2034,27.4,0.0,0.75,0.7548,0.937,0.3401,0.8753
283021.69,1258.8,2,1,1,1,1,0.939,12,0,0.0676,112.42,0.0,0.79,0.2019,0.1264,0.2196,0.942
1035709.01,51440.87,6,1,1,1,0,0.777,1,1,0.1045,5.03,0.0,0.92,0.955,0.4067,0.8005,0.9413
385619.61,6915.43,2,2,3,2,2,0.448,15,0,0.2631,33.46,0.0,0.68,0.8502,0.9284,0.1505,0.8576
397388.05,11160.4,6,1,1,1,0,0.82,12,0,0.2454,8.9,0.0,0.68,0.9598,0.4665,0.9724,0.8823
1199347.5,29938.81,3,4,1,1,1,0.67,20,0,0.3843,16.02,0.0,0.64,0.8921,0.9126,0.2965,0.8451
481638.9,5159.26,2,2,1,1,0,0.826,9,0,0.1708,51.34,0.0,0.54,0.4878,0.5867,0.4689,0.7119
206930.47,518.49,2,1,1,1,0,0.915,11,0,0.1619,199.55,0.0,0.9,0.1509,0.107,0.2071,0.9624
2481625.22,184747.43,6,1,1,1,0,0.971,6,0,0.1095,3.36,0.0,0.77,0.9788,0.4383,0.9049,0.9043
1269351.99,85357.56,6,2,1,1,0,0.899,18,0,0.2893,3.72,0.0,0.72,0.8567,0.4359,0.9386,0.8928
769929.98,4373.86,1,1,1,1,1,0.93,9,0,0.1642,176.03,0.0,0.74,0.2526,0.2399,0.1486,0.9329
194001.08,3132.91,3,1,1,1,0,0.518,5,0,0.2226,22.71,0.0,0.57,0.512,0.4667,0.6795,0.7209
2407892.33,93596.07,6,1,1,1,0,0.703,6,0,0.294,6.43,0.0,0.72,0.9183,0.3867,0.804,0.8932
320738.93,2853.84,3,1,1,1,0,0.505,19,0,0.242,41.21,0.0,0.71,0.4668,0.5156,0.5026,0.7616
1060867.54,117216.25,4,2,1,1,0,0.785,4,1,0.3466,3.39,0.0,0.62,0.964,0.4151,0.8003,0.8699
497164.45,4859.67,3,2,2,1,0,0.807,21,1,0.1735,37.51,0.0,0.56,0.5139,0.5255,0.6962,0.719
1250869.18,78399.54,3,4,2,2,1,0.468,16,0,0.3463,6.38,0.0,0.66,0.7656,0.9678,0.2273,0.852
223595.83,14891.73,4,2,1,1,0,0.922,15,1,0.2484,5.63,0.0,0.95,0.8933,0.5579,0.9646,0.9471
871498.81,106773.06,6,2,1,1,0,0.812,5,1,0.3491,2.04,0.0,0.95,0.9207,0.4346,0.8767,0.9468
417833.23,14588.82,6,1,1,1,0,0.865,7,0,0.3468,7.16,0.0,0.61,0.8994,0.3951,0.9245,0.866
1856820.97,111558.24,5,1,1,1,0,0.745,16,0,0.2086,4.99,0.0,0.68,0.9053,0.4078,0.9132,0.8826
1187389.16,38340.27,3,4,3,2,2,0.628,16,0,0.1934,12.39,0.0,0.61,0.7641,0.8636,0.241,0.8384
2411244.97,116039.0,4,2,1,1,0,0.788,15,0,0.3079,7.79,0.0,0.82,0.8863,0.5393,0.8231,0.9169
1484491.78,17580.71,4,4,2,1,2,0.359,17,0,0.2878,25.33,0.0,0.76,0.7559,0.9849,0.2494,0.8776
1416744.09,30576.11,3,4,3,2,1,0.357,12,0,0.275,18.53,0.0,0.83,0.8869,0.8607,0.2301,0.8968
802606.88,43198.08,3,2,1,1,0,0.768,0,1,0.3383,9.29,0.0,0.65,0.99,0.3562,0.8888,0.8756
634446.1,5482.34,2,1,1,1,1,0.965,10,0,0.1242,57.86,0.0,0.88,0.2277,0.1426,0.1546,0.9582
1734219.18,376438.5,3,1,1,1,0,0.759,6,1,0.243,2.3,0.0,0.76,0.9895,0.4445,0.9678,0.9024
716158.99,11545.92,3,1,1,1,0,0.846,3,1,0.1942,22.74,0.0,0.61,0.6661,0.6232,0.5101,0.7343
447128.34,11218.11,6,1,1,1,0,0.711,11,0,0.2807,9.96,0.0,0.7,0.9685,0.4638,0.9366,0.8881
1749330.64,154313.61,3,1,1,1,0,0.816,3,1,0.1043,5.67,0.0,0.64,0.9709,0.4302,0.9402,0.8748
516193.55,5061.25,4,3,1,2,2,0.496,18,0,0.1893,30.6,0.0,0.61,0.9124,0.8894,0.1331,0.8374
411323.09,9964.8,3,4,1,1,1,0.603,11,0,0.3485,16.51,0.0,0.53,0.8697,0.9227,0.1508,0.8187
160336.97,66206.58,3,1,1,1,0,0.807,13,1,0.2997,1.21,0.0,0.7,0.9207,0.3593,0.9103,0.8872
2097920.95,189997.14,3,1,1,1,0,0.976,8,1,0.1542,5.52,0.0,0.92,0.9516,0.4244,0.9413,0.94
2273535.8,142151.09,3,1,1,1,0,0.753,4,1,0.2796,8.0,0.0,0.67,0.9806,0.3535,0.8215,0.8813
42836.72,600.73,3,4,1,1,1,0.602,18,0,0.3145,28.52,0.0,0.51,0.8419,0.962,0.1359,0.8127
506604.13,8832.54,4,2,1,1,2,0.492,16,0,0.2828,17.21,0.0,0.51,0.9174,0.9672,0.2659,0.8134
233431.41,9888.25,6,2,1,1,0,0.874,22,1,0.1703,5.9,0.0,0.8,0.99,0.4727,0.9712,0.9125
1848049.52,52395.99,6,2,1,1,0,0.803,14,1,0.2007,8.82,0.0,0.68,0.8993,0.4086,0.9804,0.883
388050.55,10918.41,6,2,1,1,0,0.761,1,1,0.193,8.89,0.0,0.63,0.8928,0.4571,0.8818,0.8713
337385.2,1833.61,1,1,1,1,0,0.924,14,0,0.067,184.0,0.0,0.8,0.0527,0.124,0.2075,0.9432
321287.3,23797.12,4,2,1,1,0,0.717,7,1,0.3425,5.06,0.0,0.82,0.9684,0.4515,0.8334,0.9178
1324238.12,225386.13,4,2,1,1,0,0.941,14,0,0.3477,2.2,0.0,0.67,0.9031,0.3613,0.9294,0.8815
1008392.88,42818.23,2,3,3,1,1,0.673,12,0,0.1785,14.13,0.0,0.67,0.8845,0.8785,0.3352,0.8553
432457.92,6001.38,2,1,2,1,0,0.619,15,1,0.2828,39.63,0.0,0.59,0.6495,0.5246,0.5779,0.7266
440699.9,47171.85,6,2,1,1,0,0.862,10,1,0.286,2.34,0.0,0.74,0.968,0.4752,0.8585,0.8979
1724620.21,168202.96,6,2,1,1,0,0.824,4,1,0.3184,2.56,0.0,0.67,0.99,0.5408,0.8567,0.8807
404177.83,1665.14,2,1,1,1,0,0.943,14,0,0.1263,121.36,0.0,0.99,0.0919,0.1491,0.2063,0.9778
588424.79,1329.59,2,1,1,1,1,0.964,10,0,0.1366,221.28,0.0,0.91,0.222,0.207,0.1782,0.9631
51266.88,504.46,2,1,1,1,0,0.926,13,0,0.0763,50.81,0.0,0.8,0.2006,0.2086,0.1329,0.9435
781795.41,6757.78,3,2,2,1,0,0.666,19,0,0.1743,42.42,0.0,0.49,0.5522,0.6137,0.5532,0.6963
2088078.11,69307.26,6,2,1,1,0,0.805,23,1,0.208,7.53,0.0,0.92,0.8947,0.4721,0.9423,0.9417
437513.65,2840.74,1,1,1,1,0,0.932,13,0,0.1501,154.01,0.0,0.83,0.2344,0.2166,0.1776,0.949
593251.56,8019.83,1,1,1,1,0,0.991,9,0,0.1786,73.97,0.0,0.97,0.2247,0.0887,0.2142,0.9742
85046.62,626.62,3,1,2,1,0,0.584,21,1,0.2734,49.77,0.0,0.78,0.571,0.515,0.6064,0.7828
86868.28,1400.28,3,4,1,2,1,0.364,13,0,0.213,24.81,0.0,0.68,0.9116,0.9208,0.1381,0.8566
155093.01,3031.84,2,4,2,2,2,0.528,19,0,0.2418,30.69,0.0,0.9,0.858,0.9504,0.1748,0.9137
2219500.57,103458.0,6,2,1,1,0,0.782,1,1,0.258,5.36,0.0,0.94,0.9269,0.5847,0.9032,0.9445
722707.28,3465.26,2,1,1,1,0,0.954,16,0,0.1527,104.28,0.0,0.76,0.1628,0.1641,0.1908,0.9363
327837.42,5881.76,2,2,1,1,0,0.579,18,0,0.2624,30.66,0.0,0.51,0.473,0.494,0.5018,0.7023
414550.53,8202.86,2,2,1,1,2,0.537,16,0,0.2344,30.32,0.0,0.83,0.8512,0.8611,0.1358,0.895
362756.95,2251.51,1,1,1,1,1,0.916,14,0,0.1037,161.12,0.0,0.76,0.1925,0.1003,0.1534,0.9364
470337.34,7403.29,4,2,2,2,1,0.604,12,0,0.3479,19.06,0.0,0.62,0.7691,0.8775,0.1708,0.8404
202729.77,594.13,2,1,1,1,0,0.937,17,0,0.0513,170.61,0.0,0.73,0.1754,0.0813,0.2318,0.9315
405206.44,5058.95,4,4,2,2,1,0.698,9,0,0.2946,24.03,0.0,0.73,0.8825,0.889,0.2421,0.8709
281555.25,16964.69,5,1,1,1,0,0.872,0,1,0.2191,4.98,0.0,0.78,0.99,0.5078,0.9571,0.9069
515983.48,1192.18,2,1,1,1,0,0.943,14,0,0.1803,216.4,0.0,0.81,0.0799,0.1788,0.2469,0.9453
1157402.3,186570.43,4,2,1,1,0,0.854,23,1,0.2632,2.33,0.0,0.71,0.9567,0.4828,0.9307,0.8897
246158.36,887.2,1,1,1,1,1,0.972,14,0,0.104,277.46,0.0,0.96,0.168,0.2126,0.1798,0.972
236177.94,9807.76,6,1,1,1,0,0.938,0,1,0.2486,6.02,0.0,0.83,0.9819,0.5556,0.8572,0.9182
428515.4,11948.48,2,1,1,1,0,0.743,8,0,0.2213,19.72,0.0,0.55,0.5007,0.4912,0.5981,0.7148
302778.43,2298.43,2,1,1,1,0,0.981,9,0,0.1619,65.87,0.0,0.93,0.2132,0.2738,0.2268,0.9681
637030.63,12823.6,2,3,2,2,1,0.468,19,0,0.3624,29.81,0.0,0.61,0.912,0.9876,0.1732,0.8393
886706.64,11792.33,3,2,2,1,0,0.747,18,1,0.1998,27.57,0.0,0.57,0.6804,0.6728,0.4374,0.7197
110285.48,2326.42,2,2,2,1,0,0.601,11,0,0.1266,26.07,0.0,0.77,0.4704,0.422,0.654,0.7823
543692.68,39136.71,2,2,2,1,1,0.65,6,0,0.2153,8.34,0.0,0.83,0.8088,0.9529,0.2441,0.8966
1290549.16,35914.83,3,4,3,2,1,0.501,15,0,0.2746,14.37,0.0,0.69,0.8874,0.9334,0.3243,0.8598
356454.75,3429.37,4,5,3,2,1,0.372,18,0,0.2054,31.18,0.0,0.87,0.7912,0.9781,0.2615,0.9067
96373.45,308.35,2,1,1,1,0,0.934,10,0,0.1557,156.27,0.0,0.88,0.1939,0.0979,0.1325,0.9586
1304655.36,53908.55,2,3,3,2,2,0.525,21,0,0.1675,14.52,0.0,0.88,0.8474,0.8919,0.1873,0.9091
627145.86,16705.54,2,2,2,1,0,0.783,6,0,0.2024,20.65,0.0,0.54,0.5915,0.4203,0.6843,0.7131
225858.04,20356.37,4,2,1,1,0,0.75,19,0,0.1331,4.16,0.0,0.75,0.9503,0.361,0.9267,0.8993
61072.66,401.28,1,1,1,1,1,0.918,11,0,0.0576,152.2,0.0,0.88,0.1769,0.0932,0.1965,0.9583
1091533.23,14399.95,3,3,3,2,2,0.494,14,0,0.1501,30.32,0.0,0.89,0.825,0.8617,0.1221,0.9102
84147.31,14308.57,5,2,1,1,0,0.711,15,1,0.2023,1.76,0.0,0.89,0.8938,0.5444,0.8107,0.9343
707069.41,5156.71,1,1,1,1,0,0.956,9,0,0.1465,137.12,0.0,0.83,0.0511,0.1754,0.1802,0.9497
1572332.82,64798.07,4,2,1,1,0,0.821,5,1,0.1693,9.1,0.0,0.95,0.9217,0.3724,0.99,0.9471
1327953.02,79875.2,3,2,1,1,0,0.811,11,0,0.152,8.31,0.0,0.89,0.9122,0.4077,0.8927,0.934
1412740.98,74368.99,4,2,1,1,0,0.799,12,0,0.1481,7.12,0.0,0.95,0.904,0.5819,0.8277,0.9473
1416642.72,96770.18,4,2,1,1,0,0.818,2,1,0.1076,5.49,0.0,0.91,0.9458,0.5382,0.99,0.9387
1045134.1,29889.33,2,4,3,1,2,0.374,15,0,0.3904,20.98,0.0,0.74,0.8912,0.9269,0.1775,0.873
739309.75,4500.76,2,1,1,1,1,0.932,17,0,0.1562,82.13,0.0,0.88,0.0704,0.2178,0.0543,0.9586
1071804.2,70992.63,6,2,1,1,0,0.72,20,1,0.168,3.77,0.0,0.69,0.9816,0.5821,0.9402,0.8867
315974.27,1236.04,1,1,1,1,0,0.975,10,0,0.1176,255.63,0.0,0.99,0.2478,0.2023,0.1379,0.9786
415218.45,1042.33,2,1,1,1,0,0.907,12,0,0.1839,199.18,0.0,0.87,0.0716,0.1422,0.0652,0.9573
280570.59,10453.82,4,4,3,1,2,0.566,9,0,0.1539,8.05,0.0,0.71,0.7706,0.9484,0.2344,0.8642
239944.35,2741.53,1,1,1,1,1,0.999,16,0,0.0577,87.52,0.0,0.96,0.1211,0.1662,0.2351,0.972
464578.14,20315.76,3,2,1,1,1,0.601,20,0,0.2723,9.15,0.0,0.55,0.7604,0.9014,0.14,0.8233
46386.05,2490.45,2,5,1,1,2,0.686,10,0,0.3977,11.18,0.0,0.79,0.8374,0.9353,0.2626,0.8848
246648.25,11521.38,4,1,1,1,0,0.716,21,1,0.2713,8.03,0.0,0.61,0.9085,0.362,0.9656,0.8672
706668.95,10845.18,4,3,3,2,1,0.489,20,0,0.3964,19.55,0.0,0.57,0.8304,0.9039,0.3397,0.8272
58946.41,1427.47,3,2,3,2,1,0.628,11,0,0.3571,16.52,0.0,0.74,0.8471,0.8962,0.3403,0.8714
1022724.13,35619.21,6,1,1,1,0,0.84,13,0,0.1244,7.18,0.0,0.66,0.858,0.49,0.9363,0.8785
555919.27,16405.58,2,2,2,1,0,0.544,9,0,0.1029,18.64,0.0,0.6,0.5314,0.4085,0.6372,0.7286
516440.86,5666.67,4,3,1,2,1,0.486,9,0,0.3576,27.34,0.0,0.83,0.7776,0.9216,0.1292,0.8949
1840898.17,133255.8,3,1,1,1,0,0.842,5,0,0.2696,6.91,0.0,0.82,0.9029,0.5552,0.8627,0.9157
1854273.63,186827.99,3,2,1,1,0,0.878,5,1,0.2229,4.96,0.0,0.76,0.9585,0.4234,0.9838,0.9012
643102.72,2112.41,2,1,1,1,0,0.968,12,0,0.1359,152.22,0.0,0.98,0.1088,0.0865,0.1009,0.9757
254280.55,8067.26,3,4,1,1,2,0.357,13,0,0.3832,12.61,0.0,0.71,0.8019,0.8887,0.3252,0.8653
274277.19,5166.48,3,1,2,1,0,0.782,23,0,0.248,19.47,0.0,0.58,0.6131,0.5139,0.6183,0.7226
1246469.99,46126.38,6,2,1,1,0,0.792,8,1,0.1412,6.76,0.0,0.68,0.9566,0.4524,0.8976,0.8835
919588.96,8724.82,2,2,2,1,0,0.564,0,0,0.1899,57.97,0.0,0.72,0.5782,0.4335,0.5426,0.7663
1085833.4,39855.78,2,2,1,2,2,0.382,7,0,0.1606,16.35,0.0,0.76,0.8432,0.8802,0.2461,0.8769
641973.21,6156.74,3,1,1,1,0,0.672,6,0,0.2009,38.23,0.0,0.77,0.5232,0.4158,0.6766,0.7805
978618.54,70776.85,3,2,1,1,0,0.85,23,1,0.3427,6.91,0.0,0.89,0.912,0.5508,0.973,0.9327
529214.43,1965.98,2,1,1,1,1,0.974,17,0,0.1473,134.59,0.0,0.88,0.2266,0.1832,0.2239,0.9585
72048.21,802.79,4,5,3,2,1,0.66,15,0,0.2318,26.92,0.0,0.67,0.885,0.9242,0.2334,0.8536
362168.91,14280.89,2,4,1,1,2,0.502,14,0,0.2747,15.22,0.0,0.75,0.8028,0.8938,0.2313,0.8741
45227.74,200.49,1,1,1,1,1,0.948,16,0,0.1801,225.59,0.0,0.8,0.2025,0.1349,0.0851,0.9446
369741.8,3525.6,3,1,1,1,0,0.809,2,0,0.2008,38.45,0.0,0.56,0.6302,0.6671,0.5655,0.7181
2186830.32,75203.16,5,1,1,1,0,0.753,0,1,0.232,8.72,0.0,0.64,0.8977,0.404,0.8107,0.8747
1138207.26,47670.05,5,2,1,1,0,0.89,5,0,0.2127,7.16,0.0,0.73,0.9731,0.368,0.962,0.8957
2082568.58,165159.53,4,2,1,1,0,0.831,10,0,0.1351,4.73,0.0,0.72,0.8563,0.4959,0.8599,0.8936
709595.9,200454.63,4,1,1,1,0,0.877,2,1,0.1654,1.33,0.0,0.7,0.99,0.4707,0.9039,0.8885
1397873.81,24029.56,3,3,1,1,2,0.533,6,0,0.282,23.27,0.0,0.82,0.7587,0.8699,0.1473,0.8919
89334.27,574.44,3,2,2,1,0,0.618,1,0,0.1081,57.02,0.0,0.41,0.5836,0.6792,0.6661,0.6726
996457.62,68766.87,4,2,1,1,0,0.796,16,1,0.338,5.43,0.0,0.83,0.99,0.4696,0.8034,0.9202
87067.19,722.62,3,2,2,1,0,0.715,3,0,0.2913,44.18,0.0,0.77,0.52,0.5845,0.6595,0.7796
671277.1,191771.59,5,2,1,1,0,0.83,7,1,0.1766,1.05,0.0,0.67,0.9064,0.356,0.8438,0.8815
1798319.03,133058.18,3,1,1,1,0,0.769,20,0,0.3364,6.76,0.0,0.91,0.861,0.4935,0.9633,0.9385
398531.63,1470.72,2,1,1,1,1,0.974,16,0,0.1293,135.49,0.0,0.74,0.2461,0.249,0.0781,0.9325
1362875.82,109614.7,3,2,1,1,0,0.724,13,1,0.1193,6.22,0.0,0.7,0.99,0.3888,0.853,0.8883
357553.3,3629.94,3,1,1,1,0,0.602,18,0,0.2571,36.12,0.0,0.52,0.5188,0.4161,0.4534,0.7045
875843.69,11989.15,3,3,3,2,2,0.411,20,0,0.2386,29.22,0.0,0.64,0.8026,0.9593,0.2786,0.8468
408895.85,28241.13,5,2,1,1,0,0.735,21,0,0.3326,4.34,0.0,0.71,0.8793,0.5325,0.9267,0.8898
1421703.27,17503.78,3,4,2,2,1,0.632,7,0,0.2707,32.49,0.0,0.76,0.8524,0.9148,0.2494,0.877
672704.37,2569.21,1,1,1,1,1,0.955,13,0,0.1309,261.83,0.0,0.77,0.1126,0.1002,0.1393,0.9382
1397080.01,19382.95,3,5,1,1,1,0.681,6,0,0.2103,28.83,0.0,0.52,0.8044,0.8968,0.2157,0.8162
238462.81,7139.53,2,3,2,1,2,0.504,14,0,0.2421,20.04,0.0,0.56,0.9001,0.9672,0.1339,0.825
460649.42,5282.3,4,2,2,1,1,0.359,15,0,0.262,26.16,0.0,0.86,0.9042,0.9392,0.2248,0.9038
733815.88,2897.08,1,1,1,1,1,0.982,9,0,0.1508,253.3,0.0,0.74,0.1566,0.0987,0.1678,0.9334
2085928.97,167172.49,3,2,1,1,0,0.772,7,0,0.2862,6.24,0.0,0.64,0.8766,0.5769,0.8928,0.8747
697255.06,15187.76,4,3,2,1,2,0.491,21,0,0.1791,13.77,0.0,0.85,0.7972,0.9539,0.2184,0.9014
1394059.89,24602.03,2,4,2,2,1,0.587,12,0,0.3181,34.0,0.0,0.88,0.766,0.9599,0.1668,0.9088
2190866.39,171107.57,4,1,1,1,0,0.842,12,1,0.3183,4.8,0.0,0.77,0.99,0.3964,0.8489,0.9046
588627.44,7723.23,4,2,3,2,2,0.421,21,0,0.3967,22.86,0.0,0.82,0.8599,0.8898,0.34,0.8941
597206.96,74170.13,6,1,1,1,0,0.944,2,1,0.1575,2.01,0.0,0.88,0.9524,0.5026,0.8457,0.9315
1944726.81,146997.48,6,2,1,1,0,0.867,9,0,0.1033,3.31,0.0,0.93,0.8908,0.5411,0.9097,0.9423
1671724.18,70917.19,4,2,1,1,0,0.709,0,1,0.251,8.84,0.0,0.73,0.9833,0.3551,0.869,0.8943
207658.57,1858.75,2,1,1,1,0,0.998,16,0,0.0933,55.86,0.0,0.77,0.1064,0.1067,0.0827,0.9391
455981.9,15244.26,2,5,2,1,2,0.685,19,0,0.2297,17.95,0.0,0.59,0.914,0.9162,0.1204,0.8336
483734.69,1999.45,2,1,1,1,0,0.929,15,0,0.19,120.97,0.0,0.79,0.2255,0.1684,0.1809,0.9428
1314132.86,57025.53,4,1,1,1,0,0.739,0,1,0.3092,8.64,0.0,0.95,0.939,0.5811,0.9672,0.948
1804896.82,155306.8,3,2,1,1,0,0.743,18,1,0.1882,5.81,0.0,0.83,0.9203,0.4163,0.8534,0.9184
176446.16,829.0,1,1,1,1,0,0.929,12,0,0.0697,212.84,0.0,0.85,0.0913,0.1944,0.1395,0.953
786172.65,7641.52,1,1,1,1,1,0.986,14,0,0.1439,102.88,0.0,0.76,0.1756,0.2216,0.1278,0.936
1713507.79,54433.56,5,1,1,1,0,0.887,8,0,0.2878,9.44,0.0,0.66,0.9726,0.4588,0.9346,0.8775
1213935.91,49263.9,5,2,1,1,0,0.937,22,0,0.1084,7.39,0.0,0.68,0.8533,0.4642,0.8854,0.8837
872448.99,8302.16,2,2,1,1,0,0.661,9,0,0.1786,57.8,0.0,0.47,0.4682,0.5563,0.4473,0.6906
737960.1,3369.76,1,1,1,1,1,0.974,16,0,0.1406,219.0,0.0,0.95,0.2007,0.2592,0.0665,0.9718
1798136.1,370731.9,5,1,1,1,0,0.869,3,1,0.2624,1.46,0.0,0.7,0.9812,0.4223,0.8364,0.8879
745809.7,14386.51,2,2,3,2,2,0.515,11,0,0.3918,31.1,0.0,0.87,0.897,0.929,0.1885,0.905
317766.05,1255.72,2,1,1,1,1,0.953,15,0,0.1967,126.53,0.0,0.74,0.1871,0.0826,0.1314,0.9339
985960.36,78832.94,3,1,1,1,0,0.863,5,1,0.135,6.25,0.0,0.6,0.9301,0.4721,0.9545,0.8644
257156.38,1237.57,2,1,1,1,0,0.951,13,0,0.1498,103.9,0.0,0.89,0.0905,0.1516,0.1946,0.96
1621097.48,65086.58,4,1,1,1,0,0.721,17,0,0.1927,9.34,0.0,0.85,0.9562,0.5656,0.8902,0.9234
1276267.98,29685.42,3,3,1,1,1,0.518,17,0,0.3176,17.2,0.0,0.89,0.8144,0.8986,0.1407,0.9116
748182.01,27742.03,5,2,1,1,0,0.732,5,1,0.1588,8.09,0.0,0.76,0.9401,0.4455,0.9109,0.9025
934087.2,14847.92,3,5,1,1,2,0.673,16,0,0.3935,25.16,0.0,0.83,0.8326,0.8915,0.275,0.8966
376699.02,3811.46,1,1,1,1,1,0.925,16,0,0.1443,98.83,0.0,0.79,0.0953,0.2233,0.1916,0.9418
931094.01,12415.94,4,5,3,1,1,0.543,8,0,0.2371,22.5,0.0,0.55,0.8118,0.9391,0.1252,0.8235
621999.84,15840.84,2,2,1,1,0,0.729,5,0,0.1053,21.6,0.0,0.54,0.4811,0.4063,0.6606,0.7129
1282650.31,55248.2,5,2,1,1,0,0.909,8,0,0.153,6.96,0.0,0.77,0.9764,0.4177,0.8625,0.9037
1784940.88,157884.82,3,2,1,1,0,0.91,6,1,0.252,5.65,0.0,0.87,0.9483,0.4428,0.9699,0.928
163672.47,2844.9,2,1,2,1,0,0.673,2,0,0.2291,31.64,0.0,0.47,0.5161,0.4339,0.4939,0.6914
1254603.66,73882.84,2,5,1,2,2,0.441,18,0,0.3961,10.19,0.0,0.81,0.8874,0.8616,0.2989,0.8911
1485199.89,49235.15,5,1,1,1,0,0.737,21,0,0.3025,9.05,0.0,0.73,0.9191,0.4572,0.853,0.8942
802970.51,19978.77,2,1,2,1,0,0.64,4,0,0.1144,22.11,0.0,0.44,0.5113,0.5438,0.6964,0.6827
96940.29,1030.23,1,1,1,1,1,0.941,9,0,0.1871,94.1,0.0,0.71,0.1825,0.2009,0.1657,0.927
1282334.74,16797.06,3,5,3,2,1,0.612,16,0,0.1868,30.54,0.0,0.77,0.834,0.9578,0.1641,0.8794
2226818.99,138584.01,5,1,1,1,0,0.929,12,1,0.115,4.82,0.0,0.82,0.99,0.5017,0.9657,0.9174
649881.94,22488.73,5,1,1,1,0,0.919,5,0,0.2031,8.67,0.0,0.72,0.9171,0.5084,0.9425,0.8919
267953.06,55996.33,4,2,1,1,0,0.788,15,0,0.2975,1.79,0.0,0.8,0.8969,0.4216,0.8957,0.9127
107209.39,3056.56,3,3,3,1,1,0.64,12,0,0.3297,14.03,0.0,0.77,0.7894,0.9327,0.2021,0.8815
2244103.1,267271.67,6,2,1,1,0,0.961,13,1,0.2632,2.1,0.0,0.92,0.99,0.5263,0.8835,0.9413
1418131.25,25865.92,4,3,3,1,1,0.62,6,0,0.1649,16.45,0.0,0.9,0.8979,0.9277,0.2845,0.9132
1222078.94,18499.71,3,2,3,2,2,0.528,10,0,0.3207,26.42,0.0,0.86,0.8938,0.9357,0.3255,0.9034
979244.65,103768.54,4,1,1,1,0,0.786,12,1,0.1727,3.54,0.0,0.61,0.99,0.4511,0.83,0.8654
378250.03,2852.94,3,1,1,1,0,0.586,7,0,0.1473,48.61,0.0,0.66,0.5084,0.4743,0.6574,0.7482
279176.18,3415.74,2,2,2,1,0,0.63,21,0,0.177,44.95,0.0,0.77,0.5105,0.5023,0.6256,0.7813
1726701.97,218123.83,4,2,1,1,0,0.906,8,1,0.1091,2.97,0.0,0.93,0.9046,0.5132,0.9238,0.9432
773174.52,30825.9,4,1,1,1,0,0.834,20,0,0.2228,9.41,0.0,0.66,0.9128,0.3971,0.9497,0.8795
2385594.99,120832.27,3,1,1,1,0,0.957,19,1,0.1972,9.87,0.0,0.94,0.99,0.397,0.9713,0.9447
604779.52,72890.05,4,2,1,1,0,0.877,9,1,0.2219,3.11,0.0,0.67,0.9821,0.3796,0.9676,0.8799
1649140.93,91477.43,5,1,1,1,0,0.949,1,1,0.2894,5.41,0.0,0.78,0.9186,0.5539,0.9402,0.906
725881.91,103973.86,5,2,1,1,0,0.946,20,1,0.1381,2.09,0.0,0.92,0.9073,0.5675,0.8899,0.9408
752583.95,95309.09,4,1,1,1,0,0.966,6,0,0.338,2.96,0.0,0.71,0.9502,0.4658,0.9629,0.8905
1390200.71,30783.03,4,3,2,1,1,0.688,13,0,0.1546,13.55,0.0,0.7,0.8525,0.889,0.2512,0.8616
637331.69,8354.9,2,1,1,1,0,0.526,16,0,0.2045,41.96,0.0,0.6,0.5353,0.5948,0.4794,0.7309
218564.23,1474.23,3,1,1,1,0,0.628,23,0,0.195,54.36,0.0,0.57,0.6638,0.4348,0.6421,0.7205
285173.1,948.21,2,1,1,1,0,0.931,16,0,0.0582,150.37,0.0,0.84,0.2226,0.1371,0.2196,0.952
108957.24,292.31,2,1,1,1,0,0.965,13,0,0.1641,186.37,0.0,0.89,0.2261,0.226,0.1559,0.9611
182829.63,6823.42,2,2,1,2,2,0.569,20,0,0.3487,16.08,0.0,0.8,0.9031,0.9085,0.1606,0.8871
474860.37,5152.29,1,1,1,1,1,0.919,14,0,0.1366,92.16,0.0,0.91,0.2298,0.2094,0.1878,0.9645
1478591.93,41837.83,4,4,2,2,1,0.484,14,0,0.2707,10.6,0.0,0.88,0.9138,0.9567,0.2095,0.9096
879192.13,8785.64,3,1,1,1,0,0.694,6,1,0.1111,36.69,0.0,0.52,0.5717,0.4062,0.6739,0.7055
119836.76,3019.65,6,2,1,1,0,0.945,9,1,0.1603,9.92,0.0,0.78,0.9235,0.5878,0.8404,0.9062
2238116.75,108745.17,5,2,1,1,0,0.882,5,0,0.2256,6.17,0.0,0.67,0.8554,0.5028,0.942,0.8796
1154453.65,11229.48,4,3,3,1,2,0.641,20,0,0.1576,30.84,0.0,0.86,0.9199,0.9661,0.2149,0.9037
1947972.29,78089.51,4,2,1,1,0,0.778,19,0,0.1465,9.35,0.0,0.74,0.8788,0.384,0.8407,0.8978
132764.12,906.32,3,2,1,1,0,0.698,5,1,0.1288,53.71,0.0,0.68,0.4768,0.4987,0.6249,0.7538
817768.08,122563.93,3,2,1,1,0,0.732,2,1,0.2584,3.34,0.0,0.89,0.99,0.5844,0.9116,0.9327
974635.97,25724.17,6,2,1,1,0,0.734,6,0,0.212,9.47,0.0,0.77,0.9485,0.5169,0.8875,0.9057
29004.91,213.04,1,1,1,1,1,0.966,17,0,0.0672,136.15,0.0,0.71,0.2411,0.2009,0.1224,0.9279
504604.94,2223.63,2,1,1,1,1,0.901,16,0,0.1078,113.46,0.0,0.74,0.1314,0.2467,0.2241,0.9329
403794.46,7326.36,2,3,3,1,2,0.521,9,0,0.2751,33.07,0.0,0.77,0.7918,0.986,0.2003,0.881
609434.77,14370.11,2,1,1,1,0,0.548,18,1,0.2558,23.33,0.0,0.65,0.5846,0.5043,0.4792,0.7444
515859.33,14901.59,6,2,1,1,0,0.757,19,0,0.2282,8.65,0.0,0.65,0.9201,0.542,0.8403,0.8761
274495.25,523.79,2,1,1,1,1,0.988,17,0,0.1782,262.03,0.0,0.99,0.166,0.2345,0.1822,0.9775
1489423.53,329030.09,5,2,1,1,0,0.865,9,1,0.102,1.36,0.0,0.61,0.99,0.3686,0.8819,0.8652
985689.7,16097.88,2,2,2,1,0,0.631,22,1,0.2508,33.68,0.0,0.71,0.5174,0.5216,0.5565,0.7617
282303.55,47352.99,5,2,1,1,0,0.757,1,1,0.2706,1.79,0.0,0.78,0.99,0.4853,0.8177,0.9063
159071.47,2610.72,3,1,2,1,0,0.652,11,0,0.2632,22.34,0.0,0.44,0.6989,0.6164,0.5824,0.6834
1312712.78,34079.15,6,1,1,1,0,0.932,18,1,0.3117,9.63,0.0,0.91,0.9321,0.4175,0.8381,0.9387
353693.3,20452.49,5,2,1,1,0,0.929,21,1,0.267,5.19,0.0,0.68,0.8983,0.5873,0.8744,0.8827
1246946.05,59095.49,2,5,3,1,2,0.623,16,0,0.2595,12.66,0.0,0.71,0.8844,0.8757,0.2214,0.8658
814426.25,33966.53,5,1,1,1,0,0.91,8,0,0.2184,7.19,0.0,0.72,0.9215,0.3813,0.9531,0.8937
316884.7,1329.25,1,1,1,1,0,0.996,15,0,0.1786,238.39,0.0,0.97,0.0693,0.273,0.1167,0.9742
1193058.04,17721.76,4,2,1,1,2,0.361,16,0,0.3361,20.2,0.0,0.78,0.7843,0.9056,0.1233,0.8833
439388.57,7196.62,4,5,3,1,2,0.48,17,0,0.333,18.32,0.0,0.76,0.8742,0.9591,0.2555,0.8781
645698.27,194261.05,4,1,1,1,0,0.8,7,1,0.2102,1.25,0.0,0.75,0.8915,0.3631,0.9441,0.8995
247668.26,2819.73,2,2,2,1,0,0.645,17,0,0.1471,48.31,0.0,0.77,0.6726,0.4886,0.6991,0.7806
1818483.06,49564.6,6,2,1,1,0,0.796,19,1,0.1538,9.17,0.0,0.87,0.8963,0.5545,0.9023,0.9278
961231.48,14421.31,2,2,1,1,0,0.77,18,1,0.2929,36.66,0.0,0.65,0.5141,0.407,0.4824,0.7442
741757.11,9727.83,1,1,1,1,1,0.939,12,0,0.1547,76.25,0.0,0.75,0.1142,0.1198,0.1703,0.9355
767387.32,23842.02,3,3,1,1,1,0.58,20,0,0.3787,12.87,0.0,0.54,0.8323,0.9508,0.3156,0.82
1122557.76,59638.0,6,2,1,1,0,0.785,4,1,0.2464,4.71,0.0,0.68,0.9255,0.5798,0.935,0.8835
639436.9,21280.64,2,5,2,2,2,0.617,13,0,0.2005,18.03,0.0,0.9,0.9148,0.9147,0.2385,0.9129
583410.17,1092.75,2,1,1,1,1,0.925,9,0,0.0607,266.95,0.0,0.74,0.2284,0.2781,0.133,0.9341
505792.76,2336.83,1,1,1,1,0,0.954,15,0,0.1931,216.44,0.0,0.85,0.0733,0.0961,0.0537,0.9537
428023.49,4122.58,4,2,3,1,1,0.454,7,0,0.3119,31.15,0.0,0.52,0.8136,0.8708,0.1208,0.8149
996243.53,31608.11,2,2,2,1,0,0.746,14,1,0.2089,17.34,0.0,0.43,0.4721,0.6511,0.6652,0.679
509028.06,16502.51,4,5,2,1,1,0.593,15,0,0.2156,9.25,0.0,0.79,0.8864,0.8751,0.1631,0.8853
317299.4,1304.28,1,1,1,1,1,0.978,13,0,0.1304,243.27,0.0,0.9,0.0773,0.1591,0.2268,0.9617
212492.38,5130.98,4,4,2,2,2,0.607,10,0,0.3035,12.42,0.0,0.85,0.8143,0.9773,0.1285,0.9012
1059903.63,83744.0,4,1,1,1,0,0.859,7,0,0.3367,4.75,0.0,0.69,0.9366,0.3588,0.8302,0.8868
1149833.8,123117.64,5,2,1,1,0,0.811,16,1,0.2578,2.8,0.0,0.87,0.961,0.5057,0.8775,0.9299
1856400.1,137417.93,4,1,1,1,0,0.977,4,1,0.2654,5.07,0.0,0.93,0.9604,0.4268,0.8836,0.9434
917428.28,36394.5,2,4,2,2,2,0.589,8,0,0.3926,15.12,0.0,0.83,0.8546,0.968,0.3064,0.8957
404485.65,7702.72,2,1,2,1,0,0.585,23,1,0.2191,28.88,0.0,0.44,0.598,0.465,0.507,0.683
709783.59,1349.75,2,1,1,1,0,0.991,10,0,0.0833,262.93,0.0,1.0,0.2121,0.1299,0.0635,0.9798
249383.0,531.25,2,1,1,1,1,0.968,16,0,0.1155,234.71,0.0,0.87,0.1243,0.1954,0.2472,0.9574
2192839.72,67499.65,5,1,1,1,0,0.908,19,0,0.2952,9.75,0.0,0.79,0.8505,0.4754,0.9318,0.9105
548069.23,42191.89,3,2,1,1,0,0.741,5,0,0.3141,6.49,0.0,0.93,0.9233,0.4992,0.9284,0.9429
508824.11,12686.55,4,5,3,1,1,0.402,15,0,0.3086,12.03,0.0,0.61,0.8516,0.9501,0.1471,0.8385
510894.7,6370.23,4,5,3,1,2,0.591,16,0,0.3404,24.06,0.0,0.78,0.8809,0.9893,0.2971,0.8819
1554108.54,50728.68,6,1,1,1,0,0.952,6,0,0.1685,7.66,0.0,0.84,0.9707,0.4136,0.9848,0.9209
1113458.58,25181.69,3,2,2,1,1,0.361,6,0,0.1942,17.69,0.0,0.67,0.7782,0.9443,0.1748,0.8529
1253277.46,326713.47,5,2,1,1,0,0.731,9,0,0.2575,1.15,0.0,0.9,0.9595,0.4312,0.8835,0.9351
131047.95,1949.38,3,5,2,1,1,0.554,8,0,0.1598,26.89,0.0,0.77,0.8155,0.9594,0.1358,0.8812
626546.77,45231.98,4,2,1,1,0,0.828,6,0,0.3257,5.19,0.0,0.9,0.8746,0.489,0.9543,0.9367
1016360.81,45939.84,4,1,1,1,0,0.822,0,1,0.3195,8.3,0.0,0.92,0.9562,0.5138,0.8316,0.9417
722967.61,8548.63,3,2,3,2,1,0.684,9,0,0.324,33.83,0.0,0.51,0.7901,0.9754,0.1498,0.8131
1472435.1,191923.55,3,2,1,1,0,0.973,21,1,0.1934,3.84,0.0,0.88,0.932,0.5977,0.9629,0.932
216168.31,703.54,2,1,1,1,0,0.933,16,0,0.1676,153.63,0.0,0.84,0.1291,0.1694,0.1337,0.9505
743078.54,3192.08,2,1,1,1,0,0.973,16,0,0.1596,116.39,0.0,0.94,0.238,0.1409,0.1449,0.9697
637849.07,3073.8,2,1,1,1,1,0.969,13,0,0.0703,103.76,0.0,0.81,0.1775,0.1093,0.0589,0.9457
705091.42,143622.09,5,1,1,1,0,0.828,18,0,0.1976,1.47,0.0,0.66,0.9256,0.5068,0.98,0.8775
807487.04,44357.73,5,2,1,1,0,0.82,7,0,0.1392,5.46,0.0,0.64,0.9629,0.4164,0.99,0.8726
494553.91,3396.45,3,2,1,1,0,0.704,22,0,0.1505,53.39,0.0,0.58,0.4657,0.5555,0.5066,0.7243
1895362.71,529886.08,4,1,1,1,0,0.963,4,1,0.2043,1.34,0.0,0.8,0.9486,0.5051,0.8987,0.9123
268158.68,70557.71,4,1,1,1,0,0.937,14,0,0.1112,1.43,0.0,0.94,0.9743,0.5434,0.8394,0.9464
629410.09,16683.52,4,5,1,1,2,0.699,6,0,0.239,11.32,0.0,0.64,0.7951,0.9303,0.2221,0.8457
81767.34,16193.5,6,1,1,1,0,0.821,13,0,0.2142,1.26,0.0,0.77,0.9177,0.3836,0.9618,0.9055
127653.19,7937.47,5,2,1,1,0,0.957,10,0,0.2474,4.82,0.0,0.92,0.8956,0.5883,0.8466,0.9406
104729.83,736.06,2,1,1,1,0,0.933,10,0,0.0866,71.14,0.0,0.9,0.0704,0.1521,0.1091,0.9625
416456.01,750.91,2,1,1,1,0,0.993,12,0,0.1273,277.3,0.0,0.96,0.2511,0.1912,0.1114,0.9734
1218768.11,206248.46,4,2,1,1,0,0.934,11,0,0.2366,2.22,0.0,0.65,0.8783,0.4216,0.8954,0.8766
386541.95,4128.62,2,2,2,1,0,0.82,19,0,0.2894,51.49,0.0,0.76,0.6149,0.6581,0.5781,0.7769
333473.53,3010.21,1,1,1,1,0,0.917,14,0,0.0745,110.78,0.0,0.8,0.1107,0.2002,0.2493,0.9442
1957185.63,133480.49,6,1,1,1,0,0.879,20,1,0.103,3.67,0.0,0.61,0.8913,0.4417,0.99,0.8664
273019.01,2635.4,2,2,1,1,0,0.662,2,0,0.2087,56.98,0.0,0.44,0.6563,0.4709,0.4727,0.6823
160817.24,12550.16,6,1,1,1,0,0.765,1,1,0.226,3.2,0.0,0.74,0.8998,0.484,0.9339,0.8964
1462446.87,34588.93,2,3,3,2,1,0.532,9,0,0.3893,25.37,0.0,0.75,0.7722,0.867,0.1841,0.8747
550823.87,12313.96,2,1,2,1,0,0.531,17,0,0.1532,24.6,0.0,0.52,0.6988,0.6777,0.4724,0.7068
1255170.61,200735.9,3,1,1,1,0,0.812,12,1,0.1168,3.13,0.0,0.67,0.99,0.554,0.915,0.8816
71304.24,133.77,2,1,1,1,0,0.969,9,0,0.1235,266.52,0.0,0.88,0.224,0.2116,0.1231,0.9592
99395.61,2063.93,4,3,3,1,1,0.387,7,0,0.35,14.45,0.0,0.82,0.7602,0.9136,0.2789,0.8936
829121.69,20611.62,3,2,1,1,1,0.681,6,0,0.2781,16.09,0.0,0.73,0.7749,0.9582,0.2058,0.8697
406032.84,4069.13,2,1,2,1,0,0.637,12,0,0.1302,54.88,0.0,0.54,0.4573,0.5407,0.6711,0.7109
32531.75,144.24,1,1,1,1,1,0.919,9,0,0.0724,225.54,0.0,0.8,0.0949,0.0886,0.1978,0.9441
433019.06,13701.46,2,4,3,2,1,0.522,18,0,0.1518,18.96,0.0,0.67,0.8103,0.9535,0.2845,0.8554
333866.61,33821.33,4,2,1,1,0,0.809,20,0,0.3057,3.7,0.0,0.75,0.9077,0.4872,0.9313,0.8994
75887.09,1376.72,2,4,2,1,2,0.401,19,0,0.2959,33.07,0.0,0.8,0.8611,0.8735,0.1893,0.8886
474793.92,9123.47,2,2,1,1,2,0.618,6,0,0.3,31.22,0.0,0.73,0.7799,0.8801,0.1469,0.869
664802.16,6879.82,2,1,1,1,0,0.561,6,0,0.2369,53.15,0.0,0.59,0.5577,0.5806,0.551,0.7269
745111.88,6637.01,2,1,1,1,1,0.978,9,0,0.0982,56.13,0.0,0.75,0.1324,0.1241,0.1488,0.9342
531503.01,3389.91,1,1,1,1,1,0.996,10,0,0.1466,156.79,0.0,0.85,0.1832,0.2573,0.0832,0.9534
1271371.09,254271.48,3,1,1,1,0,0.976,19,0,0.1006,2.5,0.0,0.66,0.9117,0.4483,0.8928,0.8792
543247.08,1390.77,2,1,1,1,0,0.927,12,0,0.1188,195.3,0.0,0.7,0.2269,0.0984,0.069,0.9268
427017.15,4749.54,3,1,2,1,0,0.694,11,0,0.2214,32.97,0.0,0.5,0.6086,0.4888,0.5174,0.7003
1075247.11,40072.98,5,2,1,1,0,0.918,9,1,0.1582,8.05,0.0,0.71,0.9823,0.4096,0.8654,0.8913
705670.44,1677.33,2,1,1,1,0,0.961,16,0,0.154,210.35,0.0,0.7,0.2259,0.0913,0.0994,0.9261
108609.57,1918.29,2,2,2,1,0,0.607,22,1,0.1189,31.14,0.0,0.62,0.524,0.5869,0.5738,0.7348
66553.37,1803.17,2,1,1,1,0,0.629,21,1,0.1796,20.3,0.0,0.72,0.5201,0.4018,0.6595,0.7674
93147.25,7839.89,3,1,1,1,0,0.722,2,1,0.2855,5.94,0.0,0.72,0.9207,0.3892,0.8399,0.892
2420176.23,122104.03,3,1,1,1,0,0.837,16,1,0.1446,9.91,0.0,0.62,0.99,0.548,0.8475,0.8684
676759.76,1700.2,2,1,1,1,0,0.97,14,0,0.1533,199.02,0.0,0.89,0.165,0.1758,0.2492,0.9609
266258.49,28452.73,4,1,1,1,0,0.849,4,1,0.2965,3.51,0.0,0.94,0.9603,0.4776,0.8322,0.9452
1269169.72,38395.82,5,2,1,1,0,0.779,5,1,0.1937,9.92,0.0,0.84,0.9468,0.5964,0.8011,0.9224
413981.69,11558.37,3,3,3,2,1,0.524,8,0,0.3461,14.33,0.0,0.51,0.85,0.988,0.3379,0.8125
93909.13,822.2,1,1,1,1,0,0.922,9,0,0.1785,114.22,0.0,0.73,0.2425,0.264,0.0527,0.9321
948413.38,11227.84,3,1,1,1,0,0.803,2,0,0.2807,30.97,0.0,0.61,0.5863,0.4038,0.448,0.732
353609.99,4209.22,1,1,1,1,0,0.995,9,0,0.1852,84.01,0.0,0.78,0.0661,0.2047,0.0651,0.9411
1572847.74,381454.35,5,2,1,1,0,0.829,15,0,0.3277,1.24,0.0,0.83,0.9621,0.4465,0.99,0.9187
291998.3,1744.28,1,1,1,1,1,0.932,12,0,0.176,167.4,0.0,0.79,0.0842,0.1558,0.1077,0.9428
287938.21,5177.55,3,2,1,1,0,0.779,21,0,0.219,20.39,0.0,0.53,0.5741,0.4557,0.5808,0.7093
1277658.04,25359.8,2,2,3,2,2,0.387,9,0,0.3476,30.23,0.0,0.61,0.8664,0.8727,0.309,0.8384
392480.22,3051.63,3,1,2,1,0,0.51,19,0,0.2305,47.16,0.0,0.55,0.5048,0.4671,0.6441,0.7159
1431369.16,113438.03,3,1,1,1,0,0.842,5,0,0.1171,6.31,0.0,0.86,0.8629,0.5411,0.8624,0.9257
2298829.9,100391.03,6,2,1,1,0,0.953,16,0,0.2795,5.72,0.0,0.7,0.9006,0.58,0.9263,0.8883
2009049.19,572786.81,3,2,1,1,0,0.843,4,1,0.1243,1.75,0.0,0.7,0.99,0.4505,0.9769,0.8872
1008210.04,21538.9,4,5,1,2,2,0.624,12,0,0.2767,14.04,0.0,0.52,0.8277,0.9418,0.2913,0.8153
458109.44,27873.23,3,2,1,1,0,0.8,19,0,0.1202,8.22,0.0,0.87,0.8829,0.5259,0.8808,0.929
104608.16,2400.77,4,3,1,1,1,0.539,12,0,0.1551,13.07,0.0,0.55,0.869,0.9286,0.1848,0.8231
1623595.14,242883.96,3,1,1,1,0,0.943,2,1,0.1009,3.34,0.0,0.68,0.9771,0.4496,0.9714,0.8828
989135.84,12108.46,4,2,2,1,1,0.451,16,0,0.2648,24.51,0.0,0.8,0.7851,0.9168,0.1616,0.8891
1275844.63,18990.65,3,3,2,1,2,0.576,21,0,0.2048,26.87,0.0,0.68,0.919,0.9136,0.1658,0.8565
404340.44,3938.57,2,2,2,1,0,0.683,18,1,0.2335,56.46,0.0,0.56,0.6168,0.6343,0.5182,0.7185
892082.68,29433.01,5,1,1,1,0,0.918,17,0,0.1494,9.09,0.0,0.8,0.8871,0.442,0.9884,0.9125
683230.52,4416.75,1,1,1,1,0,0.978,11,0,0.1899,154.69,0.0,0.72,0.1783,0.2752,0.1956,0.9302
797962.12,3325.44,1,1,1,1,1,0.97,12,0,0.1644,239.96,0.0,0.76,0.2192,0.274,0.1723,0.9362
226626.36,39096.91,4,2,1,1,0,0.816,21,1,0.2737,2.17,0.0,0.7,0.911,0.5624,0.9081,0.8887
456463.45,2342.69,1,1,1,1,1,0.938,9,0,0.1241,194.85,0.0,0.96,0.1655,0.2769,0.182,0.9721
1920241.74,355281.84,4,2,1,1,0,0.933,17,1,0.3418,2.03,0.0,0.8,0.9034,0.4933,0.9316,0.9129
48101.12,332.39,2,1,1,1,1,0.999,10,0,0.1806,72.36,0.0,0.74,0.2266,0.1355,0.2419,0.9339
325297.38,596.47,2,1,1,1,0,0.968,13,0,0.0693,272.68,0.0,0.98,0.1731,0.2776,0.0848,0.9764
187082.14,3658.71,4,5,2,1,1,0.452,9,0,0.1691,15.34,0.0,0.68,0.8066,0.969,0.1313,0.8572
712523.08,11575.79,2,2,1,1,0,0.596,16,0,0.1089,33.85,0.0,0.47,0.5995,0.5437,0.6321,0.6899
323768.09,583.32,2,1,1,1,1,0.955,10,0,0.1171,277.52,0.0,0.71,0.1503,0.2658,0.0523,0.9282
1914189.74,68285.07,5,2,1,1,0,0.877,9,0,0.2756,8.41,0.0,0.84,0.8976,0.5242,0.8403,0.9223
1749744.62,89248.12,4,2,1,1,0,0.724,18,1,0.3494,7.35,0.0,0.74,0.99,0.4616,0.9526,0.8969
479515.94,25549.27,5,2,1,1,0,0.786,4,1,0.1517,5.63,0.0,0.66,0.9627,0.3761,0.9397,0.8793
1395762.58,333616.31,3,2,1,1,0,0.894,22,1,0.1207,2.09,0.0,0.87,0.9537,0.38,0.9236,0.9289
1698293.07,137288.71,6,2,1,1,0,0.951,20,0,0.3011,3.09,0.0,0.63,0.8858,0.4433,0.8477,0.8723
631688.15,2099.76,2,1,1,1,0,0.951,17,0,0.1568,150.42,0.0,0.96,0.2593,0.2039,0.126,0.9719
2455317.07,141532.19,3,2,1,1,0,0.964,14,0,0.3083,8.67,0.0,0.8,0.9081,0.5664,0.897,0.9127
378065.09,962.8,2,1,1,1,0,0.946,13,0,0.1822,196.34,0.0,0.71,0.1276,0.2671,0.0579,0.9272
536131.04,50598.04,2,3,3,1,1,0.531,20,0,0.1574,6.36,0.0,0.67,0.819,0.9334,0.1791,0.8551
1544246.89,111073.07,4,1,1,1,0,0.89,19,1,0.1365,5.21,0.0,0.82,0.8917,0.4114,0.9305,0.9167
752985.5,9469.3,4,4,3,2,2,0.529,14,0,0.1536,23.86,0.0,0.77,0.8554,0.8702,0.2919,0.8797
327002.24,4184.74,3,3,3,1,2,0.576,9,0,0.1795,31.26,0.0,0.84,0.8938,0.8828,0.1343,0.8987
580839.65,3600.72,2,1,1,1,1,0.928,15,0,0.1058,80.66,0.0,0.94,0.2544,0.254,0.1152,0.9697
1475659.18,30409.6,2,3,1,2,1,0.419,13,0,0.1611,29.12,0.0,0.61,0.9002,0.9105,0.1841,0.8377
969742.19,87001.63,4,2,1,1,0,0.748,6,0,0.3151,4.18,0.0,0.77,0.9339,0.3636,0.9521,0.9047
1598941.75,111502.02,3,2,1,1,0,0.879,22,1,0.303,7.17,0.0,0.81,0.9756,0.3868,0.9099,0.9152
1108328.05,54233.3,4,2,1,1,0,0.705,7,0,0.272,7.66,0.0,0.89,0.8757,0.4925,0.9259,0.9338
1207579.61,84602.25,4,2,1,1,0,0.918,16,0,0.2143,5.35,0.0,0.88,0.961,0.4532,0.9653,0.9302
725112.06,6042.0,3,1,2,1,0,0.728,1,1,0.1981,44.0,0.0,0.71,0.6531,0.5113,0.5716,0.7643
349818.61,7556.54,3,2,2,1,1,0.421,14,0,0.3267,18.52,0.0,0.85,0.8482,0.9133,0.3492,0.9007
795635.66,51598.78,5,1,1,1,0,0.765,4,1,0.1627,4.63,0.0,0.75,0.99,0.561,0.9629,0.9011
1643473.89,345400.61,3,2,1,1,0,0.803,9,1,0.3396,2.38,0.0,0.89,0.9515,0.416,0.9857,0.933
1328760.39,257602.01,3,2,1,1,0,0.712,14,0,0.2747,2.58,0.0,0.71,0.937,0.4953,0.8746,0.8899
701297.12,6749.57,3,2,2,1,0,0.576,15,0,0.1256,38.1,0.0,0.56,0.5523,0.5861,0.498,0.7173
173912.48,520.57,2,1,1,1,1,0.919,9,0,0.1571,167.04,0.0,0.96,0.1571,0.1268,0.2324,0.9732
26578.44,142.71,2,1,1,1,1,0.936,17,0,0.1595,93.12,0.0,0.97,0.1326,0.1072,0.1671,0.974
207171.05,34543.12,5,1,1,1,0,0.973,13,0,0.3133,1.8,0.0,0.73,0.941,0.5477,0.8604,0.8961
69196.17,11308.95,5,2,1,1,0,0.916,21,1,0.149,1.84,0.0,0.77,0.9684,0.583,0.8588,0.9043
257683.67,13016.52,3,2,1,2,1,0.498,17,0,0.2519,7.92,0.0,0.85,0.8788,0.8675,0.1354,0.9001
655885.57,7798.86,3,2,1,1,2,0.358,20,0,0.2093,33.64,0.0,0.51,0.8823,0.8769,0.2576,0.8126
562960.19,3591.52,3,1,1,1,0,0.782,18,0,0.165,57.47,0.0,0.78,0.5781,0.4021,0.5265,0.7853
632624.06,20193.94,5,1,1,1,0,0.709,9,0,0.313,9.4,0.0,0.7,0.8602,0.401,0.8746,0.8881
1414295.53,12672.95,4,5,2,1,2,0.678,15,0,0.3772,33.48,0.0,0.62,0.7958,0.9403,0.2985,0.8399
272214.96,5284.27,3,2,1,1,0,0.545,6,0,0.2871,18.89,0.0,0.62,0.4511,0.6222,0.6134,0.7357
1186712.49,346406.99,5,1,1,1,0,0.975,14,0,0.3364,1.03,0.0,0.93,0.9474,0.5108,0.9742,0.9426
342740.19,97455.2,3,1,1,1,0,0.832,10,0,0.1193,1.76,0.0,0.81,0.9463,0.5833,0.8377,0.9133
114739.55,459.78,2,1,1,1,0,0.986,14,0,0.1799,124.78,0.0,0.99,0.1503,0.1243,0.1829,0.9777
397142.62,10118.09,4,5,2,1,1,0.544,8,0,0.3383,11.78,0.0,0.73,0.8137,0.9696,0.3497,0.8704
782906.21,9354.8,2,2,2,1,0,0.502,1,0,0.2536,46.03,0.0,0.77,0.5353,0.6192,0.4966,0.7803
692957.16,6020.09,3,2,2,1,0,0.518,16,1,0.1105,42.21,0.0,0.45,0.6565,0.6649,0.5061,0.6847
840627.71,61017.69,4,1,1,1,0,0.713,18,0,0.2356,5.17,0.0,0.81,0.9587,0.3704,0.8821,0.9148
349903.58,2394.76,3,2,2,1,0,0.516,6,0,0.2869,53.57,0.0,0.48,0.572,0.4202,0.5773,0.6954
630116.59,6003.18,4,4,2,2,2,0.55,21,0,0.175,31.49,0.0,0.82,0.8814,0.913,0.3089,0.8922
971353.07,18867.22,2,2,2,1,0,0.709,4,0,0.2676,28.32,0.0,0.53,0.5706,0.5368,0.593,0.7078
198333.02,1942.99,3,2,2,1,0,0.557,18,0,0.1244,37.43,0.0,0.69,0.5159,0.6025,0.653,0.758
520263.51,19130.04,5,2,1,1,0,0.775,12,1,0.1005,8.16,0.0,0.91,0.9002,0.5138,0.8258,0.9374
1911438.21,187164.36,3,2,1,1,0,0.819,5,1,0.2614,5.11,0.0,0.67,0.9615,0.4456,0.8346,0.8796
553666.48,61310.33,3,1,1,1,0,0.842,7,0,0.1967,4.52,0.0,0.82,0.9345,0.4962,0.8649,0.9164
1329426.29,28720.7,2,3,1,2,2,0.511,12,0,0.3282,27.77,0.0,0.88,0.9061,0.9874,0.1419,0.9098
663216.7,35605.01,2,5,3,2,2,0.562,13,0,0.3835,11.18,0.0,0.57,0.873,0.884,0.3443,0.8271
1059734.25,178466.13,6,1,1,1,0,0.761,10,1,0.2514,1.48,0.0,0.83,0.9156,0.3822,0.8893,0.9182
84072.76,1002.0,2,1,1,1,0,0.611,22,0,0.2233,46.15,0.0,0.79,0.582,0.4799,0.4626,0.788
576901.37,3575.28,3,1,1,1,0,0.834,19,0,0.1119,59.16,0.0,0.78,0.6275,0.429,0.5947,0.7827
1188336.6,16208.93,4,5,1,1,2,0.381,19,0,0.1561,21.99,0.0,0.52,0.8921,0.9645,0.1524,0.8148
599058.99,5807.14,1,1,1,1,1,0.956,16,0,0.112,103.16,0.0,0.92,0.1981,0.2731,0.0882,0.9655
839691.99,102094.4,3,2,1,1,0,0.952,22,1,0.3411,4.11,0.0,0.71,0.9061,0.5844,0.898,0.8907
1272013.35,80713.05,5,2,1,1,0,0.79,21,0,0.1993,4.73,0.0,0.64,0.8731,0.4752,0.9622,0.8734
627532.71,17917.39,2,4,3,2,2,0.598,16,0,0.2877,21.01,0.0,0.78,0.7599,0.9056,0.2878,0.8835
52144.7,154.19,2,1,1,1,1,0.927,14,0,0.0968,169.09,0.0,0.75,0.2187,0.0879,0.1239,0.935
1854004.64,55158.62,6,2,1,1,0,0.721,5,1,0.3128,8.4,0.0,0.94,0.99,0.5441,0.9605,0.9458
1180416.81,20764.94,2,2,2,1,2,0.473,9,0,0.2533,34.11,0.0,0.72,0.7518,0.879,0.2682,0.8667
316065.46,8993.94,2,3,3,2,2,0.354,19,0,0.2157,21.09,0.0,0.77,0.771,0.9897,0.1385,0.8799
437650.98,9709.63,1,1,1,1,1,0.936,15,0,0.1252,45.07,0.0,0.99,0.0916,0.2371,0.185,0.9786
936049.67,25725.61,2,1,2,1,0,0.576,23,0,0.2252,20.01,0.0,0.63,0.6102,0.5998,0.6241,0.7375
793424.66,2707.54,2,1,1,1,1,0.935,10,0,0.0592,146.52,0.0,0.7,0.2465,0.2284,0.1873,0.9261
376955.34,9567.1,2,4,2,1,2,0.695,20,0,0.272,23.64,0.0,0.88,0.7705,0.8738,0.1661,0.9095
434002.88,3592.23,3,1,1,1,0,0.54,11,0,0.2949,44.3,0.0,0.77,0.6578,0.4141,0.5902,0.782
325468.01,1757.65,2,1,1,1,1,0.918,9,0,0.0852,92.59,0.0,0.71,0.185,0.1106,0.2482,0.9271
620192.35,14797.19,3,1,1,1,0,0.602,16,1,0.2722,15.37,0.0,0.78,0.6328,0.5154,0.478,0.7844
405044.81,139078.77,4,2,1,1,0,0.891,7,0,0.2236,1.09,0.0,0.82,0.8755,0.5127,0.8385,0.9166
769774.23,10745.34,2,1,2,1,0,0.519,6,0,0.2535,39.4,0.0,0.61,0.4846,0.48,0.5663,0.7329
383363.59,5789.11,2,2,2,1,0,0.783,13,0,0.2379,36.42,0.0,0.77,0.5001,0.6299,0.6858,0.7797
328473.62,12774.19,4,2,1,1,0,0.76,8,0,0.2892,9.64,0.0,0.81,0.8901,0.3841,0.8645,0.9146
232624.9,6242.37,3,2,1,1,1,0.574,20,0,0.387,14.91,0.0,0.67,0.8655,0.9874,0.3486,0.8535
1406072.89,87045.39,3,2,1,1,0,0.93,13,0,0.2176,8.08,0.0,0.92,0.9366,0.3833,0.9183,0.9407
1350362.28,27906.98,2,4,1,1,1,0.356,9,0,0.2552,29.03,0.0,0.67,0.8476,0.9299,0.2674,0.8539
112011.51,1657.84,3,2,2,2,2,0.565,10,0,0.2191,27.03,0.0,0.65,0.7835,0.9898,0.3051,0.8489
459402.45,1676.31,2,1,1,1,0,0.933,12,0,0.137,137.03,0.0,0.95,0.157,0.2257,0.1001,0.9702
113790.69,1983.26,2,1,1,1,0,0.636,7,0,0.2186,31.56,0.0,0.6,0.5295,0.4402,0.4907,0.7302
1783184.62,98723.21,3,2,1,1,0,0.88,10,0,0.196,9.03,0.0,0.69,0.8676,0.459,0.9826,0.885
788021.94,3035.86,1,1,1,1,0,0.979,11,0,0.1033,259.57,0.0,0.94,0.1404,0.2626,0.1037,0.9701
300107.02,6425.33,2,1,2,1,0,0.617,7,1,0.2591,25.69,0.0,0.52,0.5779,0.5207,0.4357,0.7072
153516.62,3314.26,1,1,1,1,0,0.962,9,0,0.0854,46.32,0.0,0.97,0.1902,0.1537,0.1331,0.9752
121361.64,798.94,1,1,1,1,0,0.998,13,0,0.1226,151.9,0.0,0.84,0.1488,0.2046,0.1235,0.9517
235979.59,1455.88,1,1,1,1,1,0.926,9,0,0.0685,162.09,0.0,0.72,0.1344,0.2575,0.2211,0.9305
1335941.38,24476.98,2,3,3,2,1,0.467,15,0,0.3057,32.75,0.0,0.73,0.8517,0.8846,0.3021,0.8708
721866.58,8985.82,3,2,1,1,2,0.644,19,0,0.1817,32.13,0.0,0.79,0.9061,0.915,0.1859,0.8864
204398.18,1003.48,1,1,1,1,0,0.959,14,0,0.1902,203.69,0.0,0.88,0.1163,0.2593,0.2107,0.9583
1216990.93,49433.32,4,1,1,1,0,0.961,4,1,0.1461,9.23,0.0,0.71,0.9452,0.3629,0.8516,0.8902
163476.5,42288.37,3,1,1,1,0,0.962,3,1,0.1216,1.93,0.0,0.82,0.9222,0.5567,0.8405,0.916
75839.48,1562.88,3,2,1,1,0,0.77,20,0,0.2515,17.79,0.0,0.69,0.5928,0.5935,0.4307,0.7573
1184144.52,15117.56,3,4,2,1,1,0.395,10,0,0.1627,31.33,0.0,0.81,0.8582,0.9337,0.1932,0.8896
1635642.0,217071.33,6,1,1,1,0,0.712,19,0,0.3324,1.88,0.0,0.65,0.8542,0.4155,0.8297,0.8767
238580.66,1724.38,1,1,1,1,1,0.915,17,0,0.1397,138.36,0.0,0.73,0.2144,0.1679,0.0504,0.9319
786589.07,16738.58,2,4,3,2,1,0.526,7,0,0.2951,28.2,0.0,0.65,0.8424,0.9212,0.1311,0.8494
357525.43,28490.65,4,1,1,1,0,0.979,1,1,0.3161,4.71,0.0,0.65,0.9111,0.4398,0.8825,0.876
577169.22,7559.2,3,2,1,1,0,0.811,0,0,0.1542,28.0,0.0,0.71,0.6443,0.6681,0.5451,0.7637
2246206.68,59663.39,6,1,1,1,0,0.777,17,0,0.2504,9.41,0.0,0.72,0.9409,0.5705,0.9312,0.8936
780432.29,14310.67,2,5,1,2,1,0.668,10,0,0.1824,32.72,0.0,0.54,0.848,0.9188,0.1211,0.8199
362042.17,63700.22,6,2,1,1,0,0.819,14,1,0.3262,1.42,0.0,0.77,0.9398,0.4805,0.9326,0.9059
321638.77,1883.06,2,1,1,1,1,0.999,16,0,0.1868,85.4,0.0,0.91,0.1996,0.2692,0.2434,0.963
616240.9,1337.4,2,1,1,1,0,0.925,9,0,0.0941,230.39,0.0,0.99,0.1911,0.1418,0.0971,0.9787
427277.41,7419.88,2,5,1,1,2,0.537,8,0,0.3159,34.55,0.0,0.88,0.8866,0.9147,0.3142,0.908
216936.81,3100.88,4,5,2,1,1,0.644,14,0,0.2696,20.99,0.0,0.56,0.7674,0.9274,0.2874,0.8269
1702957.98,55871.29,5,1,1,1,0,0.759,11,0,0.2648,9.14,0.0,0.95,0.8541,0.466,0.968,0.947
350804.72,6743.14,2,2,1,1,0,0.804,11,1,0.1665,28.61,0.0,0.64,0.6305,0.4967,0.5186,0.7432
1256954.56,23724.71,2,2,1,1,1,0.476,15,0,0.3005,31.79,0.0,0.75,0.852,0.9539,0.1511,0.876
71217.55,658.3,3,2,1,1,0,0.805,4,0,0.1543,39.67,0.0,0.75,0.6639,0.4179,0.501,0.7759
259559.26,5479.06,2,2,1,1,0,0.516,5,0,0.235,26.06,0.0,0.53,0.601,0.4575,0.5456,0.7104
633857.23,9300.83,4,3,2,2,2,0.63,7,0,0.1904,20.45,0.0,0.61,0.7634,0.8776,0.1777,0.8384
573440.66,53647.33,3,1,1,1,0,0.735,23,1,0.1965,5.34,0.0,0.63,0.9345,0.5935,0.9602,0.8719
726738.29,3672.33,1,1,1,1,1,0.95,13,0,0.0586,197.9,0.0,0.81,0.1909,0.2705,0.2109,0.9455
734061.65,40684.16,5,1,1,1,0,0.853,7,0,0.314,5.41,0.0,0.9,0.9109,0.5067,0.9422,0.9365
325832.83,13462.1,4,2,1,1,0,0.797,12,0,0.3041,9.08,0.0,0.91,0.8958,0.4382,0.8663,0.939
568586.85,1937.21,2,1,1,1,1,0.901,15,0,0.0994,146.75,0.0,0.77,0.0665,0.1812,0.1575,0.9389
2440817.46,395829.57,3,2,1,1,0,0.86,10,0,0.3307,3.08,0.0,0.82,0.9002,0.3527,0.99,0.9162
1487466.68,24221.98,3,4,1,1,2,0.508,21,0,0.2708,24.56,0.0,0.83,0.8389,0.9404,0.2149,0.8966
2495263.25,326226.39,6,2,1,1,0,0.9,0,1,0.1535,1.91,0.0,0.65,0.9033,0.4037,0.9258,0.877
734623.78,28126.76,5,1,1,1,0,0.793,9,0,0.1566,7.84,0.0,0.86,0.9699,0.5148,0.8342,0.9274
612059.33,55095.34,3,2,1,1,0,0.84,6,0,0.109,5.55,0.0,0.76,0.9124,0.5164,0.9178,0.9021
386534.97,5762.25,3,1,2,1,0,0.674,13,0,0.1712,24.6,0.0,0.46,0.6895,0.4096,0.6927,0.6869
331709.9,749.64,2,1,1,1,0,0.957,15,0,0.1475,221.25,0.0,0.77,0.1734,0.2384,0.1654,0.9389
978248.71,28344.43,2,4,2,1,2,0.672,18,0,0.3494,20.71,0.0,0.7,0.7601,0.9794,0.2966,0.8631
669317.64,8809.82,4,4,3,1,2,0.646,7,0,0.1989,22.79,0.0,0.61,0.7998,0.9562,0.1522,0.8384
423482.3,1763.78,2,1,1,1,0,0.951,16,0,0.1622,120.05,0.0,0.91,0.2212,0.1203,0.249,0.9645
1084393.58,14511.24,4,5,2,2,2,0.498,7,0,0.2639,22.42,0.0,0.87,0.879,0.9043,0.1555,0.9056
463083.78,6201.37,1,1,1,1,0,0.956,12,0,0.1005,74.67,0.0,0.72,0.1184,0.1169,0.2073,0.9298
403546.9,4114.3,1,1,1,1,1,0.945,14,0,0.1503,98.08,0.0,0.8,0.1878,0.2653,0.1683,0.9439
557538.62,142656.54,3,1,1,1,0,0.872,12,0,0.3225,1.95,0.0,0.89,0.8954,0.5577,0.9206,0.9341
1554819.04,147673.43,5,1,1,1,0,0.788,2,1,0.1151,3.16,0.0,0.76,0.8968,0.542,0.9482,0.902
700525.75,7626.64,3,2,1,1,0,0.763,14,0,0.2302,33.68,0.0,0.46,0.6237,0.6046,0.6444,0.6894
357527.36,1691.94,1,1,1,1,1,0.998,10,0,0.1948,211.31,0.0,0.94,0.2504,0.121,0.2002,0.9692
1826971.08,58244.58,5,2,1,1,0,0.968,2,1,0.2687,9.41,0.0,0.71,0.9496,0.3857,0.9866,0.8895
740489.14,6036.47,3,2,2,1,0,0.684,0,0,0.1367,44.98,0.0,0.63,0.6136,0.4371,0.4569,0.7376
1914186.5,60822.06,6,1,1,1,0,0.918,11,0,0.1061,7.87,0.0,0.75,0.9695,0.4928,0.869,0.9004
598538.69,2401.43,1,1,1,1,0,0.959,16,0,0.0888,249.24,0.0,0.96,0.1849,0.17,0.1671,0.9733
1190677.07,86910.79,4,1,1,1,0,0.788,17,0,0.2511,5.14,0.0,0.66,0.8832,0.5941,0.911,0.8781
900857.31,10455.44,2,2,2,1,0,0.685,22,1,0.1917,47.39,0.0,0.79,0.656,0.5232,0.5632,0.7869
1242953.52,147357.33,6,1,1,1,0,0.9,21,0,0.2562,2.11,0.0,0.67,0.9168,0.3758,0.9707,0.88
315324.9,1616.55,2,1,1,1,0,0.981,13,0,0.0828,97.53,0.0,0.99,0.0535,0.1135,0.1434,0.9779
458830.28,87317.3,4,1,1,1,0,0.885,21,1,0.3307,1.97,0.0,0.7,0.9619,0.4713,0.9436,0.8876
986788.94,8143.14,3,1,2,1,0,0.716,1,0,0.2921,44.43,0.0,0.5,0.5842,0.4815,0.6774,0.7015
874617.09,17164.32,2,2,1,1,0,0.764,21,0,0.299,28.03,0.0,0.75,0.456,0.507,0.6126,0.776
399954.86,29386.42,6,2,1,1,0,0.968,1,1,0.1516,3.4,0.0,0.68,0.99,0.5391,0.9888,0.8822
327673.2,5941.08,1,1,1,1,1,0.935,9,0,0.1139,55.15,0.0,0.98,0.0645,0.1186,0.1716,0.9766
920404.37,12933.94,3,1,2,1,0,0.837,12,0,0.1933,26.09,0.0,0.51,0.6357,0.4451,0.5148,0.7042
1319083.11,16730.36,4,4,1,1,1,0.683,15,0,0.3208,23.65,0.0,0.58,0.8066,0.9585,0.3156,0.83
797069.39,10169.64,4,5,1,1,2,0.613,19,0,0.3628,23.51,0.0,0.53,0.8877,0.8825,0.2763,0.8177
728747.31,4765.37,1,1,1,1,1,0.986,11,0,0.1526,152.93,0.0,0.96,0.0994,0.1386,0.1597,0.972
1442444.08,161641.71,3,1,1,1,0,0.791,22,0,0.3058,4.46,0.0,0.93,0.9393,0.5991,0.857,0.9423
542224.98,1957.15,1,1,1,1,1,0.951,16,0,0.0761,277.05,0.0,0.91,0.1995,0.1862,0.1503,0.9645
1101751.0,64572.88,5,1,1,1,0,0.885,19,0,0.1979,5.12,0.0,0.77,0.8741,0.4606,0.8915,0.905
558804.43,1563.28,2,1,1,1,1,0.912,9,0,0.0641,178.73,0.0,0.89,0.226,0.2548,0.1877,0.9595
527803.2,24224.33,6,1,1,1,0,0.892,14,1,0.3093,5.45,0.0,0.61,0.983,0.3728,0.99,0.8666
1168737.34,68648.64,2,4,2,1,2,0.529,21,0,0.2761,10.21,0.0,0.57,0.9037,0.9054,0.1401,0.8285
1307594.57,271755.32,4,2,1,1,0,0.76,21,1,0.2178,1.8,0.0,0.7,0.9303,0.4345,0.8383,0.8873
93124.89,1389.97,3,1,2,1,0,0.671,7,0,0.1147,24.57,0.0,0.76,0.5718,0.5826,0.667,0.7774
426481.79,5303.4,2,2,1,1,0,0.677,3,0,0.103,44.23,0.0,0.73,0.5467,0.4774,0.4727,0.7688
2430096.82,154257.09,5,1,1,1,0,0.97,20,1,0.1564,4.73,0.0,0.7,0.9331,0.4212,0.8577,0.8875
1205843.35,228706.89,4,1,1,1,0,0.918,8,0,0.2054,1.98,0.0,0.63,0.9247,0.4484,0.9122,0.8709
968902.07,11628.43,4,3,2,1,2,0.441,21,0,0.2437,25.0,0.0,0.89,0.9129,0.8703,0.1246,0.9107
1729020.34,56573.27,6,2,1,1,0,0.876,4,1,0.1247,7.64,0.0,0.65,0.99,0.4897,0.9697,0.8766
125006.17,10599.27,4,1,1,1,0,0.847,21,1,0.2511,4.42,0.0,0.85,0.9542,0.3867,0.938,0.9231
64194.09,16641.61,3,2,1,1,0,0.948,22,1,0.3094,1.93,0.0,0.64,0.99,0.491,0.9156,0.8739
1862095.38,86541.21,4,1,1,1,0,0.727,13,0,0.3227,8.07,0.0,0.86,0.9749,0.5402,0.8507,0.9256
700460.97,35127.66,2,4,2,2,1,0.394,11,0,0.1859,11.96,0.0,0.51,0.8382,0.9356,0.128,0.8127
813491.06,14354.26,4,4,3,1,2,0.584,6,0,0.2695,17.0,0.0,0.86,0.8871,0.9616,0.1569,0.9028
1534109.43,186255.72,5,2,1,1,0,0.798,14,1,0.3037,2.47,0.0,0.92,0.9506,0.547,0.8083,0.9412
1628467.49,278315.94,6,1,1,1,0,0.835,1,1,0.1279,1.46,0.0,0.86,0.9071,0.3981,0.8515,0.9263
1671688.76,125874.56,5,2,1,1,0,0.79,14,0,0.3,3.98,0.0,0.94,0.9713,0.4864,0.8603,0.9454
511980.77,7604.14,3,4,1,1,1,0.467,10,0,0.2625,26.93,0.0,0.69,0.76,0.9801,0.3148,0.8585
1924129.0,175577.18,6,2,1,1,0,0.845,6,0,0.1679,2.74,0.0,0.92,0.8947,0.5769,0.8775,0.9402
217072.09,2622.89,3,5,3,2,1,0.603,6,0,0.2409,33.1,0.0,0.81,0.763,0.9413,0.2367,0.8911
1901262.59,68397.01,6,2,1,1,0,0.842,15,0,0.33,6.95,0.0,0.89,0.9647,0.5758,0.8969,0.9342
583239.18,4455.71,3,1,1,1,0,0.77,21,1,0.111,48.0,0.0,0.78,0.4898,0.5056,0.5368,0.7835
180331.27,658.06,1,1,1,1,0,0.979,17,0,0.0601,274.03,0.0,0.92,0.1753,0.1867,0.2212,0.9657
1434408.12,48513.83,2,2,1,2,1,0.367,8,0,0.2998,17.74,0.0,0.85,0.7513,0.9587,0.2201,0.9011
1477021.46,46757.06,5,2,1,1,0,0.846,14,0,0.2373,9.48,0.0,0.86,0.9562,0.4788,0.9753,0.9259
134033.21,930.41,1,1,1,1,1,0.997,14,0,0.1772,144.06,0.0,0.77,0.0519,0.2183,0.0563,0.9394
928747.75,36670.99,3,5,2,1,1,0.537,9,0,0.1829,10.13,0.0,0.78,0.8707,0.8619,0.2798,0.8818
1657698.81,164963.89,6,2,1,1,0,0.752,3,1,0.2377,2.51,0.0,0.91,0.946,0.4592,0.8645,0.9373
1986194.17,281220.6,4,1,1,1,0,0.772,11,0,0.2355,2.65,0.0,0.88,0.9652,0.3898,0.9212,0.9313
641132.15,13058.39,4,5,3,2,1,0.576,15,0,0.3404,14.73,0.0,0.54,0.8533,0.9459,0.224,0.8195
2388732.98,373998.47,5,2,1,1,0,0.877,12,1,0.2884,1.92,0.0,0.82,0.917,0.5718,0.8722,0.9161
788672.85,44819.21,3,1,1,1,0,0.793,17,0,0.1954,8.8,0.0,0.95,0.8709,0.5577,0.9108,0.9469
2364980.97,192155.85,5,2,1,1,0,0.84,2,1,0.1142,3.69,0.0,0.92,0.933,0.3534,0.9107,0.941
2259169.59,260812.95,4,1,1,1,0,0.921,17,1,0.2243,3.25,0.0,0.95,0.9571,0.5477,0.8915,0.9469
694465.74,16824.35,2,2,2,1,0,0.589,16,0,0.2043,22.7,0.0,0.74,0.4759,0.4387,0.6203,0.7723
913787.92,30401.53,5,2,1,1,0,0.701,13,0,0.152,9.02,0.0,0.68,0.8709,0.5405,0.8001,0.8838
153134.97,1823.01,3,3,2,1,2,0.69,13,0,0.2119,33.6,0.0,0.81,0.8131,0.9574,0.2532,0.8896
560517.05,9597.83,3,2,1,1,0,0.578,2,0,0.2182,21.41,0.0,0.6,0.6177,0.6745,0.569,0.729
284298.62,1539.49,1,1,1,1,1,0.904,16,0,0.1245,184.67,0.0,0.71,0.0872,0.2433,0.119,0.9283
534067.62,2176.91,1,1,1,1,0,0.981,12,0,0.0951,245.33,0.0,0.86,0.1785,0.0804,0.1841,0.9543
75236.95,184.54,2,1,1,1,1,0.929,14,0,0.0945,203.85,0.0,0.74,0.0533,0.2264,0.1757,0.9326
175443.44,3585.4,3,4,3,1,1,0.652,7,0,0.3502,19.57,0.0,0.6,0.7893,0.893,0.347,0.8369
1780794.52,211616.66,6,1,1,1,0,0.867,1,1,0.2853,2.1,0.0,0.87,0.9444,0.5585,0.8461,0.9278
1492055.74,35716.67,3,5,1,1,2,0.546,6,0,0.15,16.71,0.0,0.84,0.788,0.9856,0.3282,0.898
1609021.79,40868.99,6,1,1,1,0,0.945,15,0,0.2301,9.84,0.0,0.86,0.9146,0.3721,0.9559,0.9259
289359.29,18806.3,3,2,1,1,0,0.876,11,0,0.2518,7.69,0.0,0.84,0.9565,0.4769,0.849,0.9205
1814495.09,192017.99,6,1,1,1,0,0.84,11,0,0.1201,2.36,0.0,0.61,0.8643,0.3511,0.8856,0.8663
320336.11,28839.65,5,2,1,1,0,0.952,18,0,0.1948,3.33,0.0,0.83,0.9328,0.3635,0.9879,0.9182
2234238.98,748177.86,3,1,1,1,0,0.814,3,1,0.2933,1.49,0.0,0.74,0.9054,0.4093,0.9444,0.8985
783757.99,12960.72,1,1,1,1,1,0.904,17,0,0.1732,60.47,0.0,0.76,0.1651,0.1693,0.1152,0.9367
765930.54,20578.52,2,5,3,2,2,0.544,21,0,0.3322,22.33,0.0,0.67,0.8771,0.9652,0.1949,0.8535
353172.99,1483.32,1,1,1,1,0,0.994,10,0,0.1705,238.1,0.0,0.73,0.2337,0.2161,0.2354,0.9309
398854.17,4675.14,3,2,2,1,0,0.703,11,1,0.1169,31.28,0.0,0.77,0.6003,0.4073,0.5717,0.7817
431213.34,1717.4,2,1,1,1,1,0.987,15,0,0.1989,125.54,0.0,0.86,0.1708,0.2693,0.1299,0.9546
584151.11,28009.36,3,5,2,1,2,0.373,10,0,0.3074,8.34,0.0,0.78,0.8629,0.9274,0.1505,0.8829
747329.02,4865.77,1,1,1,1,0,0.949,17,0,0.0689,153.59,0.0,0.81,0.2456,0.2251,0.1689,0.9451
612195.24,6676.19,4,2,2,1,1,0.699,11,0,0.2619,27.51,0.0,0.51,0.8436,0.9096,0.1774,0.8124
445296.91,3726.85,3,1,2,1,0,0.614,18,0,0.2713,43.81,0.0,0.48,0.6019,0.4105,0.5087,0.6931
134561.75,3735.09,3,4,1,2,1,0.435,15,0,0.3326,14.41,0.0,0.61,0.8023,0.9409,0.2905,0.8383
1066899.06,12963.0,4,4,2,1,2,0.454,12,0,0.2193,24.69,0.0,0.74,0.8745,0.9524,0.1249,0.8711
930218.17,18791.84,2,2,2,1,0,0.766,21,0,0.1068,27.23,0.0,0.52,0.4595,0.4396,0.5981,0.705
379733.35,2362.32,2,1,1,1,0,0.932,17,0,0.1047,80.37,0.0,0.8,0.0907,0.199,0.2119,0.9448
195420.4,2350.05,3,4,1,1,2,0.662,20,0,0.3344,33.26,0.0,0.73,0.8635,0.9293,0.1539,0.8689
399212.42,1940.3,2,1,1,1,0,0.914,12,0,0.0845,102.87,0.0,0.86,0.1319,0.229,0.1667,0.9557
850488.34,112698.71,3,2,1,1,0,0.893,1,1,0.2808,3.77,0.0,0.76,0.99,0.5256,0.9883,0.9015
693135.32,27133.96,3,4,1,1,1,0.566,16,0,0.3816,10.22,0.0,0.9,0.7778,0.9574,0.2534,0.9133
1466978.59,19796.69,4,2,3,2,1,0.521,14,0,0.2123,22.23,0.0,0.68,0.7861,0.9251,0.2857,0.8568
1925180.29,219678.32,5,1,1,1,0,0.861,1,1,0.2044,2.63,0.0,0.62,0.9802,0.4777,0.8866,0.8696
343407.62,27374.68,4,1,1,1,0,0.834,13,0,0.3125,4.7,0.0,0.6,0.9608,0.3954,0.8767,0.8641
2207597.97,73681.79,5,1,1,1,0,0.823,22,0,0.1795,8.99,0.0,0.71,0.9354,0.4622,0.9622,0.8908
592938.56,36060.87,6,1,1,1,0,0.755,9,0,0.2528,4.11,0.0,0.63,0.9128,0.514,0.9634,0.8702
1706891.64,109236.22,4,1,1,1,0,0.749,10,0,0.275,5.86,0.0,0.95,0.9573,0.4884,0.8145,0.9469
261742.97,40455.49,4,2,1,1,0,0.809,11,0,0.1419,2.43,0.0,0.89,0.8857,0.3612,0.9069,0.9344
818742.99,22364.36,2,2,1,1,0,0.565,0,0,0.1924,20.14,0.0,0.57,0.6372,0.5501,0.5332,0.7206
350280.59,22971.67,5,2,1,1,0,0.909,0,1,0.2857,4.57,0.0,0.9,0.9034,0.35,0.8425,0.9362
772589.05,8601.98,3,2,2,1,0,0.8,6,1,0.266,32.93,0.0,0.56,0.5323,0.6067,0.4273,0.7171
462860.55,15281.92,2,1,2,1,0,0.849,20,1,0.2973,16.66,0.0,0.61,0.5903,0.5552,0.556,0.7331
267409.88,4642.32,3,1,1,1,0,0.679,13,0,0.1948,21.12,0.0,0.63,0.6334,0.657,0.4324,0.7403
1134161.62,52335.13,2,4,2,2,2,0.653,13,0,0.2899,13.0,0.0,0.85,0.9148,0.9896,0.2772,0.9004
2193013.16,197278.18,4,1,1,1,0,0.961,18,1,0.1057,4.17,0.0,0.88,0.99,0.5849,0.9721,0.9322
435333.38,34408.83,2,3,3,2,1,0.545,10,0,0.2233,7.59,0.0,0.72,0.9029,0.8984,0.3422,0.8678
173839.8,6161.06,2,5,1,2,2,0.651,18,0,0.3711,16.93,0.0,0.74,0.824,0.8952,0.2541,0.8713
604597.66,14771.09,2,4,3,1,2,0.461,18,0,0.3429,24.56,0.0,0.9,0.8305,0.9099,0.2471,0.9137
2429644.29,144373.26,3,1,1,1,0,0.965,3,1,0.2548,8.41,0.0,0.64,0.9009,0.4754,0.8384,0.8733
930252.52,7941.97,3,2,2,1,0,0.81,6,0,0.2353,42.95,0.0,0.71,0.4999,0.4718,0.5089,0.7632
922124.6,24801.8,4,4,1,1,1,0.603,20,0,0.1993,11.15,0.0,0.57,0.8574,0.8689,0.3235,0.8271
1514878.86,166535.27,3,1,1,1,0,0.807,3,1,0.2467,4.55,0.0,0.94,0.99,0.4122,0.8474,0.9463
644474.35,9072.19,4,3,1,1,2,0.394,14,0,0.3611,21.31,0.0,0.62,0.8818,0.8701,0.2661,0.8417
727976.07,30326.79,5,2,1,1,0,0.966,0,1,0.3478,7.2,0.0,0.67,0.9423,0.5712,0.99,0.881
1870627.85,412435.11,3,2,1,1,0,0.735,3,1,0.2754,2.27,0.0,0.73,0.9699,0.4923,0.8501,0.8958
126803.09,3772.32,2,3,2,1,1,0.608,17,0,0.2474,20.17,0.0,0.78,0.8782,0.8867,0.3179,0.8837
49130.62,2047.93,2,4,2,2,2,0.519,8,0,0.2206,14.39,0.0,0.64,0.8934,0.9847,0.124,0.8458
2168785.31,426248.07,6,1,1,1,0,0.777,15,0,0.1022,1.27,0.0,0.71,0.9499,0.4753,0.9341,0.891
685387.25,1983.69,2,1,1,1,0,0.955,17,0,0.0883,172.76,0.0,0.85,0.1603,0.2199,0.1161,0.9527
1778713.84,114917.57,6,2,1,1,0,0.963,21,0,0.1867,3.87,0.0,0.79,0.9426,0.36,0.9144,0.9106
471511.59,9222.99,2,2,2,1,0,0.818,5,0,0.1358,28.12,0.0,0.72,0.5188,0.6655,0.6468,0.7651
579110.97,1208.09,2,1,1,1,0,0.994,17,0,0.1935,239.68,0.0,0.98,0.1424,0.1057,0.0842,0.976
1717234.52,82577.56,4,1,1,1,0,0.728,23,1,0.299,7.8,0.0,0.9,0.9186,0.3739,0.9442,0.9354
257836.77,3638.99,3,4,2,1,1,0.618,16,0,0.3131,28.34,0.0,0.57,0.8888,0.9576,0.249,0.8285
2471138.58,266766.9,3,1,1,1,0,0.979,11,0,0.2047,4.63,0.0,0.63,0.9704,0.5609,0.8827,0.8721
612556.25,3086.6,1,1,1,1,0,0.926,15,0,0.1717,198.46,0.0,0.82,0.1003,0.1913,0.1078,0.947
1748236.02,110802.14,5,1,1,1,0,0.777,11,0,0.1048,4.73,0.0,0.76,0.9358,0.4779,0.9471,0.903
707010.59,13210.09,3,5,1,2,2,0.693,6,0,0.2926,21.41,0.0,0.87,0.78,0.9077,0.1484,0.906
1011985.82,19046.02,2,3,2,2,2,0.422,7,0,0.2055,31.88,0.0,0.55,0.91,0.968,0.2959,0.8226
2028446.57,101213.85,5,1,1,1,0,0.974,1,1,0.3063,6.01,0.0,0.82,0.9073,0.5044,0.969,0.9176
1498741.45,28355.06,4,4,3,1,1,0.568,11,0,0.153,15.86,0.0,0.81,0.8781,0.9334,0.1679,0.8905
490823.3,6882.94,2,1,1,1,0,0.66,20,0,0.172,39.22,0.0,0.66,0.684,0.4975,0.5196,0.7488
429166.84,4020.98,1,1,1,1,0,0.989,9,0,0.1176,106.73,0.0,0.91,0.1803,0.1487,0.1493,0.9646
1378384.2,34244.68,4,5,3,2,1,0.616,15,0,0.3241,12.08,0.0,0.68,0.7746,0.8698,0.2306,0.8579
663740.33,112349.31,5,1,1,1,0,0.746,18,1,0.2486,1.77,0.0,0.69,0.8967,0.452,0.9441,0.8848
1874835.39,47631.11,6,1,1,1,0,0.8,16,0,0.1391,9.84,0.0,0.66,0.8582,0.5732,0.8215,0.8787
947976.92,37439.68,3,3,1,2,2,0.682,16,0,0.2882,10.13,0.0,0.72,0.7786,0.8848,0.3166,0.8683
162066.59,13938.36,5,2,1,1,0,0.702,4,1,0.1197,3.49,0.0,0.83,0.9773,0.3923,0.9014,0.9193
730017.77,21008.24,2,3,3,1,1,0.485,11,0,0.2849,20.85,0.0,0.87,0.8289,0.9677,0.1633,0.9051
2373678.3,129798.95,4,2,1,1,0,0.772,9,0,0.1926,6.86,0.0,0.68,0.9388,0.5007,0.8368,0.8843
476842.74,2991.94,3,2,2,1,0,0.515,23,1,0.1989,58.44,0.0,0.77,0.4755,0.5872,0.668,0.7798
382434.61,30729.47,6,1,1,1,0,0.877,8,1,0.1099,3.11,0.0,0.76,0.9001,0.429,0.9697,0.9014
796502.43,1891.52,2,1,1,1,1,0.981,9,0,0.1076,210.55,0.0,0.99,0.1458,0.2522,0.2276,0.9789
1802496.76,81726.49,6,2,1,1,0,0.945,18,0,0.2456,5.51,0.0,0.73,0.9277,0.536,0.8856,0.8958
1197439.94,69608.6,3,3,2,1,2,0.557,17,0,0.1542,6.88,0.0,0.63,0.7647,0.9797,0.3216,0.8444
654164.25,4447.93,3,2,2,1,0,0.732,14,0,0.2467,53.93,0.0,0.76,0.6822,0.5247,0.4992,0.7773
162272.64,1969.77,4,5,2,2,1,0.497,7,0,0.3666,24.71,0.0,0.86,0.7631,0.8771,0.18,0.9036
154858.09,308.25,2,1,1,1,1,0.961,13,0,0.1652,251.19,0.0,0.94,0.1655,0.2592,0.2435,0.9696
353433.33,8794.06,3,2,2,2,2,0.366,21,0,0.2035,16.08,0.0,0.74,0.8035,0.971,0.2844,0.8712
167749.09,1124.36,1,1,1,1,1,0.939,13,0,0.1696,149.2,0.0,0.74,0.1968,0.2218,0.2492,0.9336
111709.09,1369.67,1,1,1,1,1,0.992,16,0,0.1814,81.56,0.0,0.98,0.134,0.1411,0.1059,0.9763
691968.67,20062.58,2,1,2,1,0,0.83,12,1,0.1764,18.97,0.0,0.53,0.6782,0.4133,0.5543,0.7076
240433.21,5351.8,2,4,3,2,2,0.624,19,0,0.1767,26.96,0.0,0.88,0.7916,0.8722,0.297,0.9078
1269407.36,14599.68,3,3,2,1,2,0.555,12,0,0.3782,34.78,0.0,0.68,0.7774,0.964,0.202,0.8565
677815.34,44040.7,3,1,1,1,0,0.866,12,0,0.2138,7.7,0.0,0.65,0.9258,0.5802,0.8312,0.8752
635956.28,10110.31,1,1,1,1,1,0.917,11,0,0.0628,62.9,0.0,0.92,0.1392,0.225,0.1222,0.9654
1810207.65,101216.61,5,1,1,1,0,0.959,1,1,0.2507,5.37,0.0,0.66,0.9815,0.5558,0.8862,0.8795
457838.71,8943.68,2,4,2,1,1,0.492,16,0,0.2294,30.71,0.0,0.61,0.9096,0.9586,0.2005,0.8391
568461.75,33777.08,5,2,1,1,0,0.836,13,0,0.2545,5.05,0.0,0.63,0.9599,0.3767,0.9223,0.8714
191032.85,731.62,1,1,1,1,0,0.932,17,0,0.1788,261.11,0.0,0.91,0.111,0.158,0.1879,0.9643
1263025.56,47759.71,4,2,1,1,0,0.902,9,0,0.205,9.92,0.0,0.82,0.862,0.5394,0.9219,0.9169
648351.0,7708.6,2,1,2,1,0,0.821,21,0,0.1739,46.26,0.0,0.79,0.6851,0.6668,0.4819,0.7862
756851.89,1564.29,2,1,1,1,1,0.982,17,0,0.1973,241.92,0.0,0.94,0.1068,0.2442,0.1251,0.9697
1199689.3,72404.98,2,4,3,1,2,0.567,21,0,0.3497,9.94,0.0,0.87,0.8895,0.8639,0.2004,0.9073
586952.65,43249.63,6,2,1,1,0,0.934,14,0,0.2266,3.39,0.0,0.82,0.8583,0.3581,0.9014,0.9157
1909031.44,132753.47,3,2,1,1,0,0.713,1,1,0.1823,7.19,0.0,0.9,0.9551,0.3648,0.833,0.9358
1931577.89,123882.57,4,1,1,1,0,0.883,3,1,0.3206,5.85,0.0,0.66,0.9777,0.4528,0.99,0.8785
1051546.95,77638.35,3,1,1,1,0,0.785,23,1,0.1868,6.77,0.0,0.88,0.99,0.3975,0.8597,0.9317
967177.91,34258.45,5,1,1,1,0,0.71,1,1,0.2944,8.47,0.0,0.72,0.99,0.5043,0.8742,0.8918
699270.65,10612.99,4,2,2,1,1,0.361,15,0,0.3413,19.77,0.0,0.87,0.8253,0.9058,0.2329,0.9071
980582.91,9399.22,2,2,1,1,0,0.669,7,0,0.1063,57.38,0.0,0.46,0.5493,0.5021,0.4981,0.6893
1884941.5,86849.21,6,1,1,1,0,0.803,22,0,0.1394,5.43,0.0,0.84,0.9689,0.3857,0.8425,0.9211
143807.14,3734.57,2,1,2,1,0,0.627,21,1,0.2136,21.18,0.0,0.43,0.6258,0.5504,0.5803,0.6787
177938.85,2621.23,2,1,1,1,0,0.668,22,0,0.2713,37.34,0.0,0.75,0.5905,0.4912,0.5683,0.7755
729522.41,147803.81,6,1,1,1,0,0.865,22,1,0.1828,1.23,0.0,0.6,0.99,0.5922,0.8889,0.8646
763958.71,43425.31,3,1,1,1,0,0.808,23,1,0.1441,8.8,0.0,0.68,0.9205,0.47,0.8843,0.8839
532598.57,9172.98,3,2,3,2,2,0.471,13,0,0.1755,23.22,0.0,0.64,0.8597,0.9275,0.1759,0.8459
113869.78,947.37,1,1,1,1,1,0.92,10,0,0.1365,120.2,0.0,0.83,0.1283,0.1167,0.1624,0.949
461310.97,6161.38,1,1,1,1,1,0.901,14,0,0.0979,74.87,0.0,0.81,0.1102,0.2506,0.116,0.9451
795557.69,2876.64,2,1,1,1,0,0.971,17,0,0.1972,138.28,0.0,1.0,0.1491,0.1166,0.1594,0.9792
2325635.56,141392.72,6,2,1,1,0,0.705,3,1,0.144,4.11,0.0,0.88,0.99,0.3706,0.8263,0.9323
1297019.34,82077.72,3,1,1,1,0,0.878,1,1,0.225,7.9,0.0,0.91,0.9593,0.4612,0.913,0.9376
24461.11,54.09,2,1,1,1,1,0.989,14,0,0.1738,226.1,0.0,0.85,0.1067,0.2041,0.2414,0.953
953688.69,22119.99,2,3,2,2,1,0.606,6,0,0.2032,25.87,0.0,0.68,0.779,0.8889,0.1685,0.8571
379782.33,12523.7,5,1,1,1,0,0.817,1,1,0.3241,9.1,0.0,0.89,0.99,0.4528,0.8541,0.9343
1533726.68,656083.57,3,1,1,1,0,0.781,19,0,0.2936,1.17,0.0,0.7,0.9125,0.5822,0.9279,0.8872
69978.76,4171.49,3,1,1,1,0,0.902,14,1,0.2933,8.39,0.0,0.91,0.9343,0.4189,0.8558,0.9388
201524.33,6970.9,2,1,1,1,0,0.775,20,1,0.2126,15.9,0.0,0.8,0.4672,0.6428,0.5398,0.7893
213202.47,8425.74,2,4,3,2,1,0.402,20,0,0.2554,15.18,0.0,0.8,0.8572,0.9663,0.2996,0.888
1419910.14,27346.19,4,3,2,1,2,0.644,19,0,0.3475,15.58,0.0,0.83,0.8606,0.9618,0.2286,0.8945
1322420.29,33619.4,2,3,2,1,1,0.361,11,0,0.235,23.6,0.0,0.75,0.8665,0.8778,0.3093,0.8755
508694.71,13268.16,4,5,1,2,1,0.612,9,0,0.2538,11.5,0.0,0.67,0.9048,0.93,0.2014,0.8534
499539.79,2175.03,1,1,1,1,1,0.94,12,0,0.1914,229.67,0.0,0.75,0.0907,0.2094,0.1948,0.9359
306309.27,1244.13,1,1,1,1,1,0.944,16,0,0.1369,246.2,0.0,0.85,0.2341,0.1036,0.2482,0.953
345964.82,2962.16,3,2,1,1,0,0.835,13,0,0.2141,42.82,0.0,0.7,0.6021,0.4437,0.4681,0.7589
583435.96,71453.17,4,1,1,1,0,0.717,5,0,0.2534,3.06,0.0,0.79,0.87,0.4218,0.8503,0.9104
1188038.23,16732.82,3,5,3,1,1,0.433,13,0,0.2211,28.4,0.0,0.58,0.8447,0.983,0.1619,0.8317
325675.99,9418.2,3,2,3,1,2,0.443,20,0,0.2465,13.83,0.0,0.5,0.8726,0.9272,0.2981,0.8109
543119.13,11861.11,2,5,1,2,2,0.588,16,0,0.3568,27.47,0.0,0.82,0.8287,0.9122,0.2817,0.892
957138.28,16653.5,3,4,3,2,2,0.697,12,0,0.2665,22.99,0.0,0.86,0.8204,0.9164,0.2752,0.9042
2185517.04,100641.97,4,2,1,1,0,0.776,18,0,0.2173,8.14,0.0,0.8,0.851,0.3669,0.8894,0.9121
1386575.33,48401.43,5,2,1,1,0,0.966,4,1,0.3465,8.59,0.0,0.85,0.99,0.5104,0.9676,0.9233
1722368.99,116213.93,3,2,1,1,0,0.752,8,0,0.1132,7.41,0.0,0.74,0.9699,0.4376,0.9302,0.8967
153043.16,1830.63,3,2,2,1,0,0.802,12,0,0.2073,30.65,0.0,0.65,0.6568,0.4709,0.4371,0.7451
1268653.26,69900.15,3,2,1,1,0,0.757,23,1,0.1524,9.07,0.0,0.69,0.9365,0.5136,0.939,0.8853
221069.89,6875.62,3,2,3,2,2,0.434,21,0,0.3594,12.86,0.0,0.81,0.8736,0.9766,0.2932,0.8905
562903.12,17436.37,2,2,1,1,1,0.415,8,0,0.3708,19.37,0.0,0.71,0.817,0.8695,0.1646,0.8649
203590.41,6905.92,5,2,1,1,0,0.853,23,1,0.1336,8.84,0.0,0.73,0.99,0.4243,0.8648,0.8954
1578827.43,62352.02,6,2,1,1,0,0.846,3,1,0.2265,6.33,0.0,0.72,0.99,0.5985,0.8574,0.8927
587340.14,26846.63,4,1,1,1,0,0.927,17,0,0.1821,8.2,0.0,0.79,0.8862,0.3783,0.9084,0.9093
1913857.83,419309.51,6,2,1,1,0,0.909,7,0,0.2104,1.14,0.0,0.66,0.9294,0.5464,0.9433,0.8777
392345.12,19873.65,3,1,1,1,0,0.706,4,1,0.1322,9.87,0.0,0.91,0.8975,0.3733,0.9389,0.9379
602797.43,18740.05,2,2,3,2,1,0.7,8,0,0.2803,19.3,0.0,0.5,0.8229,0.8726,0.1468,0.8107
984349.64,43920.32,4,1,1,1,0,0.787,7,0,0.1372,8.4,0.0,0.91,0.9056,0.579,0.939,0.9395
236597.13,2106.11,2,1,1,1,1,0.942,13,0,0.1997,56.17,0.0,0.73,0.0539,0.1258,0.1435,0.931
1460890.24,41919.41,4,5,3,2,1,0.445,9,0,0.3303,10.45,0.0,0.69,0.8017,0.9397,0.2483,0.8601
1128824.79,10178.81,4,2,2,2,2,0.492,9,0,0.1758,33.27,0.0,0.56,0.8618,0.8629,0.1243,0.8266
142546.46,599.7,2,1,1,1,1,0.987,17,0,0.0646,118.85,0.0,0.88,0.1886,0.2083,0.158,0.9576
131407.85,3534.07,3,2,3,2,1,0.455,20,0,0.2111,14.87,0.0,0.87,0.8348,0.9872,0.2889,0.9059
317214.22,1828.51,1,1,1,1,1,0.941,9,0,0.1819,173.48,0.0,0.89,0.1393,0.1024,0.2078,0.9593
1829596.36,68640.06,5,2,1,1,0,0.872,9,0,0.1798,8.0,0.0,0.68,0.8791,0.4646,0.8444,0.8827
704933.4,6323.01,3,1,1,1,0,0.83,5,1,0.2224,40.88,0.0,0.73,0.6292,0.5973,0.4643,0.7685
1331951.25,82202.81,3,2,1,1,0,0.825,3,1,0.1631,8.1,0.0,0.82,0.99,0.4848,0.8318,0.9175
652730.12,4475.88,1,1,1,1,1,0.952,14,0,0.1848,145.83,0.0,0.75,0.1766,0.1649,0.0675,0.9356
66206.3,604.79,2,1,1,1,0,0.957,11,0,0.0696,54.73,0.0,0.76,0.1847,0.1431,0.1453,0.9366
119006.71,609.39,1,1,1,1,1,0.906,11,0,0.0589,195.29,0.0,0.81,0.1794,0.0831,0.0987,0.9456
291031.89,530.84,2,1,1,1,1,0.925,14,0,0.1292,274.13,0.0,0.88,0.158,0.2435,0.0983,0.9584
1345171.36,51719.35,4,4,3,2,1,0.679,18,0,0.3891,7.8,0.0,0.73,0.8859,0.9556,0.3191,0.8698
51647.06,578.65,3,2,1,1,0,0.819,10,1,0.2536,32.73,0.0,0.6,0.5783,0.5221,0.4906,0.7298
233283.03,1839.74,3,1,1,1,0,0.596,21,1,0.1257,46.49,0.0,0.7,0.4957,0.5397,0.4775,0.7587
355814.45,26351.13,6,2,1,1,0,0.802,16,1,0.1266,3.38,0.0,0.69,0.99,0.3629,0.9422,0.8868
629108.68,6777.29,2,2,2,1,0,0.647,23,0,0.1499,51.05,0.0,0.48,0.5964,0.6225,0.6652,0.6931
575026.03,7585.81,3,3,2,1,2,0.362,15,0,0.2611,30.32,0.0,0.78,0.8358,0.8745,0.1582,0.8834
250576.41,4207.77,2,1,2,1,0,0.729,22,0,0.2939,32.75,0.0,0.45,0.5775,0.5579,0.4263,0.6844
1179633.13,15035.28,3,5,1,1,1,0.688,9,0,0.3373,31.38,0.0,0.78,0.8436,0.9336,0.1637,0.8823
256588.48,3017.96,1,1,1,1,1,0.97,12,0,0.0767,85.02,0.0,0.79,0.2587,0.1968,0.1303,0.9415
495305.94,3158.16,3,2,1,1,0,0.705,9,0,0.1319,57.51,0.0,0.79,0.5149,0.5949,0.6037,0.7878
349695.98,4553.03,1,1,1,1,0,0.919,16,0,0.1451,76.81,0.0,0.82,0.2442,0.1599,0.1115,0.948
162212.67,2393.36,3,2,2,1,0,0.768,4,0,0.1094,24.85,0.0,0.65,0.5632,0.5793,0.4995,0.7444
292463.29,2708.21,3,1,1,1,0,0.515,19,0,0.2109,39.6,0.0,0.53,0.6109,0.581,0.473,0.7084
220697.99,798.59,2,1,1,1,0,0.972,13,0,0.0964,138.18,0.0,0.89,0.071,0.107,0.1521,0.9604
300827.52,6145.15,3,2,1,2,1,0.665,7,0,0.3736,19.58,0.0,0.69,0.8815,0.9782,0.1636,0.86
972053.25,27789.86,4,3,2,2,1,0.382,18,0,0.1529,10.49,0.0,0.65,0.764,0.9616,0.1969,0.8484
283639.4,1071.85,1,1,1,1,1,0.984,14,0,0.0626,264.62,0.0,0.81,0.1391,0.2721,0.1631,0.9461
1178455.28,40650.34,3,5,2,1,1,0.463,18,0,0.3622,11.6,0.0,0.66,0.8433,0.8999,0.2236,0.8528
1911722.68,82625.17,6,2,1,1,0,0.71,19,0,0.2634,5.78,0.0,0.63,0.925,0.5286,0.87,0.8719
177471.08,1526.55,3,2,1,1,0,0.696,9,1,0.2387,42.63,0.0,0.71,0.6845,0.5603,0.5997,0.7639
1182666.38,18619.33,3,2,3,2,2,0.49,18,0,0.3436,25.41,0.0,0.55,0.9135,0.8706,0.2857,0.8238
1852441.46,56150.21,6,2,1,1,0,0.721,1,1,0.16,8.25,0.0,0.64,0.9798,0.4908,0.8557,0.8747
58977.53,106.86,2,1,1,1,0,0.919,11,0,0.1922,275.95,0.0,0.9,0.1875,0.0813,0.1525,0.9617
526755.09,3320.97,2,1,1,1,1,0.996,11,0,0.0811,79.31,0.0,0.8,0.0633,0.2547,0.2359,0.9443
1152393.85,27205.93,3,4,2,2,1,0.378,14,0,0.3737,16.94,0.0,0.57,0.8001,0.9224,0.1824,0.8285
121261.02,5044.83,4,1,1,1,0,0.794,12,0,0.2345,9.01,0.0,0.82,0.9083,0.401,0.8225,0.9165
859087.55,12926.23,3,2,1,1,1,0.496,20,0,0.3355,26.58,0.0,0.64,0.7547,0.9261,0.2433,0.8458
188257.15,4347.18,2,4,1,2,1,0.405,8,0,0.2255,25.98,0.0,0.58,0.8068,0.9161,0.3088,0.8317
1816070.41,160614.62,6,1,1,1,0,0.707,18,1,0.2731,2.83,0.0,0.73,0.9898,0.5746,0.8812,0.8963
2208249.16,180077.39,6,1,1,1,0,0.786,17,1,0.1617,3.07,0.0,0.85,0.8934,0.5459,0.9276,0.9249
350374.5,21980.61,4,2,1,1,0,0.919,10,1,0.1571,5.98,0.0,0.73,0.8903,0.4228,0.8591,0.8961
258333.7,3269.61,3,4,3,1,2,0.67,8,0,0.3864,31.6,0.0,0.51,0.9048,0.9095,0.1691,0.8133
1940784.91,100994.95,3,2,1,1,0,0.763,16,0,0.3137,9.61,0.0,0.92,0.958,0.5344,0.8547,0.9405
1375661.81,57782.48,2,3,3,1,2,0.544,13,0,0.29,14.28,0.0,0.61,0.7771,0.962,0.3481,0.8391
235691.11,19824.34,3,1,1,1,0,0.76,22,1,0.1537,5.94,0.0,0.95,0.9327,0.4287,0.8719,0.9475
699873.27,1730.3,2,1,1,1,1,0.926,14,0,0.1446,202.24,0.0,0.92,0.1401,0.2706,0.1955,0.966
300423.95,33310.0,4,1,1,1,0,0.854,21,1,0.2019,3.38,0.0,0.75,0.9156,0.3524,0.8894,0.9002
1083230.65,37515.64,5,1,1,1,0,0.726,22,0,0.1283,8.66,0.0,0.88,0.9471,0.5386,0.8663,0.9302
411250.39,7150.24,2,5,3,1,1,0.626,14,0,0.1506,34.51,0.0,0.53,0.8391,0.9422,0.1414,0.8182
497528.08,1577.37,2,1,1,1,1,0.994,10,0,0.0775,157.71,0.0,0.75,0.0727,0.2277,0.2336,0.9358
201465.12,32279.35,3,1,1,1,0,0.866,6,1,0.1406,3.12,0.0,0.93,0.9333,0.5668,0.99,0.9421
809485.57,7148.63,3,1,1,1,0,0.844,23,0,0.1818,41.52,0.0,0.64,0.6002,0.461,0.6079,0.7414
1250389.32,103254.55,3,2,1,1,0,0.872,8,0,0.1327,6.05,0.0,0.66,0.8757,0.5435,0.906,0.8782
975392.89,23679.95,3,4,1,2,2,0.517,20,0,0.3128,16.48,0.0,0.5,0.7583,0.8971,0.3147,0.8103
362198.54,936.75,2,1,1,1,1,0.931,10,0,0.1352,193.33,0.0,0.85,0.1477,0.2672,0.1947,0.9521
1120576.92,46169.62,4,2,1,1,0,0.816,22,0,0.2407,9.1,0.0,0.79,0.9331,0.3574,0.9202,0.9106
432148.81,12695.24,6,1,1,1,0,0.809,6,1,0.3172,8.51,0.0,0.77,0.927,0.543,0.8315,0.9054
869565.7,11648.19,2,2,2,1,0,0.689,4,0,0.1677,41.06,0.0,0.41,0.6098,0.6763,0.618,0.6723
1035582.01,139109.24,3,2,1,1,0,0.793,4,1,0.2089,3.72,0.0,0.85,0.9166,0.4207,0.8756,0.9238
75057.16,389.65,1,1,1,1,1,0.926,15,0,0.1827,192.63,0.0,0.96,0.1729,0.2791,0.071,0.9729
1168307.37,24625.61,2,3,3,1,2,0.442,13,0,0.222,28.47,0.0,0.73,0.823,0.8851,0.3061,0.8701
2094899.22,81381.49,4,1,1,1,0,0.807,19,0,0.2646,9.65,0.0,0.93,0.8712,0.596,0.9027,0.9434
644851.53,6485.15,3,1,2,1,0,0.764,6,0,0.1033,36.46,0.0,0.79,0.6421,0.6635,0.6209,0.7861
304848.0,13399.42,4,5,1,2,2,0.571,19,0,0.305,6.83,0.0,0.74,0.7589,0.9228,0.3061,0.8712
410642.33,806.12,2,1,1,1,0,0.974,15,0,0.0662,254.7,0.0,0.99,0.058,0.1365,0.1597,0.9791
618532.51,159579.93,3,1,1,1,0,0.925,19,0,0.1457,1.94,0.0,0.69,0.8894,0.4116,0.91,0.886
264415.9,18378.89,5,2,1,1,0,0.801,9,1,0.32,4.32,0.0,0.8,0.99,0.5547,0.9007,0.912
204638.9,4879.24,3,4,2,2,2,0.557,9,0,0.2703,16.78,0.0,0.74,0.8018,0.963,0.2398,0.8724
435261.82,5126.01,3,5,3,2,1,0.53,15,0,0.1783,33.96,0.0,0.59,0.8171,0.9763,0.2481,0.8324
1879902.95,480396.49,3,2,1,1,0,0.868,23,1,0.1529,1.96,0.0,0.72,0.99,0.5935,0.883,0.8923
380912.75,6667.73,4,2,1,1,1,0.4,17,0,0.3072,17.14,0.0,0.51,0.8774,0.9871,0.2288,0.8135
2443595.29,78636.95,6,2,1,1,0,0.722,17,0,0.1663,7.77,0.0,0.65,0.899,0.479,0.8914,0.8759
51515.95,237.63,2,1,1,1,1,0.924,17,0,0.086,108.39,0.0,0.86,0.0742,0.1907,0.0578,0.9557
764782.96,1380.62,2,1,1,1,1,0.945,17,0,0.0783,276.97,0.0,0.94,0.0917,0.0811,0.1549,0.9694
1760684.88,105234.6,6,2,1,1,0,0.832,14,1,0.3414,4.18,0.0,0.77,0.9628,0.4462,0.99,0.9052
2043128.56,108046.93,3,2,1,1,0,0.966,6,0,0.2949,9.45,0.0,0.9,0.9392,0.5623,0.9542,0.9349
583560.6,17074.33,2,2,1,1,0,0.824,4,0,0.1175,18.8,0.0,0.6,0.6891,0.6293,0.5776,0.7288
1798900.12,106125.98,5,1,1,1,0,0.871,7,1,0.1265,5.09,0.0,0.64,0.9422,0.5442,0.9385,0.8729
49143.26,226.11,1,1,1,1,1,0.99,10,0,0.1137,217.34,0.0,0.87,0.1392,0.1682,0.1768,0.9559
866300.44,193890.86,4,1,1,1,0,0.964,16,1,0.2332,1.68,0.0,0.72,0.9486,0.5674,0.8659,0.8925
1974335.19,522730.77,3,2,1,1,0,0.925,4,1,0.1963,1.89,0.0,0.92,0.9445,0.5036,0.9679,0.9413
1304126.83,156244.97,6,2,1,1,0,0.805,18,0,0.1353,2.09,0.0,0.73,0.8858,0.5365,0.9489,0.8962
2386035.53,217911.98,4,2,1,1,0,0.834,16,0,0.2827,4.11,0.0,0.76,0.9175,0.4315,0.9342,0.9032
567145.72,18198.43,2,2,2,1,0,0.574,15,0,0.2246,17.14,0.0,0.72,0.6893,0.5235,0.4983,0.7655
849063.74,22506.83,2,2,1,1,0,0.653,5,0,0.2593,20.75,0.0,0.63,0.5116,0.5879,0.6347,0.7376
232879.55,648.68,2,1,1,1,0,0.986,13,0,0.1132,179.5,0.0,0.78,0.0528,0.2597,0.077,0.9398
283816.55,1086.44,1,1,1,1,1,0.966,9,0,0.1992,261.24,0.0,0.94,0.2097,0.2707,0.1081,0.9683
2066595.92,68145.82,5,2,1,1,0,0.755,3,1,0.3275,9.1,0.0,0.93,0.9631,0.4606,0.8611,0.944
1457596.88,36983.99,6,2,1,1,0,0.749,6,0,0.2396,9.85,0.0,0.74,0.9506,0.5018,0.8951,0.8987
1402022.8,46676.88,6,2,1,1,0,0.906,10,1,0.1896,7.51,0.0,0.74,0.9274,0.3803,0.9015,0.8977
1166980.09,63642.81,3,1,1,1,0,0.722,5,0,0.1204,9.17,0.0,0.72,0.9538,0.4617,0.8286,0.8937
414164.53,20009.76,2,4,3,1,2,0.508,6,0,0.2693,12.42,0.0,0.84,0.8391,0.9739,0.15,0.8996
531303.1,4614.61,2,1,1,1,0,0.965,14,0,0.0909,57.57,0.0,0.73,0.1312,0.1825,0.1517,0.9316
507848.87,15943.47,2,5,2,1,2,0.658,20,0,0.3641,19.11,0.0,0.71,0.7806,0.9489,0.3317,0.8636
666037.93,17323.56,6,1,1,1,0,0.763,23,1,0.3151,9.61,0.0,0.93,0.9057,0.357,0.8187,0.9435
182763.98,2109.53,2,2,2,1,0,0.797,6,0,0.1365,47.65,0.0,0.49,0.5443,0.584,0.5514,0.6975
451156.73,3615.4,3,1,1,1,0,0.751,12,1,0.1889,45.76,0.0,0.79,0.6795,0.514,0.4651,0.7878
1352113.63,63552.03,6,2,1,1,0,0.789,11,0,0.1781,5.32,0.0,0.66,0.9293,0.4939,0.9294,0.8778
243764.71,2459.52,3,1,2,1,0,0.579,9,0,0.2202,36.34,0.0,0.59,0.6476,0.5952,0.6355,0.7276
1775672.92,302063.83,6,1,1,1,0,0.806,18,0,0.1424,1.47,0.0,0.62,0.9603,0.565,0.9739,0.869
184851.06,2005.37,2,1,1,1,0,0.976,13,0,0.1468,46.09,0.0,0.78,0.2394,0.0928,0.2118,0.9405
2150043.44,198493.86,3,2,1,1,0,0.714,9,0,0.1656,5.42,0.0,0.77,0.8532,0.5631,0.8082,0.9043
867104.1,28758.13,6,1,1,1,0,0.723,7,1,0.1696,7.54,0.0,0.65,0.9245,0.5645,0.9067,0.8756
887339.45,48438.17,2,4,2,2,1,0.536,17,0,0.3015,10.99,0.0,0.53,0.8067,0.9041,0.2385,0.8175
511833.79,10389.85,1,1,1,1,0,0.984,16,0,0.0862,49.26,0.0,0.94,0.2074,0.0962,0.1895,0.9691
219945.01,4912.47,4,2,3,1,1,0.358,18,0,0.2528,13.43,0.0,0.83,0.7867,0.981,0.2803,0.8955
1197106.46,41880.41,2,4,3,2,2,0.67,6,0,0.1663,17.15,0.0,0.59,0.8084,0.8637,0.1924,0.8329
673858.8,1414.66,2,1,1,1,1,0.915,11,0,0.1395,238.17,0.0,0.95,0.157,0.1436,0.0539,0.9705
428896.18,5359.5,1,1,1,1,1,0.949,17,0,0.101,80.03,0.0,0.7,0.0757,0.0888,0.0987,0.9266
861234.85,33290.44,4,1,1,1,0,0.963,14,0,0.1111,9.7,0.0,0.68,0.8942,0.3825,0.8682,0.8834
1333008.58,100688.8,3,2,1,1,0,0.793,6,0,0.2231,6.62,0.0,0.92,0.938,0.4549,0.9032,0.9404
887762.52,123816.21,3,2,1,1,0,0.788,1,1,0.3221,3.59,0.0,0.87,0.9273,0.496,0.9432,0.9287
449407.03,28828.98,3,2,1,1,0,0.729,16,0,0.1442,7.79,0.0,0.91,0.8589,0.5543,0.9002,0.9377
607037.29,86679.16,3,2,1,1,0,0.741,19,0,0.3006,3.5,0.0,0.92,0.9227,0.5915,0.8664,0.9412
484377.05,49806.15,4,2,1,1,0,0.945,0,1,0.1251,3.65,0.0,0.84,0.99,0.3948,0.9766,0.9205
1683856.63,73511.56,5,2,1,1,0,0.757,6,0,0.1437,6.87,0.0,0.69,0.9179,0.4139,0.9323,0.8863
1315239.45,420711.62,4,1,1,1,0,0.979,15,0,0.1687,1.17,0.0,0.79,0.9171,0.4373,0.9408,0.9103
506078.61,12276.43,3,2,1,1,0,0.678,21,0,0.2786,15.12,0.0,0.49,0.5421,0.4233,0.6233,0.698
330608.47,666.27,2,1,1,1,0,0.908,15,0,0.1049,248.11,0.0,0.86,0.1501,0.1217,0.1582,0.954
56275.25,833.75,2,2,1,1,0,0.697,4,0,0.254,37.12,0.0,0.51,0.5989,0.5454,0.5428,0.7021
766940.7,66118.34,3,2,1,1,0,0.958,10,0,0.35,5.8,0.0,0.84,0.9652,0.386,0.9661,0.9221
129676.25,1034.48,1,1,1,1,0,0.922,11,0,0.1044,125.35,0.0,0.93,0.2191,0.1572,0.1865,0.9671
1022557.03,190177.17,5,2,1,1,0,0.808,19,1,0.2081,1.61,0.0,0.91,0.967,0.4774,0.9,0.939
632492.87,7557.53,3,2,2,1,0,0.646,2,0,0.2266,30.69,0.0,0.42,0.6715,0.5163,0.6442,0.6763
382762.79,2004.74,1,1,1,1,0,0.995,11,0,0.1604,190.93,0.0,0.77,0.1164,0.1379,0.2061,0.9389
1427318.35,23764.77,4,2,2,2,2,0.41,12,0,0.2408,18.02,0.0,0.89,0.8323,0.9535,0.2297,0.9111
2001229.04,260455.22,6,2,1,1,0,0.778,9,0,0.2448,1.92,0.0,0.82,0.8507,0.4469,0.8133,0.9165
548403.11,5255.18,1,1,1,1,1,0.996,13,0,0.0696,104.35,0.0,0.73,0.2266,0.1718,0.0519,0.9322
604955.21,15764.15,2,1,2,1,0,0.636,0,0,0.2392,21.11,0.0,0.43,0.5056,0.5108,0.6682,0.6803
788639.91,9628.42,3,2,1,1,0,0.825,6,0,0.27,30.03,0.0,0.6,0.5729,0.5703,0.6279,0.729
2406555.9,494294.52,6,2,1,1,0,0.8,22,0,0.2266,1.22,0.0,0.65,0.9712,0.5126,0.8839,0.8768
886100.28,10553.25,2,1,1,1,0,0.633,2,1,0.2984,46.18,0.0,0.62,0.6861,0.4278,0.6164,0.7368
1132685.85,44959.72,4,4,1,1,1,0.614,17,0,0.1601,7.56,0.0,0.78,0.8909,0.944,0.1642,0.8819
1311517.97,107064.16,3,1,1,1,0,0.711,15,0,0.2856,6.12,0.0,0.95,0.9632,0.3503,0.9254,0.9478
347920.03,10961.97,2,2,2,1,0,0.67,14,0,0.2492,17.46,0.0,0.71,0.6771,0.4418,0.4579,0.7629
930310.99,54210.96,3,1,1,1,0,0.772,11,0,0.1387,8.58,0.0,0.92,0.8845,0.4116,0.8282,0.9412
1023571.3,45255.63,2,5,1,2,1,0.526,16,0,0.3299,13.57,0.0,0.61,0.8941,0.8786,0.2005,0.8378
1422323.75,234170.56,4,2,1,1,0,0.855,22,0,0.1864,2.28,0.0,0.9,0.9525,0.495,0.9482,0.9359
2354326.79,810962.48,4,1,1,1,0,0.959,9,0,0.3256,1.09,0.0,0.9,0.9621,0.4429,0.9712,0.9357
1243062.96,48609.93,4,1,1,1,0,0.873,10,0,0.2776,9.59,0.0,0.73,0.8759,0.5534,0.9131,0.8962
252075.3,2203.55,4,2,2,1,2,0.637,6,0,0.2153,34.32,0.0,0.84,0.768,0.8748,0.3153,0.8986
1784883.82,191919.52,5,1,1,1,0,0.871,2,1,0.2167,2.79,0.0,0.72,0.99,0.5547,0.9345,0.8918
1180985.3,90555.54,4,2,1,1,0,0.793,8,0,0.2562,4.89,0.0,0.63,0.951,0.3751,0.9465,0.8721
2232687.27,428531.37,6,2,1,1,0,0.937,15,0,0.2173,1.3,0.0,0.86,0.969,0.5686,0.8418,0.9261
1514423.08,145087.68,4,2,1,1,0,0.973,18,0,0.1844,3.91,0.0,0.73,0.9348,0.3947,0.9748,0.8962
466406.7,2248.79,1,1,1,1,0,0.902,11,0,0.1842,207.4,0.0,0.89,0.0516,0.2189,0.1953,0.9604
1228730.14,73259.25,2,3,2,2,2,0.638,15,0,0.1673,10.06,0.0,0.6,0.7839,0.9869,0.3199,0.8354
916819.57,92285.73,4,2,1,1,0,0.793,10,0,0.2989,3.73,0.0,0.74,0.9485,0.4615,0.8365,0.8979
818630.4,10435.86,3,2,1,1,1,0.454,19,0,0.3391,31.38,0.0,0.53,0.8868,0.9434,0.1293,0.8177
1301071.35,232527.16,4,2,1,1,0,0.704,14,1,0.1617,2.1,0.0,0.74,0.9734,0.4378,0.8006,0.8985
2021371.52,216699.51,3,1,1,1,0,0.958,2,1,0.126,4.66,0.0,0.9,0.9557,0.4826,0.9294,0.9364
387991.79,863.21,2,1,1,1,0,0.913,16,0,0.0501,224.74,0.0,0.96,0.2106,0.1237,0.0505,0.9729
633545.47,10747.79,4,5,3,1,2,0.478,7,0,0.2764,17.68,0.0,0.6,0.8548,0.9276,0.2991,0.8369
660370.32,8625.27,3,3,2,2,2,0.607,11,0,0.2827,30.62,0.0,0.74,0.8311,0.8677,0.2555,0.8715
1411719.82,113938.57,5,1,1,1,0,0.821,17,1,0.2949,3.72,0.0,0.74,0.9009,0.3548,0.8939,0.8968
395148.08,818.3,2,1,1,1,1,0.957,17,0,0.1872,241.45,0.0,0.77,0.1999,0.1996,0.2349,0.9391
437471.03,8119.16,2,2,3,1,1,0.518,11,0,0.198,32.33,0.0,0.62,0.895,0.9041,0.3414,0.8399
1133251.38,40891.87,5,2,1,1,0,0.949,13,0,0.3291,8.31,0.0,0.65,0.9192,0.3748,0.906,0.876
1079233.2,36750.23,5,2,1,1,0,0.706,15,0,0.2229,8.81,0.0,0.85,0.8534,0.4534,0.8264,0.9243
1437085.13,19070.4,3,3,1,2,2,0.691,18,0,0.3399,30.14,0.0,0.84,0.8627,0.9874,0.3105,0.8991
1293314.73,162920.32,3,1,1,1,0,0.806,21,0,0.1138,3.97,0.0,0.93,0.9163,0.5332,0.9173,0.9443
431931.42,6896.37,1,1,1,1,0,0.953,17,0,0.1529,62.63,0.0,0.79,0.0768,0.2635,0.2413,0.9422
614077.84,32046.94,4,1,1,1,0,0.744,13,0,0.3316,7.19,0.0,0.72,0.874,0.5489,0.822,0.8933
444152.56,3277.45,2,1,1,1,1,0.95,16,0,0.1003,67.76,0.0,0.78,0.1386,0.1382,0.0682,0.9405
1618391.5,53015.89,6,2,1,1,0,0.728,6,0,0.3212,7.63,0.0,0.67,0.899,0.5604,0.8619,0.8796
495853.69,12967.58,2,2,2,2,1,0.496,16,0,0.2491,22.94,0.0,0.86,0.8673,0.9631,0.3342,0.9046
79981.34,302.55,1,1,1,1,0,0.901,15,0,0.1725,264.35,0.0,0.76,0.0778,0.2523,0.1572,0.9363
2338855.53,620222.34,4,2,1,1,0,0.845,16,1,0.1779,1.41,0.0,0.87,0.9443,0.5736,0.8477,0.9293
328463.07,8732.58,2,2,1,1,1,0.696,16,0,0.2516,22.57,0.0,0.71,0.8714,0.9064,0.2044,0.8639
1402273.27,78925.91,3,1,1,1,0,0.823,8,0,0.1668,8.88,0.0,0.74,0.8722,0.5931,0.939,0.8969
1467349.24,259242.59,6,2,1,1,0,0.862,13,1,0.2207,1.42,0.0,0.66,0.9448,0.5693,0.8419,0.8782
2244349.47,310934.0,3,1,1,1,0,0.739,2,1,0.3235,3.61,0.0,0.9,0.893,0.4952,0.8415,0.935
436920.79,6295.26,3,5,2,2,1,0.614,7,0,0.3924,27.76,0.0,0.57,0.8576,0.8708,0.2783,0.8282
612295.44,27377.03,6,2,1,1,0,0.849,5,0,0.2316,5.59,0.0,0.69,0.9789,0.3892,0.9044,0.8864
236704.28,6787.21,2,1,2,1,0,0.523,14,1,0.1202,19.18,0.0,0.41,0.4625,0.5653,0.6077,0.673
823678.36,17588.03,2,4,2,1,2,0.66,19,0,0.2158,28.1,0.0,0.86,0.8465,0.9538,0.2139,0.903
920193.46,8072.35,3,1,1,1,0,0.748,0,0,0.2908,41.8,0.0,0.54,0.6788,0.4315,0.5205,0.7113
988337.75,53875.28,2,2,2,1,2,0.385,10,0,0.1696,11.01,0.0,0.7,0.8801,0.876,0.2675,0.8618
1095834.39,12731.33,4,3,3,1,1,0.628,19,0,0.2323,25.82,0.0,0.89,0.7579,0.9245,0.1947,0.9125
990333.71,16365.44,3,2,1,1,0,0.829,22,0,0.2729,22.19,0.0,0.43,0.6101,0.596,0.4733,0.6776
755969.48,5315.59,1,1,1,1,0,0.932,13,0,0.0738,142.22,0.0,0.99,0.0839,0.2323,0.1183,0.9775
94581.39,1389.89,3,3,2,1,1,0.39,9,0,0.1881,27.22,0.0,0.79,0.8882,0.8908,0.1728,0.8859
418220.24,19203.3,4,2,1,1,0,0.953,20,0,0.1568,8.17,0.0,0.78,0.9701,0.5079,0.8358,0.9082
922450.3,22943.65,4,4,1,2,1,0.382,16,0,0.1991,12.06,0.0,0.55,0.8111,0.9683,0.1389,0.8219
1214385.48,63573.15,3,2,1,1,0,0.889,5,0,0.3126,9.55,0.0,0.91,0.9174,0.5599,0.9496,0.9385
561621.81,47823.88,2,4,1,1,2,0.596,21,0,0.1526,7.05,0.0,0.75,0.919,0.9756,0.2823,0.8738
339313.65,1770.39,1,1,1,1,1,0.908,12,0,0.1982,191.66,0.0,0.77,0.0791,0.1547,0.2337,0.9391
269932.38,7786.13,2,1,2,1,0,0.721,17,0,0.2577,19.07,0.0,0.48,0.5614,0.5349,0.683,0.693
98134.1,16632.36,3,2,1,1,0,0.897,3,1,0.2876,2.95,0.0,0.87,0.9261,0.3501,0.8399,0.9295
446084.68,29482.58,2,4,1,1,2,0.361,16,0,0.3416,9.08,0.0,0.8,0.7992,0.8845,0.3072,0.8886
2126198.8,161840.78,5,2,1,1,0,0.75,5,1,0.1987,3.94,0.0,0.77,0.9808,0.4356,0.9477,0.9055
542683.56,2838.09,1,1,1,1,0,0.97,9,0,0.1177,191.21,0.0,0.95,0.1223,0.255,0.2124,0.9703
214299.71,1377.66,2,1,1,1,1,0.991,13,0,0.1909,77.78,0.0,0.84,0.1807,0.21,0.0682,0.9514
189309.33,2498.85,3,1,2,1,0,0.734,16,0,0.2453,27.78,0.0,0.6,0.5259,0.4236,0.5733,0.7302
2369376.37,68850.76,6,1,1,1,0,0.848,10,1,0.3256,8.6,0.0,0.94,0.9833,0.4865,0.8682,0.9449
745963.76,33312.59,2,4,3,1,2,0.519,16,0,0.2235,13.44,0.0,0.74,0.8247,0.9647,0.2487,0.8724
532443.48,8127.92,3,2,2,1,0,0.671,3,0,0.2866,24.02,0.0,0.49,0.4804,0.6325,0.5815,0.6968
1109380.54,43424.17,4,2,1,1,0,0.93,10,0,0.3105,9.58,0.0,0.82,0.8767,0.5437,0.899,0.9168
2201815.93,131989.3,4,2,1,1,0,0.941,18,1,0.3046,6.26,0.0,0.92,0.99,0.4739,0.8633,0.9403
1284480.19,12996.76,4,4,1,1,1,0.353,13,0,0.1714,29.65,0.0,0.82,0.7982,0.9439,0.1433,0.8927
747096.27,10921.74,2,2,2,1,0,0.703,7,0,0.248,37.62,0.0,0.53,0.5552,0.4051,0.4422,0.7088
563847.65,84771.61,6,1,1,1,0,0.972,1,1,0.1832,1.66,0.0,0.74,0.9286,0.5836,0.9526,0.8968
878270.24,9439.09,3,1,2,1,0,0.716,20,0,0.2296,34.12,0.0,0.61,0.6955,0.5428,0.4308,0.7318
2297585.31,205826.45,6,2,1,1,0,0.716,18,0,0.3499,2.79,0.0,0.9,0.9713,0.5059,0.9461,0.937
117041.81,39235.67,3,1,1,1,0,0.904,9,0,0.1489,1.49,0.0,0.72,0.9484,0.3598,0.8992,0.8916
145462.05,1541.18,2,1,1,1,0,0.929,15,0,0.0668,47.19,0.0,0.83,0.1851,0.2123,0.2093,0.9491
482209.43,3089.51,2,1,1,1,0,0.904,15,0,0.1354,78.04,0.0,0.83,0.1138,0.2374,0.1962,0.9491
574690.27,10683.79,4,5,2,1,1,0.495,7,0,0.1539,16.14,0.0,0.9,0.8675,0.9682,0.197,0.9138
1200559.14,10415.68,4,2,2,2,2,0.372,15,0,0.2382,34.58,0.0,0.86,0.8661,0.9105,0.1332,0.903
288780.33,1321.21,1,1,1,1,0,0.932,11,0,0.1219,218.57,0.0,0.92,0.108,0.0962,0.1349,0.9647
1758307.85,50118.92,6,2,1,1,0,0.777,20,0,0.1139,8.77,0.0,0.64,0.9148,0.5917,0.9434,0.8747
163040.38,1752.09,2,2,1,1,0,0.537,16,0,0.2473,51.18,0.0,0.69,0.6502,0.6656,0.4583,0.7582
876169.43,28930.28,2,1,1,1,0,0.587,6,0,0.1559,16.66,0.0,0.56,0.6886,0.6251,0.4547,0.7188
1398202.69,115971.28,2,2,2,1,2,0.366,11,0,0.3245,7.23,0.0,0.75,0.8383,0.9141,0.1303,0.8738
869574.37,11258.0,2,2,1,1,0,0.786,12,0,0.1122,42.48,0.0,0.73,0.4606,0.4598,0.5673,0.7703
899877.84,5796.28,3,1,2,1,0,0.612,6,0,0.1858,56.93,0.0,0.73,0.5209,0.5619,0.6954,0.7687
298570.28,16597.39,4,1,1,1,0,0.88,23,1,0.1615,6.75,0.0,0.8,0.8998,0.4796,0.8449,0.9124
1732429.93,314862.14,4,2,1,1,0,0.872,14,0,0.1748,2.06,0.0,0.82,0.9755,0.4035,0.9412,0.9178
478107.76,10752.61,2,1,1,1,0,0.728,21,0,0.1449,24.46,0.0,0.47,0.6343,0.6674,0.5277,0.6916
1811333.94,69716.06,4,1,1,1,0,0.881,10,0,0.1423,9.74,0.0,0.72,0.9139,0.5814,0.9842,0.8927
245851.13,3501.23,2,2,2,1,0,0.81,19,0,0.2685,38.62,0.0,0.69,0.6554,0.4442,0.6677,0.756
524733.03,3352.85,1,1,1,1,0,0.942,15,0,0.1789,156.5,0.0,0.75,0.0678,0.0879,0.0564,0.9352
584815.8,2302.36,1,1,1,1,0,0.914,10,0,0.1143,254.01,0.0,0.84,0.1259,0.2625,0.1817,0.9517
926413.31,61008.55,3,1,1,1,0,0.959,15,1,0.2944,7.59,0.0,0.89,0.9115,0.4842,0.8442,0.9335
394296.71,2829.17,1,1,1,1,1,0.933,17,0,0.1192,139.37,0.0,0.77,0.2495,0.1523,0.1645,0.9387
411909.55,5029.79,3,1,1,1,0,0.714,15,0,0.1665,30.03,0.0,0.77,0.5843,0.5558,0.6015,0.7798
752035.58,1783.27,2,1,1,1,1,0.982,12,0,0.0676,210.86,0.0,0.92,0.0507,0.1729,0.25,0.9654
599605.06,13886.65,2,1,1,1,0,0.761,3,0,0.1364,23.75,0.0,0.55,0.6461,0.6305,0.5961,0.7147
147853.86,554.5,1,1,1,1,1,0.998,16,0,0.1555,266.64,0.0,0.96,0.0901,0.0941,0.0517,0.973
224727.37,12603.42,5,1,1,1,0,0.834,9,0,0.2832,5.35,0.0,0.88,0.9128,0.5937,0.9368,0.9305
233041.58,7082.29,2,2,1,1,1,0.365,10,0,0.3184,19.74,0.0,0.74,0.9194,0.9866,0.3067,0.8733
961808.2,148533.32,3,1,1,1,0,0.734,5,0,0.3232,3.24,0.0,0.86,0.9067,0.5401,0.9587,0.9267
750251.26,56652.56,6,1,1,1,0,0.978,1,1,0.1909,3.31,0.0,0.85,0.99,0.3959,0.9513,0.925
147656.8,1201.74,3,2,1,1,0,0.795,2,0,0.1803,45.05,0.0,0.63,0.5809,0.5943,0.6708,0.7381
1508158.69,48353.66,6,1,1,1,0,0.84,12,0,0.3258,7.8,0.0,0.61,0.9544,0.4698,0.9691,0.8655
979233.26,12817.99,3,2,3,1,1,0.39,9,0,0.3305,30.56,0.0,0.62,0.7974,0.9655,0.3071,0.8405
739887.82,3747.3,1,1,1,1,1,0.929,14,0,0.1393,197.45,0.0,0.88,0.0811,0.2469,0.0518,0.9578
342728.65,8206.31,2,3,3,1,1,0.439,7,0,0.3237,25.06,0.0,0.89,0.7811,0.875,0.209,0.9103
2025319.79,125000.8,3,1,1,1,0,0.958,16,0,0.3407,8.1,0.0,0.7,0.951,0.3906,0.9871,0.8871
1011263.84,25460.64,2,5,2,2,1,0.449,17,0,0.1967,23.83,0.0,0.84,0.8623,0.8609,0.3166,0.8985
2225425.57,96099.71,4,2,1,1,0,0.92,7,0,0.2274,8.68,0.0,0.8,0.888,0.5981,0.9553,0.9129
1619058.87,95502.14,5,1,1,1,0,0.792,8,0,0.3081,5.09,0.0,0.86,0.9645,0.5527,0.8349,0.9271
1172132.59,350175.55,3,2,1,1,0,0.775,4,1,0.1801,1.67,0.0,0.8,0.9006,0.444,0.8404,0.9119
612545.76,36225.42,3,4,2,1,2,0.519,12,0,0.3916,6.76,0.0,0.57,0.7617,0.8944,0.215,0.8293
2095038.79,568853.18,4,2,1,1,0,0.966,11,0,0.2185,1.38,0.0,0.78,0.9465,0.494,0.9077,0.9073
2438189.23,107593.64,6,1,1,1,0,0.806,8,0,0.1792,5.67,0.0,0.91,0.8808,0.3842,0.9279,0.9381
1194871.51,148523.6,3,1,1,1,0,0.844,14,1,0.1585,4.02,0.0,0.71,0.99,0.4394,0.8986,0.8909
445999.69,46486.37,3,1,1,1,0,0.838,14,0,0.2625,4.8,0.0,0.7,0.9119,0.5335,0.9018,0.8883
59784.97,666.1,3,1,1,1,0,0.574,16,0,0.2837,32.91,0.0,0.48,0.6767,0.5769,0.4749,0.6949
81790.2,808.35,1,1,1,1,0,0.995,9,0,0.0593,101.18,0.0,0.98,0.2158,0.2349,0.1985,0.9762
494446.07,4979.39,1,1,1,1,1,0.974,10,0,0.1323,99.3,0.0,0.84,0.1593,0.2775,0.2254,0.9512
1401118.77,115351.16,4,1,1,1,0,0.746,5,0,0.2986,4.55,0.0,0.62,0.9043,0.3674,0.85,0.8682
742695.32,8435.79,2,1,1,1,0,0.593,8,0,0.1039,48.42,0.0,0.68,0.509,0.5113,0.4997,0.7553
214442.34,6075.07,6,2,1,1,0,0.851,3,1,0.2301,8.82,0.0,0.7,0.9348,0.4817,0.9482,0.8875
1762341.44,97230.4,3,1,1,1,0,0.746,15,0,0.2913,9.06,0.0,0.82,0.8562,0.3502,0.8853,0.9164
2186928.12,154375.39,5,2,1,1,0,0.747,22,1,0.1753,4.25,0.0,0.65,0.99,0.4099,0.9434,0.8768
2337967.5,359110.66,6,2,1,1,0,0.962,14,1,0.306,1.63,0.0,0.63,0.9479,0.3683,0.8861,0.8709
1519101.66,85050.83,3,1,1,1,0,0.792,9,1,0.2832,8.93,0.0,0.65,0.99,0.373,0.834,0.8754
1683946.78,76969.23,4,2,1,1,0,0.974,11,0,0.1777,8.2,0.0,0.86,0.8516,0.4234,0.8541,0.9272
728548.73,52057.8,6,2,1,1,0,0.844,11,0,0.1282,3.5,0.0,0.7,0.9126,0.3733,0.8325,0.8876
1858049.84,85063.05,6,1,1,1,0,0.706,2,1,0.1982,5.46,0.0,0.67,0.9338,0.4786,0.9018,0.8817
1143840.86,18094.17,3,5,3,2,2,0.421,6,0,0.253,25.29,0.0,0.56,0.7515,0.9584,0.3159,0.8267
59310.83,7625.68,5,2,1,1,0,0.813,5,0,0.3461,2.33,0.0,0.64,0.9028,0.5192,0.8461,0.873
400994.04,36959.41,5,1,1,1,0,0.931,2,1,0.1854,3.25,0.0,0.72,0.99,0.5819,0.9324,0.8934
103386.84,1522.27,3,3,3,2,1,0.451,10,0,0.386,27.17,0.0,0.84,0.8366,0.8622,0.1357,0.8996
305121.13,7517.0,2,1,1,1,0,0.745,14,0,0.2246,22.32,0.0,0.54,0.5625,0.4509,0.4358,0.7124
203104.09,10806.09,3,2,1,1,0,0.803,9,0,0.1451,9.4,0.0,0.64,0.9144,0.4369,0.973,0.8747
489081.01,10406.57,2,2,2,1,0,0.758,22,0,0.132,25.85,0.0,0.5,0.6377,0.4486,0.4566,0.7002
698138.35,8132.38,3,1,1,1,0,0.809,5,0,0.2335,31.48,0.0,0.56,0.6778,0.4142,0.6491,0.718
926525.49,8440.25,4,3,3,1,1,0.633,17,0,0.2625,32.93,0.0,0.7,0.8335,0.9849,0.1848,0.8621
2102908.14,265458.53,6,1,1,1,0,0.835,22,1,0.2118,1.98,0.0,0.62,0.9723,0.5804,0.9144,0.8687
373477.7,3965.29,2,2,2,1,0,0.765,22,0,0.2801,51.8,0.0,0.67,0.4905,0.4129,0.5224,0.7504
498389.53,1131.15,2,1,1,1,1,0.944,10,0,0.1831,220.3,0.0,0.78,0.1162,0.1854,0.2361,0.9402
380072.12,684.56,2,1,1,1,0,0.952,15,0,0.1471,277.6,0.0,0.76,0.0967,0.1185,0.1269,0.9363
2319670.12,262611.44,3,1,1,1,0,0.938,16,0,0.3446,4.42,0.0,0.94,0.9544,0.4114,0.9599,0.9446
188055.19,29447.48,6,2,1,1,0,0.805,11,1,0.311,1.6,0.0,0.77,0.9024,0.5317,0.8736,0.904
1772593.16,90075.4,6,2,1,1,0,0.969,17,0,0.1122,4.92,0.0,0.77,0.8948,0.4324,0.9813,0.9046
371258.73,2011.23,2,1,1,1,1,0.907,15,0,0.0905,92.3,0.0,0.99,0.1086,0.1783,0.2022,0.9775
616937.31,4013.25,3,2,2,1,0,0.537,3,0,0.1093,56.37,0.0,0.78,0.6237,0.4909,0.6076,0.7849
698013.75,4772.67,2,1,1,1,1,0.985,17,0,0.1649,73.13,0.0,0.86,0.1501,0.1115,0.1259,0.9551
1638448.91,60904.03,5,2,1,1,0,0.938,22,1,0.1446,8.07,0.0,0.66,0.9844,0.4602,0.9624,0.8785
1805269.4,82991.7,4,2,1,1,0,0.853,17,0,0.209,8.16,0.0,0.79,0.9785,0.4323,0.8668,0.9086
798372.75,7800.27,4,3,3,2,1,0.377,21,0,0.3433,30.71,0.0,0.89,0.7795,0.9049,0.1587,0.9125
562038.44,3708.16,3,1,1,1,0,0.721,6,0,0.1072,55.57,0.0,0.74,0.4545,0.5658,0.4497,0.7719
677568.58,34617.68,5,2,1,1,0,0.872,21,0,0.3108,5.87,0.0,0.66,0.855,0.3751,0.9636,0.8792
290157.16,3342.56,2,2,1,1,0,0.633,12,0,0.1881,47.74,0.0,0.72,0.4712,0.4576,0.4955,0.7657
88714.14,1422.97,3,4,1,2,1,0.424,17,0,0.1835,24.94,0.0,0.6,0.8985,0.8933,0.2914,0.8368
1145629.69,18759.38,4,5,3,2,2,0.46,21,0,0.1745,18.32,0.0,0.71,0.8765,0.9815,0.3299,0.8655
1774941.49,116082.19,6,1,1,1,0,0.727,6,1,0.1861,3.82,0.0,0.86,0.9177,0.4509,0.8801,0.9269
220498.18,5738.26,6,2,1,1,0,0.883,1,1,0.2501,9.61,0.0,0.91,0.9342,0.474,0.9063,0.9388
2061541.23,99505.21,5,2,1,1,0,0.959,9,0,0.2066,6.22,0.0,0.75,0.8807,0.5411,0.8957,0.9004
515655.56,3938.62,2,1,1,1,1,0.902,12,0,0.0921,65.46,0.0,0.82,0.1832,0.1843,0.2357,0.9469
1289129.62,32483.45,3,4,2,1,1,0.536,7,0,0.2343,15.87,0.0,0.87,0.8251,0.8948,0.1877,0.9055
435900.3,3615.9,2,1,1,1,1,0.993,14,0,0.1586,60.28,0.0,0.82,0.1314,0.1569,0.0806,0.9473
180002.26,850.34,1,1,1,1,0,0.9,9,0,0.1345,211.68,0.0,0.81,0.225,0.1068,0.2319,0.9459
268850.43,11889.12,5,2,1,1,0,0.877,7,1,0.2858,6.78,0.0,0.66,0.99,0.435,0.9513,0.8782
408184.43,3022.62,1,1,1,1,1,0.923,11,0,0.0749,135.04,0.0,0.78,0.0825,0.2336,0.0695,0.9402
1131116.72,16352.21,4,3,2,2,2,0.561,7,0,0.2773,20.75,0.0,0.55,0.8594,0.9856,0.324,0.8227
414597.13,1313.15,2,1,1,1,1,0.935,12,0,0.1233,157.86,0.0,0.74,0.1481,0.093,0.1652,0.934
2112027.42,67309.7,6,2,1,1,0,0.832,2,1,0.2129,7.84,0.0,0.82,0.9236,0.5143,0.8791,0.9172
59470.46,2835.09,2,2,1,1,2,0.663,19,0,0.2137,12.59,0.0,0.63,0.7834,0.9002,0.3108,0.8437
186001.77,3959.44,4,2,3,2,2,0.437,17,0,0.1627,14.09,0.0,0.56,0.769,0.8836,0.3048,0.826
552700.33,1072.34,2,1,1,1,1,0.9,12,0,0.0624,257.71,0.0,0.96,0.1281,0.1797,0.2106,0.9736
2176489.14,212692.26,6,1,1,1,0,0.887,23,1,0.3022,2.56,0.0,0.65,0.9153,0.4022,0.9619,0.8768
575951.23,3627.18,3,1,2,1,0,0.671,6,1,0.118,58.22,0.0,0.47,0.5166,0.6505,0.6846,0.6902
2313450.2,148664.59,5,2,1,1,0,0.933,20,0,0.3361,4.67,0.0,0.89,0.9352,0.5997,0.8714,0.9343
325436.24,6861.52,2,2,1,1,0,0.795,22,0,0.2042,26.09,0.0,0.62,0.4716,0.5141,0.5655,0.7363
1058379.48,16411.03,4,3,1,1,1,0.544,13,0,0.3715,19.35,0.0,0.61,0.9052,0.9536,0.2154,0.839
683412.77,34004.27,4,5,1,2,1,0.462,11,0,0.3945,6.03,0.0,0.77,0.9131,0.9552,0.1375,0.8798
222952.01,2973.38,3,2,2,1,0,0.806,0,0,0.2442,27.49,0.0,0.6,0.4713,0.6303,0.4814,0.7298
426644.39,878.6,2,1,1,1,1,0.97,12,0,0.0959,242.8,0.0,0.9,0.1858,0.1838,0.0981,0.9621
1236411.56,96807.68,6,1,1,1,0,0.932,16,1,0.2293,3.19,0.0,0.75,0.99,0.5382,0.9774,0.8988
707817.51,9861.56,1,1,1,1,1,0.909,16,0,0.1047,71.78,0.0,0.83,0.2186,0.086,0.1614,0.9489
1452842.46,178072.15,6,2,1,1,0,0.719,1,1,0.1689,2.04,0.0,0.82,0.9682,0.5924,0.8203,0.9159
409454.07,8983.03,2,1,2,1,0,0.797,2,0,0.2751,25.07,0.0,0.79,0.6463,0.5745,0.5593,0.7855
747328.2,27375.69,2,1,2,1,0,0.603,9,1,0.2305,15.01,0.0,0.78,0.6666,0.4361,0.4233,0.7826
2170058.47,89842.8,4,1,1,1,0,0.833,14,1,0.3172,9.06,0.0,0.61,0.9264,0.4437,0.949,0.8672
278251.35,2491.32,4,5,3,2,2,0.655,21,0,0.2141,33.51,0.0,0.65,0.7833,0.9385,0.2483,0.8503
459209.68,9537.15,4,4,3,1,1,0.561,19,0,0.3112,14.44,0.0,0.65,0.9111,0.9469,0.3187,0.8501
1153763.88,70673.56,4,1,1,1,0,0.741,19,1,0.2918,6.12,0.0,0.68,0.9358,0.351,0.8153,0.884
769445.75,82683.03,6,1,1,1,0,0.922,7,1,0.2255,2.33,0.0,0.78,0.8999,0.5743,0.8706,0.9079
1478309.49,47801.56,4,5,1,2,2,0.526,16,0,0.3831,9.28,0.0,0.5,0.8124,0.9708,0.3294,0.8111
642788.91,309963.67,3,2,1,1,0,0.743,23,1,0.2054,1.04,0.0,0.77,0.9272,0.4729,0.8639,0.9051
577047.77,5778.02,2,2,2,1,0,0.67,14,0,0.1897,54.93,0.0,0.5,0.5844,0.484,0.6224,0.6987
717817.28,11772.43,3,1,2,1,0,0.608,5,0,0.1262,22.36,0.0,0.6,0.633,0.584,0.5471,0.7294
510836.27,2504.46,1,1,1,1,0,0.931,12,0,0.1112,203.97,0.0,0.81,0.0597,0.1655,0.2404,0.9458
470177.43,20021.42,3,4,2,2,2,0.469,16,0,0.2119,9.39,0.0,0.63,0.8171,0.9358,0.2385,0.8437
576564.98,4148.72,2,1,1,1,1,0.922,13,0,0.0871,69.49,0.0,0.74,0.1608,0.1217,0.1248,0.9334
183489.56,981.4,2,1,1,1,0,0.922,9,0,0.1342,93.48,0.0,0.87,0.2113,0.1856,0.119,0.957
105658.61,1026.09,2,2,1,1,0,0.717,8,0,0.1244,56.63,0.0,0.58,0.5374,0.4998,0.4639,0.7251
490159.74,1847.16,1,1,1,1,0,0.983,17,0,0.061,265.36,0.0,0.89,0.1354,0.1261,0.0506,0.961
358270.37,1323.0,2,1,1,1,0,0.935,11,0,0.1265,135.4,0.0,0.78,0.1073,0.2733,0.1022,0.941
80233.85,1458.27,4,2,2,1,1,0.466,9,0,0.2033,16.51,0.0,0.75,0.7579,0.8732,0.1869,0.8759
48574.27,1339.77,2,5,1,2,2,0.449,19,0,0.3015,21.75,0.0,0.7,0.8678,0.887,0.2761,0.8626
1012099.4,32569.2,6,2,1,1,0,0.851,8,1,0.2076,7.77,0.0,0.94,0.9288,0.4141,0.9821,0.9458
282952.75,669.48,2,1,1,1,1,0.931,10,0,0.0994,211.32,0.0,0.98,0.1266,0.2629,0.2211,0.9767
1023387.18,16646.09,3,2,2,2,1,0.678,11,0,0.2887,24.59,0.0,0.6,0.8866,0.9127,0.2317,0.837
1033233.23,32991.98,6,1,1,1,0,0.771,18,0,0.2549,7.83,0.0,0.73,0.9238,0.458,0.8255,0.8943
402171.05,3679.89,2,1,1,1,0,0.985,14,0,0.0786,54.64,0.0,0.78,0.215,0.1935,0.1132,0.9396
599905.3,2402.12,1,1,1,1,0,0.966,17,0,0.0877,249.74,0.0,0.79,0.1152,0.2672,0.2167,0.9418
856711.51,10649.02,4,2,1,1,2,0.434,14,0,0.1614,24.13,0.0,0.74,0.8459,0.8869,0.2687,0.8731
1156797.18,10893.67,4,2,1,2,2,0.59,17,0,0.3715,31.86,0.0,0.51,0.8848,0.8698,0.2535,0.8136
93252.77,4985.56,5,1,1,1,0,0.967,8,0,0.1051,5.61,0.0,0.82,0.9424,0.4494,0.8612,0.9158
1656709.29,49845.88,5,2,1,1,0,0.761,1,1,0.1825,9.97,0.0,0.81,0.9858,0.4165,0.9612,0.9137
181963.28,1742.93,1,1,1,1,0,0.975,13,0,0.1988,104.4,0.0,0.88,0.2539,0.2415,0.0769,0.9584
134400.73,11968.45,3,2,1,1,0,0.76,4,1,0.1853,5.61,0.0,0.88,0.904,0.5272,0.8811,0.9321
429802.56,5197.49,1,1,1,1,1,0.996,10,0,0.125,82.69,0.0,0.82,0.24,0.1917,0.1635,0.9478
892976.0,27045.9,6,1,1,1,0,0.931,5,1,0.3331,8.25,0.0,0.62,0.9411,0.5037,0.9625,0.8693
30482.4,193.93,3,1,2,1,0,0.517,7,1,0.131,57.63,0.0,0.71,0.5223,0.556,0.5904,0.7617
781807.36,79037.64,4,1,1,1,0,0.767,1,1,0.3168,3.71,0.0,0.92,0.9864,0.5276,0.8812,0.9406
524830.53,7087.55,3,1,1,1,0,0.767,20,0,0.1994,27.15,0.0,0.44,0.4536,0.4953,0.4913,0.683
2345883.3,555513.12,3,2,1,1,0,0.702,10,1,0.2356,2.11,0.0,0.82,0.99,0.373,0.8178,0.9169
1208195.34,103268.35,4,2,1,1,0,0.706,5,0,0.3109,4.39,0.0,0.73,0.9414,0.4721,0.9041,0.8943
248865.94,11746.63,4,1,1,1,0,0.787,1,1,0.305,7.94,0.0,0.61,0.9822,0.3884,0.9038,0.8674
1006235.71,92779.7,2,2,2,1,2,0.386,21,0,0.3395,6.51,0.0,0.85,0.8008,0.9612,0.216,0.9019
552139.37,1422.47,2,1,1,1,0,0.991,14,0,0.141,194.08,0.0,0.95,0.1946,0.1162,0.108,0.9704
946863.96,18665.47,3,5,2,2,1,0.436,11,0,0.1802,20.29,0.0,0.84,0.9186,0.9143,0.2067,0.8986
1040786.3,24633.1,2,2,2,1,1,0.583,17,0,0.2667,25.35,0.0,0.76,0.8146,0.8983,0.2318,0.8788
684606.48,7712.74,2,2,2,1,0,0.785,7,1,0.1827,48.82,0.0,0.51,0.492,0.6545,0.5395,0.702
184758.64,3005.87,2,2,2,1,0,0.554,2,0,0.1923,33.81,0.0,0.75,0.6548,0.5319,0.591,0.7754
186991.85,8653.84,2,5,1,1,1,0.506,16,0,0.2718,12.96,0.0,0.57,0.884,0.9719,0.1771,0.828
1819664.35,84516.35,6,2,1,1,0,0.704,12,0,0.3222,5.38,0.0,0.93,0.9398,0.5659,0.8332,0.9426
865774.32,103759.97,4,1,1,1,0,0.935,1,1,0.1262,3.13,0.0,0.74,0.9179,0.4456,0.8753,0.8987
13209.52,52.22,2,1,1,1,0,0.968,16,0,0.1123,126.47,0.0,0.96,0.1887,0.1008,0.2195,0.9723
367914.47,769.72,2,1,1,1,0,0.955,13,0,0.0949,238.99,0.0,0.83,0.1344,0.2648,0.1486,0.9501
400369.94,10905.65,3,5,2,2,1,0.422,21,0,0.2059,14.68,0.0,0.7,0.8043,0.8875,0.2105,0.8623
104340.3,439.94,1,1,1,1,1,0.938,13,0,0.131,237.17,0.0,0.86,0.1297,0.1863,0.0686,0.9546
403216.33,1461.43,1,1,1,1,0,0.911,10,0,0.1313,275.91,0.0,0.9,0.1285,0.2124,0.1529,0.9621
2139185.89,104918.27,4,2,1,1,0,0.921,12,0,0.2611,7.65,0.0,0.88,0.977,0.5403,0.9137,0.9306
2322415.14,89919.15,4,1,1,1,0,0.832,17,1,0.2848,9.69,0.0,0.93,0.8952,0.5657,0.9646,0.9425
481837.56,2972.1,1,1,1,1,1,0.941,15,0,0.161,162.12,0.0,0.88,0.1114,0.1999,0.0666,0.9582
1033743.67,339227.03,3,1,1,1,0,0.854,7,0,0.141,1.52,0.0,0.76,0.8665,0.4237,0.8421,0.9018
1357546.53,187874.1,4,1,1,1,0,0.795,23,1,0.162,2.71,0.0,0.61,0.9831,0.4267,0.9187,0.8665
62229.0,273.65,2,1,1,1,0,0.992,9,0,0.1607,113.7,0.0,0.79,0.1015,0.1616,0.165,0.9429
403392.0,5413.92,1,1,1,1,1,0.967,15,0,0.1169,74.51,0.0,0.93,0.2363,0.1802,0.2474,0.9674
599728.81,37269.04,4,2,1,1,0,0.819,21,0,0.2703,6.03,0.0,0.73,0.9716,0.3967,0.8814,0.8941
729098.69,6600.28,4,3,1,2,1,0.575,13,0,0.2932,33.14,0.0,0.72,0.8478,0.9516,0.2648,0.8668
1406589.32,77166.86,4,2,1,1,0,0.821,5,0,0.1858,6.84,0.0,0.79,0.9364,0.4874,0.8736,0.9099
454678.23,8918.14,3,1,2,1,0,0.594,21,0,0.2676,18.69,0.0,0.58,0.5023,0.6774,0.4682,0.7246
30512.68,1000.21,2,2,2,1,0,0.629,6,0,0.2262,16.78,0.0,0.71,0.6367,0.4091,0.5288,0.7635
2433568.9,833748.22,4,2,1,1,0,0.824,13,0,0.2735,1.09,0.0,0.78,0.9748,0.4395,0.9527,0.9079
210358.05,920.98,2,1,1,1,0,0.913,11,0,0.117,114.2,0.0,0.97,0.0753,0.1344,0.0641,0.9745
157797.64,8823.96,3,2,1,1,2,0.421,7,0,0.3756,7.15,0.0,0.59,0.8514,0.9452,0.2869,0.8326
483992.81,4738.27,2,2,1,1,0,0.714,1,0,0.1494,56.18,0.0,0.56,0.6965,0.4976,0.6182,0.7176
793386.21,36289.95,5,1,1,1,0,0.763,12,1,0.1861,6.56,0.0,0.88,0.9749,0.476,0.8774,0.9301
1351204.75,75578.6,3,2,1,1,0,0.867,19,0,0.1729,8.94,0.0,0.95,0.9088,0.3629,0.8599,0.9478
836332.89,14904.04,3,4,2,1,2,0.561,14,0,0.3005,22.45,0.0,0.85,0.8499,0.9176,0.253,0.8999
234275.32,3275.34,4,3,2,2,2,0.434,19,0,0.2126,21.46,0.0,0.77,0.8428,0.9311,0.3161,0.8811
550801.68,8487.18,3,1,1,1,0,0.647,4,1,0.2081,23.8,0.0,0.45,0.6799,0.6599,0.5923,0.6837
1538372.0,238048.17,5,1,1,1,0,0.905,20,1,0.2519,1.94,0.0,0.71,0.9363,0.5329,0.9235,0.8906
135071.47,510.01,1,1,1,1,1,0.962,12,0,0.1387,264.84,0.0,0.85,0.2283,0.0959,0.2457,0.9531
1021784.86,43881.24,4,3,3,2,2,0.588,6,0,0.326,6.99,0.0,0.66,0.9018,0.9238,0.2433,0.8511
943388.39,9921.81,4,5,2,1,1,0.641,19,0,0.312,28.52,0.0,0.89,0.781,0.9502,0.3076,0.9101
542694.92,4047.56,3,2,1,1,0,0.811,15,0,0.1557,49.16,0.0,0.65,0.585,0.411,0.6624,0.7438
732611.45,25989.46,3,3,1,2,2,0.407,15,0,0.2332,11.28,0.0,0.89,0.7962,0.9857,0.1441,0.9118
357393.16,1444.3,1,1,1,1,0,0.901,16,0,0.1797,247.45,0.0,0.97,0.1827,0.2466,0.2014,0.9739
1639062.38,293544.54,3,2,1,1,0,0.718,13,0,0.3263,2.79,0.0,0.66,0.9089,0.516,0.8312,0.8794
430638.69,17688.47,5,1,1,1,0,0.794,3,1,0.2272,7.3,0.0,0.75,0.9434,0.4242,0.8953,0.8992
186096.61,6541.35,2,1,2,1,0,0.667,2,0,0.1716,15.65,0.0,0.56,0.5374,0.6355,0.6849,0.7187
883270.79,22101.74,2,3,3,2,2,0.424,20,0,0.1927,23.98,0.0,0.76,0.9078,0.9592,0.2298,0.8785
595025.71,7365.23,4,4,1,2,1,0.442,14,0,0.1535,24.24,0.0,0.51,0.7966,0.9266,0.2015,0.8123
596721.82,37858.33,4,2,1,1,0,0.788,14,1,0.3205,5.91,0.0,0.76,0.9583,0.456,0.9258,0.9021
127804.29,4178.78,2,4,1,2,2,0.539,6,0,0.202,18.35,0.0,0.73,0.7917,0.9451,0.2079,0.8695
571723.73,8910.9,2,2,2,1,0,0.801,4,0,0.2536,35.29,0.0,0.57,0.5381,0.4778,0.4856,0.722
316285.36,4432.71,2,1,2,1,0,0.588,10,0,0.2392,39.24,0.0,0.5,0.4504,0.4807,0.4452,0.7013
866315.5,79742.97,5,2,1,1,0,0.772,11,1,0.2258,3.26,0.0,0.95,0.969,0.3794,0.8104,0.9479
1081814.87,62129.18,3,1,1,1,0,0.772,15,1,0.1552,8.71,0.0,0.89,0.9451,0.5472,0.8693,0.9346
1796103.42,100347.51,3,1,1,1,0,0.817,2,1,0.2191,8.95,0.0,0.94,0.9195,0.5772,0.9306,0.946
469807.1,4032.5,1,1,1,1,0,0.915,14,0,0.1574,116.51,0.0,0.95,0.16,0.2491,0.1778,0.9715
130755.02,278.04,2,1,1,1,1,0.925,9,0,0.1061,235.14,0.0,0.83,0.2279,0.1804,0.1478,0.9487
212640.82,3192.62,4,3,1,2,1,0.642,7,0,0.17,19.98,0.0,0.81,0.8778,0.895,0.2807,0.8903
245977.63,2449.9,1,1,1,1,1,0.931,9,0,0.16,100.4,0.0,0.94,0.1404,0.218,0.1645,0.9684
1911725.31,128813.52,4,2,1,1,0,0.978,13,0,0.1563,5.57,0.0,0.68,0.9394,0.4084,0.8878,0.8834
1578667.69,55432.68,6,2,1,1,0,0.897,4,1,0.2251,7.12,0.0,0.66,0.99,0.4053,0.8642,0.8782
1160730.66,93867.39,6,2,1,1,0,0.786,22,1,0.1767,3.09,0.0,0.61,0.9143,0.4537,0.8094,0.8656
324251.07,7911.9,3,3,2,2,2,0.646,11,0,0.2774,16.39,0.0,0.81,0.8072,0.8617,0.3321,0.8899
1340850.21,79650.37,4,1,1,1,0,0.948,11,1,0.1332,6.31,0.0,0.75,0.919,0.4731,0.9009,0.9004
919973.06,18075.69,3,1,1,1,0,0.844,11,0,0.1868,18.66,0.0,0.42,0.511,0.4258,0.689,0.6751
417754.51,68950.23,5,2,1,1,0,0.912,9,0,0.1017,1.82,0.0,0.74,0.9222,0.4786,0.899,0.8983
406296.25,1418.5,2,1,1,1,1,0.986,16,0,0.1954,143.21,0.0,0.8,0.0839,0.2301,0.0587,0.9436
1292026.84,509212.0,3,1,1,1,0,0.979,4,1,0.2516,1.27,0.0,0.89,0.9146,0.3785,0.8431,0.9326
335373.92,44638.06,3,1,1,1,0,0.867,9,1,0.2934,3.76,0.0,0.65,0.9836,0.5586,0.8545,0.8768
1297376.54,19227.6,3,3,1,2,1,0.603,11,0,0.2667,26.99,0.0,0.65,0.8052,0.8634,0.3334,0.8489
410840.89,7664.06,2,2,1,1,0,0.648,16,0,0.2224,29.48,0.0,0.52,0.5173,0.5394,0.5858,0.706
1325421.56,123170.97,2,5,1,1,2,0.476,15,0,0.1951,6.46,0.0,0.54,0.7579,0.9752,0.1588,0.8195
985546.71,31499.95,4,3,1,2,1,0.592,8,0,0.2251,9.39,0.0,0.69,0.857,0.9547,0.1611,0.8582
154206.64,1112.38,2,1,1,1,0,0.91,15,0,0.101,69.31,0.0,0.74,0.2361,0.0906,0.1935,0.9339
1611566.08,42238.84,6,2,1,1,0,0.811,20,0,0.3201,9.54,0.0,0.82,0.9798,0.5764,0.8968,0.9176
62669.7,2675.05,5,1,1,1,0,0.824,6,1,0.2429,7.03,0.0,0.76,0.9761,0.3589,0.8486,0.9018
1093130.78,232545.76,6,2,1,1,0,0.972,6,0,0.1402,1.18,0.0,0.66,0.8982,0.5544,0.9591,0.878
73624.41,5559.65,3,2,1,1,0,0.949,8,0,0.1375,6.62,0.0,0.9,0.9699,0.592,0.9719,0.9369
821620.4,10548.52,2,1,2,1,0,0.59,14,0,0.2216,42.84,0.0,0.63,0.6267,0.5957,0.4444,0.739
2230157.46,122838.27,6,1,1,1,0,0.938,23,1,0.3007,4.54,0.0,0.62,0.99,0.4481,0.923,0.8693
1095326.77,73270.53,3,2,1,1,0,0.858,1,1,0.1151,7.47,0.0,0.88,0.9059,0.4526,0.8699,0.9313
489601.14,8535.19,2,3,1,1,1,0.516,19,0,0.2502,34.42,0.0,0.71,0.7937,0.9767,0.1613,0.8643
1204194.83,63876.17,3,4,1,1,2,0.633,17,0,0.3342,7.54,0.0,0.85,0.9177,0.9133,0.1258,0.9014
998836.06,50106.22,2,3,2,1,2,0.624,8,0,0.1506,11.96,0.0,0.65,0.9042,0.9497,0.2276,0.8478
653475.83,27148.83,6,1,1,1,0,0.727,3,1,0.1447,6.02,0.0,0.83,0.9329,0.5569,0.9682,0.9189
596962.1,1438.81,2,1,1,1,1,0.905,16,0,0.1473,207.45,0.0,0.76,0.1906,0.1223,0.1687,0.9377
557746.93,5718.66,1,1,1,1,0,0.981,12,0,0.0854,97.53,0.0,0.93,0.1701,0.156,0.0532,0.9679
2099429.84,153472.71,3,1,1,1,0,0.924,2,1,0.3171,6.84,0.0,0.92,0.99,0.5277,0.8716,0.9407
1052226.66,17985.83,4,5,2,1,1,0.46,20,0,0.1941,17.55,0.0,0.87,0.8949,0.9013,0.3123,0.9061
538969.17,54873.06,3,2,1,1,0,0.718,16,0,0.3154,4.91,0.0,0.94,0.9679,0.591,0.804,0.9465
565229.56,16146.64,6,1,1,1,0,0.909,14,1,0.2666,8.75,0.0,0.68,0.956,0.4021,0.9829,0.8823
2023293.67,96836.42,5,1,1,1,0,0.762,22,0,0.2933,6.27,0.0,0.64,0.9183,0.3555,0.8691,0.8738
2446424.91,84651.11,5,2,1,1,0,0.822,17,0,0.2391,8.67,0.0,0.66,0.9386,0.5087,0.8644,0.8785
1222284.87,103333.73,2,5,1,2,2,0.406,17,0,0.3859,7.1,0.0,0.89,0.8235,0.941,0.3172,0.9103
117871.54,5948.78,3,2,1,1,0,0.841,22,0,0.1806,9.91,0.0,0.73,0.9437,0.5308,0.9666,0.8963
369447.69,4603.46,3,4,2,1,1,0.623,9,0,0.2327,32.1,0.0,0.51,0.8322,0.9748,0.2222,0.8124
202734.2,1797.54,3,1,2,1,0,0.591,20,0,0.2733,41.35,0.0,0.79,0.6729,0.5309,0.6291,0.7861
206385.45,5396.99,6,2,1,1,0,0.711,13,0,0.3416,9.56,0.0,0.63,0.8852,0.4435,0.8197,0.8721
1746196.78,78436.41,4,2,1,1,0,0.821,23,1,0.235,8.35,0.0,0.94,0.99,0.4694,0.9403,0.9453
352132.49,833.45,2,1,1,1,1,0.948,15,0,0.0658,211.25,0.0,0.86,0.2044,0.2567,0.1639,0.9551
2129710.53,134957.48,5,1,1,1,0,0.944,14,1,0.2313,4.73,0.0,0.93,0.9326,0.4407,0.99,0.9426
620328.2,2704.62,1,1,1,1,0,0.931,15,0,0.1303,229.36,0.0,1.0,0.0951,0.1285,0.0986,0.9793
413280.83,1985.37,1,1,1,1,1,0.93,10,0,0.0862,208.16,0.0,0.76,0.1991,0.1045,0.0852,0.9369
275729.18,6621.09,2,1,1,1,0,0.558,22,0,0.2345,22.9,0.0,0.46,0.6369,0.5466,0.6485,0.6888
974972.72,31262.33,5,1,1,1,0,0.97,13,0,0.3093,9.36,0.0,0.76,0.9679,0.4529,0.9052,0.9017
928427.31,17206.4,4,5,2,1,2,0.544,8,0,0.254,16.19,0.0,0.63,0.8494,0.954,0.2136,0.8438
1483260.45,629507.71,3,1,1,1,0,0.823,23,1,0.3317,1.18,0.0,0.82,0.974,0.4436,0.8366,0.9178
575833.34,1405.21,2,1,1,1,1,0.954,9,0,0.1671,204.89,0.0,0.72,0.187,0.1698,0.117,0.9299
784591.46,15864.64,3,1,1,1,0,0.728,17,0,0.2381,18.13,0.0,0.65,0.46,0.5638,0.6454,0.7436
1488099.16,143200.47,6,1,1,1,0,0.779,6,0,0.1544,2.6,0.0,0.85,0.8706,0.356,0.8636,0.9239
1024376.53,60187.04,3,2,1,1,0,0.711,18,1,0.1423,8.51,0.0,0.95,0.99,0.464,0.9271,0.9478
859838.59,19902.47,2,2,2,2,2,0.686,11,0,0.2277,25.92,0.0,0.89,0.7746,0.9784,0.2756,0.9118
702057.9,6134.63,2,1,1,1,1,0.971,13,0,0.1519,57.22,0.0,0.92,0.1139,0.2705,0.2049,0.9651
1059690.72,63661.76,4,1,1,1,0,0.783,23,1,0.3483,6.24,0.0,0.7,0.9398,0.4061,0.9094,0.8881
2323131.21,161486.57,4,1,1,1,0,0.771,4,1,0.2751,5.39,0.0,0.9,0.9693,0.3933,0.9506,0.9365
184326.82,4210.08,2,3,3,2,2,0.443,6,0,0.2028,26.27,0.0,0.71,0.7879,0.8893,0.1844,0.8633
450108.62,13689.76,5,2,1,1,0,0.737,14,1,0.2808,9.86,0.0,0.83,0.9286,0.4539,0.943,0.9197
534836.86,4783.37,4,3,1,2,1,0.578,6,0,0.2844,33.54,0.0,0.89,0.868,0.87,0.1411,0.911
944981.1,10795.91,2,1,2,1,0,0.524,22,0,0.2646,48.14,0.0,0.59,0.5658,0.5216,0.6137,0.7258
1536318.07,157341.48,3,1,1,1,0,0.928,16,1,0.3117,4.88,0.0,0.91,0.8919,0.5472,0.9154,0.9384
1271925.31,89518.63,3,2,1,1,0,0.977,14,1,0.3324,7.1,0.0,0.81,0.9575,0.4172,0.8576,0.9142
244032.67,6426.47,3,5,2,2,2,0.423,9,0,0.3245,15.19,0.0,0.71,0.8387,0.9217,0.1764,0.8654
529053.06,7126.02,1,1,1,1,0,0.986,10,0,0.0676,74.24,0.0,0.8,0.0695,0.1404,0.0924,0.9437
649728.12,11801.24,4,5,3,1,1,0.573,11,0,0.1607,16.52,0.0,0.58,0.8004,0.9543,0.288,0.8318
656584.56,3178.05,1,1,1,1,0,0.949,14,0,0.1596,206.6,0.0,0.79,0.1657,0.2348,0.1906,0.9428
1882175.32,107907.53,4,1,1,1,0,0.897,18,0,0.2914,6.54,0.0,0.72,0.9742,0.5061,0.9121,0.8923
635855.61,74538.56,4,1,1,1,0,0.8,0,1,0.165,3.2,0.0,0.93,0.9882,0.5743,0.8532,0.9432
1257649.75,53205.6,4,1,1,1,0,0.748,18,1,0.3244,8.86,0.0,0.78,0.9542,0.5979,0.9082,0.9064
520729.85,1535.27,2,1,1,1,0,0.967,9,0,0.1827,169.59,0.0,0.92,0.0861,0.2679,0.2046,0.9651
1280529.72,57845.16,6,1,1,1,0,0.799,20,0,0.2246,5.53,0.0,0.7,0.8563,0.5793,0.8021,0.8888
1146646.42,34381.48,6,2,1,1,0,0.829,3,1,0.3471,8.34,0.0,0.79,0.99,0.4958,0.9018,0.9092
1447363.59,21470.87,4,3,1,2,1,0.475,6,0,0.2109,20.22,0.0,0.72,0.7606,0.9034,0.3231,0.8666
669096.07,6484.96,4,5,3,1,2,0.671,14,0,0.2837,30.95,0.0,0.53,0.8777,0.974,0.3342,0.8183
772649.23,15474.57,4,2,1,2,1,0.555,10,0,0.2908,14.98,0.0,0.78,0.8586,0.875,0.3266,0.8828
1098496.7,13903.54,3,2,2,2,1,0.525,21,0,0.379,31.6,0.0,0.76,0.7782,0.9836,0.3464,0.8771
1153229.32,151399.73,5,2,1,1,0,0.753,18,1,0.2378,2.29,0.0,0.87,0.9345,0.5866,0.9538,0.9299
20255.46,75.67,1,1,1,1,0,0.968,12,0,0.0911,267.68,0.0,0.84,0.2502,0.1938,0.1892,0.9509
2199443.91,415802.98,4,2,1,1,0,0.825,12,0,0.1762,1.98,0.0,0.74,0.9727,0.4128,0.8743,0.8983
584450.47,3823.47,1,1,1,1,1,0.936,14,0,0.1046,152.86,0.0,0.79,0.1731,0.1096,0.2301,0.9414
670791.4,8161.9,2,2,1,1,0,0.506,13,0,0.1337,45.2,0.0,0.49,0.6133,0.6481,0.5278,0.6961
81375.44,2961.47,5,2,1,1,0,0.79,18,0,0.1584,8.24,0.0,0.86,0.9181,0.5125,0.8606,0.9274
540251.71,8560.02,1,1,1,1,0,0.962,13,0,0.0641,63.11,0.0,0.99,0.0936,0.2673,0.2236,0.9779
175453.01,374.66,2,1,1,1,1,0.981,16,0,0.1371,234.15,0.0,0.93,0.1467,0.2481,0.1624,0.968
1023255.38,12565.12,4,5,3,1,1,0.51,15,0,0.2084,24.43,0.0,0.73,0.8958,0.8726,0.1209,0.8694
481868.62,1748.73,1,1,1,1,0,0.956,13,0,0.1892,275.55,0.0,0.91,0.2514,0.2102,0.205,0.9637
766471.83,17957.11,2,2,1,1,0,0.563,8,0,0.1997,23.48,0.0,0.65,0.4571,0.4693,0.4901,0.7462
351543.12,3362.55,2,1,2,1,0,0.673,14,1,0.2409,57.5,0.0,0.47,0.6549,0.6204,0.6545,0.6912
1149020.2,35446.1,6,2,1,1,0,0.72,10,1,0.1031,8.1,0.0,0.73,0.8988,0.4293,0.9032,0.8949
167579.05,2563.34,3,4,3,1,2,0.546,10,0,0.3121,26.15,0.0,0.77,0.8705,0.8651,0.2388,0.8805
1156838.7,27362.39,4,4,2,1,2,0.434,20,0,0.1876,12.68,0.0,0.5,0.7683,0.9062,0.2937,0.8107
1962474.82,141433.17,5,2,1,1,0,0.752,23,1,0.171,4.16,0.0,0.89,0.99,0.38,0.837,0.9344
2202267.56,109065.43,5,2,1,1,0,0.718,10,0,0.2439,6.06,0.0,0.73,0.9287,0.4486,0.9452,0.8949
677314.75,4240.24,2,1,1,1,0,0.956,13,0,0.1504,79.87,0.0,0.73,0.1217,0.2729,0.0773,0.9316
545570.98,8245.81,3,3,1,1,1,0.366,20,0,0.3144,26.47,0.0,0.54,0.8389,0.9088,0.2435,0.8209
973564.87,9356.8,2,1,2,1,0,0.578,22,0,0.1296,57.23,0.0,0.5,0.6269,0.584,0.508,0.6995
752059.47,4497.06,1,1,1,1,0,0.927,12,0,0.1788,167.23,0.0,0.82,0.0587,0.0934,0.2443,0.9477
749118.86,8161.3,4,3,2,2,1,0.539,17,0,0.3073,27.54,0.0,0.69,0.9106,0.908,0.2862,0.8596
544846.94,2622.34,1,1,1,1,0,0.982,11,0,0.1495,207.77,0.0,0.88,0.085,0.2549,0.0981,0.9586
149400.77,775.24,2,1,1,1,1,0.901,17,0,0.1363,96.36,0.0,0.82,0.1023,0.0845,0.0742,0.9476
2393766.11,598623.54,3,1,1,1,0,0.831,6,1,0.1672,2.0,0.0,0.69,0.9639,0.5643,0.8775,0.8862
702018.91,53880.22,4,1,1,1,0,0.941,9,0,0.262,4.89,0.0,0.79,0.8652,0.5719,0.9697,0.9093
451731.18,2812.8,1,1,1,1,0,0.935,13,0,0.1792,160.6,0.0,0.89,0.0526,0.1255,0.1404,0.9596
1069527.91,14509.18,4,3,1,1,2,0.602,16,0,0.3738,22.11,0.0,0.72,0.9059,0.9447,0.3119,0.8678
1780977.59,113614.49,6,1,1,1,0,0.861,13,1,0.2081,3.92,0.0,0.8,0.99,0.4138,0.9599,0.911
338813.12,20980.84,3,4,1,1,1,0.658,6,0,0.1667,6.46,0.0,0.67,0.8869,0.9716,0.2983,0.8533
1291977.42,75117.62,3,1,1,1,0,0.867,10,1,0.231,8.6,0.0,0.62,0.9533,0.4555,0.8819,0.8689
927929.02,11041.57,2,2,1,1,0,0.779,6,0,0.1982,46.22,0.0,0.77,0.6161,0.552,0.6211,0.7797
754376.61,2897.69,2,1,1,1,0,0.903,10,0,0.1927,130.17,0.0,0.75,0.1645,0.1173,0.2067,0.9343
323298.13,2892.42,4,3,1,2,2,0.568,9,0,0.4,33.53,0.0,0.82,0.8913,0.9407,0.284,0.8944
82901.71,607.56,1,1,1,1,1,0.904,16,0,0.1978,136.45,0.0,0.98,0.1515,0.1907,0.1373,0.9762
613494.68,59218.73,5,1,1,1,0,0.766,14,0,0.171,3.11,0.0,0.77,0.9596,0.4772,0.8305,0.9054
291970.88,3187.23,3,2,1,1,0,0.802,3,0,0.2691,33.59,0.0,0.58,0.5098,0.6248,0.5726,0.7234
2376369.67,77840.4,5,1,1,1,0,0.718,13,1,0.2442,9.16,0.0,0.73,0.9896,0.3563,0.9579,0.8953
480188.16,31474.67,2,3,3,1,1,0.686,21,0,0.2177,9.15,0.0,0.79,0.8114,0.8688,0.1581,0.8866
1117900.58,285561.79,5,2,1,1,0,0.954,12,0,0.2193,1.17,0.0,0.67,0.8955,0.5308,0.99,0.8801
1036918.77,58434.28,2,4,2,2,1,0.447,15,0,0.2178,10.65,0.0,0.57,0.9029,0.9495,0.1745,0.8289
484177.62,966.35,2,1,1,1,0,0.953,13,0,0.1442,250.52,0.0,0.89,0.2291,0.161,0.1971,0.96
619496.59,2611.96,1,1,1,1,1,0.929,9,0,0.0835,237.18,0.0,0.84,0.125,0.0973,0.0862,0.9515
1185130.29,60363.35,6,2,1,1,0,0.883,20,1,0.2657,4.91,0.0,0.63,0.9521,0.5568,0.9547,0.8716
250837.8,2847.44,2,1,1,1,0,0.557,12,0,0.2363,48.45,0.0,0.76,0.6803,0.57,0.5699,0.7781
592042.95,19551.76,2,2,2,1,0,0.816,0,1,0.2272,16.65,0.0,0.77,0.6536,0.6423,0.5668,0.7804
373816.93,1449.59,1,1,1,1,1,0.973,13,0,0.1724,257.88,0.0,0.72,0.1427,0.1776,0.0574,0.9301
1154078.2,136124.51,3,1,1,1,0,0.816,5,0,0.2684,4.24,0.0,0.93,0.963,0.3824,0.8328,0.9438
1409378.61,104548.81,3,2,1,1,0,0.716,3,1,0.1551,6.74,0.0,0.61,0.914,0.5547,0.8005,0.8674
361196.4,45433.92,4,2,1,1,0,0.75,3,1,0.2531,2.98,0.0,0.72,0.9503,0.5634,0.8706,0.8927
768498.95,1940.15,2,1,1,1,1,0.93,13,0,0.1022,198.05,0.0,0.93,0.2052,0.2192,0.1249,0.968
766585.87,1841.23,2,1,1,1,1,0.98,17,0,0.097,208.17,0.0,0.97,0.0598,0.1512,0.1833,0.9752
101997.44,1596.44,2,1,2,1,0,0.647,10,0,0.1361,35.14,0.0,0.71,0.6373,0.6651,0.4685,0.763
264893.54,1788.23,2,1,1,1,1,0.929,16,0,0.1653,74.07,0.0,0.91,0.073,0.192,0.1162,0.9638
442291.48,5299.66,2,1,1,1,0,0.552,20,0,0.1273,45.9,0.0,0.53,0.6583,0.416,0.4559,0.7075
1405666.29,113896.7,3,2,1,1,0,0.815,16,0,0.1307,6.17,0.0,0.71,0.9579,0.3587,0.94,0.8901
1095037.48,157557.64,3,1,1,1,0,0.878,0,1,0.2524,3.48,0.0,0.72,0.99,0.5877,0.8459,0.8938
746123.21,5738.27,3,1,2,1,0,0.797,2,0,0.1237,47.68,0.0,0.72,0.6838,0.5094,0.5078,0.7671
1435772.01,35648.48,3,5,1,1,1,0.392,12,0,0.3801,16.11,0.0,0.55,0.7917,0.8999,0.122,0.824
443616.6,16373.18,5,2,1,1,0,0.897,0,1,0.133,8.13,0.0,0.67,0.905,0.4051,0.9284,0.8811
890219.08,65061.24,4,2,1,1,0,0.739,2,1,0.3009,5.13,0.0,0.8,0.911,0.3521,0.803,0.9109
488325.01,6087.61,4,3,1,2,2,0.644,17,0,0.2604,24.06,0.0,0.66,0.8586,0.8713,0.2338,0.8511
743482.75,1770.92,2,1,1,1,1,0.973,11,0,0.0794,209.91,0.0,0.9,0.2454,0.2238,0.1331,0.9626
142346.04,2653.18,2,2,3,2,1,0.483,6,0,0.1637,32.19,0.0,0.81,0.8718,0.9124,0.2831,0.8906
1159264.64,22543.97,2,2,2,1,2,0.637,8,0,0.3651,30.85,0.0,0.56,0.8145,0.8893,0.1522,0.8262
902490.42,39906.87,4,1,1,1,0,0.86,7,1,0.3014,8.48,0.0,0.93,0.9373,0.3878,0.9848,0.944
1336866.17,25037.63,4,2,1,1,1,0.392,11,0,0.2051,16.02,0.0,0.53,0.8923,0.9732,0.2236,0.8181
1116236.34,14670.8,3,2,1,2,2,0.565,13,0,0.2369,30.43,0.0,0.85,0.7649,0.9141,0.1791,0.9002
812027.29,6506.05,3,1,1,1,0,0.573,0,0,0.1078,45.76,0.0,0.59,0.4815,0.4975,0.4973,0.7258
668514.99,5682.07,3,2,2,1,0,0.668,10,0,0.2493,43.14,0.0,0.51,0.4622,0.4157,0.4952,0.7028
817820.18,21688.34,2,4,1,1,1,0.443,15,0,0.1694,22.62,0.0,0.64,0.7933,0.9705,0.3129,0.8468
1838669.38,99596.49,3,2,1,1,0,0.777,11,0,0.3369,9.23,0.0,0.83,0.8825,0.4834,0.908,0.9194
279174.22,7822.75,6,2,1,1,0,0.72,1,1,0.1423,8.92,0.0,0.73,0.9817,0.4018,0.8544,0.8962
1044537.21,14617.72,4,4,2,2,1,0.606,12,0,0.2826,21.44,0.0,0.58,0.833,0.9182,0.1795,0.832
325207.11,8026.55,4,4,2,2,1,0.498,11,0,0.3768,12.15,0.0,0.64,0.9042,0.9673,0.2408,0.8473
1649400.26,123072.52,3,1,1,1,0,0.831,16,0,0.1958,6.7,0.0,0.81,0.8665,0.5359,0.8888,0.9146
746981.04,1719.65,2,1,1,1,1,0.919,14,0,0.1333,217.19,0.0,0.79,0.157,0.107,0.1983,0.9417
1973150.1,120621.21,5,2,1,1,0,0.933,13,0,0.3425,4.91,0.0,0.86,0.9781,0.5359,0.9163,0.926
1110099.08,30244.48,2,5,3,2,2,0.43,21,0,0.1678,22.02,0.0,0.78,0.8179,0.9474,0.2097,0.8831
2144539.35,728813.24,4,2,1,1,0,0.93,15,1,0.2978,1.1,0.0,0.72,0.99,0.5784,0.9239,0.8919
1937303.8,117622.34,6,2,1,1,0,0.713,17,0,0.2726,4.12,0.0,0.92,0.9622,0.4485,0.8529,0.9411
172074.91,411.58,2,1,1,1,0,0.985,14,0,0.1006,209.04,0.0,0.77,0.0649,0.2529,0.1721,0.9393
854938.34,10672.77,3,2,1,1,0,0.812,15,0,0.2034,29.37,0.0,0.74,0.5681,0.4464,0.5245,0.7728
999766.41,17957.93,2,2,2,1,0,0.716,9,0,0.1024,30.62,0.0,0.55,0.4733,0.5449,0.4212,0.7152
2172394.34,58001.57,6,1,1,1,0,0.77,11,0,0.3096,9.36,0.0,0.7,0.9204,0.3997,0.9368,0.8885
240501.83,2742.66,1,1,1,1,1,0.962,9,0,0.099,87.69,0.0,0.77,0.2423,0.1156,0.1657,0.9378
1210035.1,107086.4,3,2,1,1,0,0.931,21,0,0.2012,5.65,0.0,0.7,0.8709,0.4717,0.8976,0.8873
452740.74,2634.79,2,1,1,1,0,0.947,15,0,0.1758,85.92,0.0,0.75,0.1212,0.1373,0.1212,0.9355
330317.81,1165.83,2,1,1,1,1,0.936,12,0,0.1555,141.67,0.0,0.86,0.2324,0.2666,0.1935,0.9549
608640.68,14492.92,2,2,1,1,0,0.814,0,0,0.159,23.1,0.0,0.52,0.5505,0.4802,0.4675,0.7072
322217.29,4413.55,1,1,1,1,1,0.975,14,0,0.1582,73.01,0.0,0.75,0.1888,0.1612,0.1811,0.9344
454522.33,4030.23,2,1,1,1,0,0.959,9,0,0.1142,56.39,0.0,0.82,0.1153,0.1411,0.1899,0.9482
69179.36,2816.74,3,2,1,1,1,0.666,19,0,0.3628,9.82,0.0,0.5,0.7969,0.9796,0.1387,0.8105
773387.96,11217.43,4,2,1,1,1,0.613,14,0,0.3228,20.68,0.0,0.72,0.8108,0.9464,0.1642,0.8668
835224.85,24771.09,3,3,1,1,1,0.574,18,0,0.2473,13.49,0.0,0.9,0.8792,0.8963,0.2953,0.9137
1539387.16,46879.13,5,2,1,1,0,0.739,15,1,0.1584,9.85,0.0,0.72,0.99,0.5959,0.8771,0.8917
2335583.35,550346.26,3,2,1,1,0,0.725,17,1,0.2878,2.12,0.0,0.82,0.9166,0.4335,0.8246,0.9161
1235261.08,28487.78,2,4,1,1,1,0.668,14,0,0.3383,26.02,0.0,0.71,0.7679,0.9581,0.1443,0.8646
804579.2,126611.43,5,1,1,1,0,0.915,0,1,0.2123,1.91,0.0,0.79,0.99,0.4239,0.9264,0.9107
2288087.14,69439.66,5,1,1,1,0,0.83,9,1,0.3436,9.89,0.0,0.67,0.8971,0.5139,0.9804,0.8796
142808.21,3623.06,4,2,3,2,2,0.429,9,0,0.2706,11.82,0.0,0.73,0.881,0.8911,0.3093,0.8687
2004266.73,82764.82,4,2,1,1,0,0.904,18,1,0.2063,9.08,0.0,0.67,0.916,0.4985,0.9007,0.8805
512126.95,10154.5,2,4,1,1,2,0.407,13,0,0.3678,30.26,0.0,0.59,0.8246,0.8827,0.1615,0.8328
1441129.44,16272.81,4,5,2,2,1,0.689,8,0,0.2227,26.57,0.0,0.75,0.7605,0.9623,0.1347,0.8741
985184.27,209069.96,6,1,1,1,0,0.97,13,1,0.2873,1.18,0.0,0.73,0.9283,0.5287,0.8732,0.894
261568.37,4564.0,2,4,2,1,2,0.671,19,0,0.2593,34.39,0.0,0.62,0.8117,0.9603,0.2201,0.841
778035.98,3423.75,2,1,1,1,0,0.94,17,0,0.1718,113.62,0.0,0.73,0.1973,0.1462,0.0759,0.9311
272000.36,5125.45,1,1,1,1,1,0.999,13,0,0.0934,53.07,0.0,0.92,0.0785,0.2107,0.0619,0.966
2447233.24,135114.94,3,1,1,1,0,0.72,22,1,0.1125,9.06,0.0,0.94,0.99,0.4857,0.9324,0.9449
400129.9,2003.46,2,1,1,1,0,0.986,11,0,0.1564,99.86,0.0,0.78,0.1139,0.2213,0.085,0.9411
246208.55,2279.42,3,1,1,1,0,0.615,0,0,0.2157,39.6,0.0,0.7,0.4605,0.6468,0.4628,0.7594
970663.98,24252.95,2,2,2,1,1,0.36,11,0,0.2425,24.01,0.0,0.63,0.9007,0.9709,0.188,0.8434
2159798.19,494688.46,4,1,1,1,0,0.871,19,0,0.1193,1.64,0.0,0.89,0.9102,0.4968,0.9281,0.9337
918309.03,9637.82,2,2,1,1,0,0.547,13,1,0.2508,52.41,0.0,0.63,0.6125,0.656,0.5049,0.7376
114570.58,3516.21,5,2,1,1,0,0.86,1,1,0.1263,9.78,0.0,0.75,0.9734,0.482,0.835,0.9005
367203.81,6440.98,4,2,3,2,2,0.469,17,0,0.2487,17.1,0.0,0.75,0.8841,0.9546,0.2931,0.8744
2283756.32,68762.05,6,2,1,1,0,0.887,4,1,0.2515,8.3,0.0,0.66,0.8938,0.3687,0.8484,0.879
1181227.99,58012.97,5,1,1,1,0,0.98,20,1,0.1731,6.11,0.0,0.94,0.9224,0.4992,0.99,0.9449
793706.31,3878.39,1,1,1,1,1,0.924,13,0,0.0736,204.65,0.0,0.91,0.0643,0.0816,0.0565,0.9641
1460709.03,43675.39,3,5,1,2,1,0.351,10,0,0.3338,13.38,0.0,0.74,0.7697,0.8762,0.1304,0.8721
196140.26,18980.07,3,2,1,1,0,0.863,14,0,0.2352,5.17,0.0,0.66,0.9038,0.3968,0.9798,0.8795
1948425.39,210872.58,5,1,1,1,0,0.847,23,1,0.1403,2.77,0.0,0.66,0.99,0.3916,0.8957,0.8772
62429.88,657.41,2,2,2,1,0,0.59,23,0,0.1198,52.23,0.0,0.51,0.6351,0.6116,0.5876,0.7021
2140074.94,292158.9,5,2,1,1,0,0.712,15,1,0.1767,2.2,0.0,0.91,0.9225,0.4973,0.8626,0.9377
303554.01,1334.74,2,1,1,1,1,0.975,9,0,0.1415,113.71,0.0,0.79,0.1053,0.1473,0.1125,0.9421
2015581.05,52081.07,6,1,1,1,0,0.778,22,1,0.1131,9.68,0.0,0.92,0.9253,0.3643,0.8404,0.9406
95574.32,3253.75,3,3,1,1,1,0.44,8,0,0.3712,11.75,0.0,0.56,0.7808,0.974,0.2597,0.8253
186059.25,553.6,2,1,1,1,0,0.99,10,0,0.0885,168.04,0.0,0.84,0.1538,0.2543,0.2284,0.9508
440071.13,9514.98,3,5,1,1,2,0.655,11,0,0.3632,18.5,0.0,0.74,0.8777,0.9609,0.2365,0.8729
635909.87,2277.74,2,1,1,1,0,0.953,17,0,0.1491,139.59,0.0,0.87,0.1861,0.1729,0.2018,0.9569
1297108.74,40225.0,6,2,1,1,0,0.936,0,1,0.2314,8.06,0.0,0.71,0.99,0.4507,0.8937,0.8913
1382489.2,13739.95,4,3,1,1,1,0.564,7,0,0.1553,30.19,0.0,0.72,0.7723,0.9725,0.3461,0.8675
688269.07,9168.94,3,3,3,2,1,0.387,20,0,0.3112,30.03,0.0,0.72,0.8722,0.9824,0.2993,0.8677
1909849.96,89509.22,5,2,1,1,0,0.948,13,0,0.2082,6.4,0.0,0.62,0.9391,0.5374,0.8887,0.8683
895775.97,10473.26,4,5,3,1,2,0.419,12,0,0.3189,25.66,0.0,0.54,0.883,0.9393,0.2844,0.8199
592496.69,25852.99,5,2,1,1,0,0.861,8,0,0.2027,6.88,0.0,0.87,0.9143,0.5915,0.8597,0.9292
334577.44,46660.69,3,1,1,1,0,0.836,12,0,0.2744,3.59,0.0,0.78,0.8939,0.3645,0.8583,0.9071
737378.05,1336.99,2,1,1,1,1,0.903,12,0,0.0554,275.76,0.0,0.76,0.1412,0.2559,0.0543,0.9375
988861.57,18719.34,4,5,2,2,2,0.427,6,0,0.1895,15.85,0.0,0.58,0.7563,0.9135,0.2827,0.8307
807720.24,21107.16,2,3,2,2,1,0.508,21,0,0.3347,22.96,0.0,0.8,0.8459,0.9465,0.237,0.8891
588854.84,1244.87,2,1,1,1,0,0.963,14,0,0.0538,236.51,0.0,0.74,0.2261,0.1238,0.2182,0.9326
1938235.38,121774.46,3,1,1,1,0,0.935,17,0,0.1314,7.96,0.0,0.92,0.9597,0.4651,0.9031,0.9404
905037.88,20443.0,3,3,1,1,1,0.7,16,0,0.2621,17.71,0.0,0.71,0.8554,0.9354,0.3427,0.865
72233.98,1583.36,2,1,2,1,0,0.824,23,0,0.1765,25.09,0.0,0.41,0.6884,0.4043,0.4635,0.6726
978072.88,13681.17,4,4,3,2,2,0.517,8,0,0.3454,21.45,0.0,0.88,0.8513,0.8805,0.135,0.9086
485596.31,22259.54,6,2,1,1,0,0.701,23,1,0.1594,5.45,0.0,0.75,0.9408,0.4885,0.8158,0.8992
57222.98,670.91,3,5,2,2,1,0.59,6,0,0.2844,34.12,0.0,0.64,0.8681,0.8969,0.2911,0.8469
1189766.77,22914.76,3,3,3,2,2,0.638,14,0,0.1608,20.77,0.0,0.71,0.9156,0.9523,0.1902,0.8654
41527.09,412.14,1,1,1,1,1,0.905,11,0,0.1253,100.76,0.0,0.9,0.0615,0.2408,0.1108,0.9618
95485.31,1052.59,2,1,1,1,0,0.915,12,0,0.112,45.36,0.0,0.89,0.0821,0.2631,0.2054,0.9609
886390.38,24019.82,4,2,2,2,2,0.467,14,0,0.1768,11.07,0.0,0.68,0.8581,0.8616,0.1449,0.8578
967996.89,48933.82,3,2,1,1,0,0.771,4,1,0.1365,9.89,0.0,0.61,0.9633,0.5699,0.9463,0.8661
411318.44,23177.09,3,1,1,1,0,0.897,13,0,0.1587,8.87,0.0,0.77,0.9403,0.4988,0.9174,0.9042
1134958.59,16593.29,3,5,1,2,1,0.414,15,0,0.3042,27.36,0.0,0.7,0.8429,0.9764,0.1892,0.8625
1754334.66,210570.16,5,2,1,1,0,0.978,11,1,0.2822,2.5,0.0,0.77,0.9266,0.4612,0.8316,0.9049
134986.18,1676.62,4,3,3,1,1,0.573,19,0,0.2384,24.15,0.0,0.86,0.7841,0.8889,0.2727,0.9034
1164211.02,219973.8,4,1,1,1,0,0.926,17,0,0.2724,1.98,0.0,0.68,0.97,0.5059,0.848,0.883
89010.17,5827.59,5,1,1,1,0,0.8,16,0,0.1596,4.58,0.0,0.63,0.8641,0.4998,0.8975,0.8717
479824.61,8472.51,2,2,2,1,0,0.614,16,0,0.2421,31.15,0.0,0.56,0.5971,0.5253,0.568,0.7171
336849.09,2477.05,1,1,1,1,0,0.994,17,0,0.0963,135.99,0.0,0.99,0.122,0.2767,0.0884,0.978
103628.48,1085.97,3,1,1,1,0,0.672,1,0,0.1108,34.99,0.0,0.54,0.6106,0.5809,0.4747,0.7129
1242410.44,48542.08,4,1,1,1,0,0.724,9,1,0.102,9.6,0.0,0.78,0.9663,0.4884,0.9047,0.9065
458365.2,11418.21,4,2,2,2,1,0.64,9,0,0.3734,12.04,0.0,0.72,0.8881,0.9467,0.151,0.8677
726605.26,17792.13,2,2,2,1,0,0.71,6,1,0.1888,22.46,0.0,0.8,0.5204,0.5481,0.4685,0.7887
285392.88,12384.96,2,2,1,1,2,0.363,21,0,0.1666,13.83,0.0,0.58,0.8228,0.9813,0.1611,0.831
2473826.79,160198.74,4,1,1,1,0,0.973,18,0,0.1783,5.79,0.0,0.73,0.8943,0.4833,0.8721,0.8943
1376455.93,19634.72,3,5,1,2,1,0.483,18,0,0.3717,28.04,0.0,0.61,0.8159,0.9867,0.1945,0.8399
741130.8,98332.48,3,1,1,1,0,0.961,22,0,0.2061,3.77,0.0,0.85,0.9096,0.3623,0.9585,0.9234
1410627.48,36616.93,4,3,1,1,2,0.629,20,0,0.2518,11.56,0.0,0.57,0.8935,0.9647,0.2876,0.8278
226169.38,11780.56,6,1,1,1,0,0.707,3,1,0.1019,4.8,0.0,0.88,0.9703,0.5326,0.9532,0.9312
1282521.31,204204.28,4,1,1,1,0,0.937,14,0,0.2922,2.36,0.0,0.76,0.9684,0.4999,0.9483,0.9017
541483.98,1103.95,2,1,1,1,1,0.96,10,0,0.0682,245.25,0.0,0.88,0.0588,0.2646,0.2227,0.9585
1504811.63,57057.21,6,2,1,1,0,0.912,15,0,0.1312,6.59,0.0,0.8,0.9493,0.4214,0.8702,0.9122
605440.61,1295.13,2,1,1,1,0,0.913,9,0,0.0733,233.74,0.0,0.87,0.1392,0.1595,0.1199,0.9563
420007.19,1515.69,1,1,1,1,1,0.961,13,0,0.1592,277.11,0.0,0.78,0.252,0.0839,0.0977,0.9399
141625.89,1306.0,4,4,1,2,1,0.511,15,0,0.2763,32.53,0.0,0.88,0.7751,0.8964,0.271,0.9079
900826.37,35163.16,6,2,1,1,0,0.794,6,0,0.2846,6.4,0.0,0.92,0.9354,0.5615,0.9698,0.9396
1404550.85,33643.7,4,4,3,1,1,0.508,11,0,0.3926,12.52,0.0,0.6,0.8105,0.9604,0.1984,0.8361
99425.13,3906.48,3,5,2,2,2,0.698,12,0,0.3453,10.18,0.0,0.51,0.8063,0.8606,0.2399,0.8123
1139173.35,94284.18,2,4,1,2,1,0.467,10,0,0.2615,7.25,0.0,0.66,0.8621,0.9546,0.3344,0.8523
1760296.93,110407.5,3,1,1,1,0,0.74,9,0,0.3105,7.97,0.0,0.79,0.8707,0.5065,0.8874,0.9106
1473648.39,41756.56,6,2,1,1,0,0.883,7,0,0.1325,8.82,0.0,0.88,0.9353,0.4213,0.8965,0.9302
336356.86,2522.6,1,1,1,1,0,0.972,11,0,0.1318,133.34,0.0,0.88,0.1446,0.1732,0.1031,0.9583
908640.6,8937.81,2,2,1,1,0,0.703,11,1,0.1323,55.91,0.0,0.69,0.6058,0.4849,0.5421,0.7581
90023.77,447.43,2,1,1,1,0,0.99,14,0,0.1285,100.6,0.0,0.91,0.2576,0.1144,0.0766,0.9641
2264663.19,174679.67,4,2,1,1,0,0.757,23,1,0.2032,4.86,0.0,0.69,0.9614,0.5451,0.9595,0.886
1870672.65,93574.12,6,2,1,1,0,0.864,0,1,0.243,5.0,0.0,0.61,0.9222,0.4667,0.9222,0.8672
524374.95,123764.53,4,1,1,1,0,0.721,4,1,0.1425,1.59,0.0,0.7,0.9647,0.5912,0.9033,0.8868
599709.6,20771.7,3,4,3,2,2,0.517,17,0,0.2215,11.55,0.0,0.64,0.8832,0.9165,0.3015,0.8471
73875.9,633.49,4,5,1,2,2,0.627,6,0,0.2503,34.99,0.0,0.85,0.8583,0.8993,0.2681,0.9
329072.53,2817.55,1,1,1,1,0,0.996,16,0,0.1213,116.79,0.0,0.7,0.0523,0.2271,0.2116,0.9269
1504998.81,47673.02,5,2,1,1,0,0.818,2,1,0.2003,9.47,0.0,0.76,0.99,0.4975,0.9422,0.9031
1692760.3,112750.58,3,1,1,1,0,0.926,22,1,0.2992,7.51,0.0,0.86,0.9665,0.4531,0.839,0.9252
164558.98,5063.03,5,1,1,1,0,0.896,17,0,0.1756,9.75,0.0,0.91,0.9695,0.5111,0.9769,0.9385
295958.56,14232.72,6,2,1,1,0,0.788,14,1,0.3264,5.2,0.0,0.81,0.9634,0.5253,0.9233,0.9148
500358.13,4044.38,1,1,1,1,0,0.982,10,0,0.1141,123.72,0.0,0.8,0.1846,0.2167,0.2468,0.9435
1135031.37,39182.74,3,5,1,2,2,0.427,16,0,0.2515,11.59,0.0,0.88,0.9171,0.928,0.2484,0.9092
549500.53,6311.25,3,5,1,1,2,0.673,21,0,0.1986,34.83,0.0,0.85,0.8137,0.9792,0.3469,0.902
502294.86,1016.63,2,1,1,1,0,0.978,15,0,0.1972,247.04,0.0,0.76,0.1252,0.085,0.0964,0.9365
528706.28,1973.26,1,1,1,1,0,0.974,17,0,0.1878,267.94,0.0,0.96,0.1954,0.1106,0.1494,0.9722
620624.8,4813.78,3,2,2,1,0,0.759,8,1,0.1077,47.27,0.0,0.53,0.681,0.5935,0.6015,0.7099
260937.95,2742.48,1,1,1,1,1,0.931,15,0,0.0983,95.15,0.0,0.72,0.0923,0.1617,0.2316,0.9299
157460.61,4335.86,2,3,2,2,1,0.6,20,0,0.2398,21.79,0.0,0.58,0.8723,0.8806,0.1845,0.8299
523113.64,16554.65,2,2,1,1,0,0.52,12,0,0.2921,17.38,0.0,0.53,0.6183,0.6045,0.4754,0.709
17355.77,121.2,1,1,1,1,0,0.993,13,0,0.11,143.2,0.0,0.78,0.0781,0.2478,0.1894,0.9409
569374.24,26382.11,3,2,2,2,1,0.636,15,0,0.3425,8.63,0.0,0.85,0.8309,0.902,0.2873,0.9022
140662.53,1947.59,3,2,2,1,0,0.547,12,1,0.2109,26.48,0.0,0.46,0.4512,0.5736,0.5858,0.6874
2134047.41,234889.14,6,2,1,1,0,0.962,13,1,0.3261,2.27,0.0,0.76,0.9704,0.4782,0.99,0.9023
492621.97,22974.82,4,3,2,2,1,0.404,18,0,0.2396,6.43,0.0,0.53,0.7935,0.8688,0.2942,0.819
243393.4,16198.53,5,2,1,1,0,0.818,11,0,0.1966,4.51,0.0,0.94,0.852,0.5303,0.99,0.9458
2171888.71,175246.0,4,1,1,1,0,0.786,22,1,0.2675,4.65,0.0,0.75,0.8949,0.436,0.8551,0.9
795375.1,46537.62,3,1,1,1,0,0.924,12,1,0.1724,8.55,0.0,0.84,0.9038,0.3783,0.9395,0.9219
429875.35,45153.79,4,1,1,1,0,0.857,18,0,0.2739,3.57,0.0,0.79,0.9294,0.4617,0.9667,0.9088
309568.67,8317.82,2,2,1,1,1,0.497,11,0,0.3504,22.33,0.0,0.59,0.8269,0.8671,0.3227,0.8343
1288475.19,38517.15,2,5,1,2,1,0.469,8,0,0.3741,20.07,0.0,0.56,0.8265,0.9376,0.3209,0.8253
52763.55,12944.06,3,2,1,1,0,0.743,4,1,0.2371,2.04,0.0,0.91,0.99,0.5906,0.8452,0.9396
697073.6,12504.53,2,3,1,1,1,0.668,16,0,0.2842,33.45,0.0,0.67,0.8417,0.9644,0.2332,0.8533
339143.11,1327.86,1,1,1,1,0,0.972,15,0,0.1657,255.41,0.0,0.81,0.1716,0.1521,0.1909,0.9462
1153134.98,39293.46,3,2,2,2,1,0.587,9,0,0.3477,11.74,0.0,0.54,0.803,0.9607,0.3401,0.8198
146205.83,262.96,2,1,1,1,0,0.978,12,0,0.1012,278.0,0.0,0.97,0.2413,0.137,0.0667,0.9747
321391.93,3817.77,2,2,1,1,0,0.624,12,1,0.1588,46.3,0.0,0.51,0.555,0.5162,0.5415,0.7027
88429.3,1135.85,2,1,2,1,0,0.82,4,0,0.2539,42.82,0.0,0.73,0.6469,0.5252,0.63,0.7689
257917.21,1209.68,2,1,1,1,0,0.968,9,0,0.082,106.61,0.0,0.78,0.1988,0.2725,0.239,0.9409
1332675.23,34573.67,4,4,2,1,1,0.441,8,0,0.3671,11.56,0.0,0.74,0.7908,0.9052,0.1662,0.8719
511758.9,6908.95,3,4,1,2,1,0.387,20,0,0.2315,29.63,0.0,0.82,0.8401,0.9608,0.2148,0.8921
128779.98,406.6,2,1,1,1,0,0.975,15,0,0.0554,158.36,0.0,0.99,0.1971,0.1177,0.1228,0.9778
1061390.66,10435.68,4,3,3,2,2,0.354,7,0,0.2627,30.51,0.0,0.58,0.8303,0.8847,0.1303,0.8314
111141.56,6528.59,3,2,1,1,0,0.823,7,1,0.1617,8.51,0.0,0.8,0.99,0.5697,0.8954,0.9125
1652220.39,291960.8,3,2,1,1,0,0.726,13,0,0.2669,2.83,0.0,0.89,0.9484,0.5524,0.8874,0.9329
1210095.17,88828.6,4,2,1,1,0,0.817,19,0,0.2893,5.11,0.0,0.7,0.8848,0.4956,0.8734,0.887
1365556.14,27648.67,3,3,1,2,2,0.54,12,0,0.1821,19.76,0.0,0.69,0.8234,0.9653,0.1573,0.8594
480105.55,31050.77,6,1,1,1,0,0.848,3,1,0.2552,3.87,0.0,0.61,0.9683,0.4565,0.973,0.8674
307898.37,1908.44,3,1,1,1,0,0.64,14,1,0.1891,59.16,0.0,0.6,0.6365,0.5086,0.5471,0.731
376291.24,102367.97,4,2,1,1,0,0.786,5,1,0.2794,1.38,0.0,0.92,0.9561,0.5621,0.8077,0.9417
673290.42,34921.66,3,5,3,2,1,0.443,13,0,0.2304,7.71,0.0,0.51,0.8445,0.9207,0.2913,0.8126
561277.54,4169.15,3,1,2,1,0,0.588,12,0,0.2094,49.36,0.0,0.58,0.4547,0.4225,0.4451,0.7252
280976.23,49106.96,3,2,1,1,0,0.733,19,0,0.1595,2.86,0.0,0.78,0.9088,0.5317,0.9245,0.9068
896757.83,58971.41,2,4,1,2,2,0.404,6,0,0.2395,9.12,0.0,0.54,0.8784,0.9319,0.1719,0.8203
537665.64,4151.3,1,1,1,1,1,0.918,12,0,0.1952,129.52,0.0,0.92,0.1898,0.2607,0.1038,0.9652
1620842.95,65797.23,6,1,1,1,0,0.974,13,0,0.3243,6.16,0.0,0.64,0.9415,0.3784,0.8875,0.8745
452582.54,1350.89,2,1,1,1,1,0.997,13,0,0.1242,167.51,0.0,0.8,0.1087,0.1951,0.1407,0.9444
549507.97,6737.28,2,2,1,1,0,0.624,0,0,0.1247,44.86,0.0,0.7,0.4655,0.5663,0.61,0.7606
709702.18,14985.94,1,1,1,1,1,0.908,14,0,0.1835,47.36,0.0,0.92,0.1091,0.0925,0.1343,0.9664
1348968.77,283394.18,3,2,1,1,0,0.934,1,1,0.1827,2.38,0.0,0.79,0.9428,0.4666,0.9594,0.91
292040.58,3277.13,4,5,3,2,1,0.46,8,0,0.3473,26.73,0.0,0.72,0.9161,0.8906,0.3315,0.8667
1352529.21,70352.72,3,1,1,1,0,0.97,6,1,0.301,9.61,0.0,0.67,0.99,0.4867,0.9855,0.8805
523047.21,2425.31,1,1,1,1,1,0.903,14,0,0.0929,215.66,0.0,0.71,0.1658,0.2472,0.1881,0.9283
166506.91,1272.29,3,2,1,1,0,0.716,9,0,0.1818,47.99,0.0,0.74,0.6274,0.5251,0.4939,0.7714
479680.52,23784.3,4,1,1,1,0,0.773,2,1,0.1684,7.56,0.0,0.79,0.9179,0.5988,0.9308,0.9091
1125094.01,16721.63,4,3,1,1,2,0.489,6,0,0.1976,20.19,0.0,0.61,0.7959,0.8898,0.3391,0.8393
1238163.49,253520.15,6,2,1,1,0,0.703,7,1,0.2541,1.22,0.0,0.75,0.987,0.5903,0.855,0.901
258484.27,3048.77,1,1,1,1,1,0.945,15,0,0.1831,84.78,0.0,0.93,0.2187,0.1554,0.067,0.9674
782672.54,4436.42,2,1,1,1,0,0.963,12,0,0.0929,88.21,0.0,0.91,0.0655,0.2381,0.1936,0.9632
781212.88,40917.28,3,1,1,1,0,0.928,7,0,0.195,9.55,0.0,0.91,0.9213,0.5229,0.9307,0.9394
787991.68,7277.63,4,3,3,1,2,0.624,6,0,0.3758,32.48,0.0,0.66,0.8661,0.9585,0.3033,0.8527
1656399.79,94084.43,5,2,1,1,0,0.74,3,1,0.2517,5.28,0.0,0.62,0.8985,0.4118,0.833,0.8679
959657.59,30080.83,6,2,1,1,0,0.701,15,0,0.108,7.98,0.0,0.93,0.9118,0.5648,0.9246,0.943
176416.19,1570.27,1,1,1,1,0,0.955,13,0,0.0829,112.35,0.0,0.94,0.0582,0.1369,0.1026,0.9695
78164.61,4938.6,4,1,1,1,0,0.816,19,1,0.3265,5.94,0.0,0.84,0.99,0.384,0.8755,0.9224
486736.26,3222.05,3,1,2,1,0,0.642,5,0,0.2983,55.39,0.0,0.79,0.5241,0.6387,0.6264,0.7868
108537.46,5879.48,3,2,1,1,0,0.876,19,1,0.1716,9.23,0.0,0.85,0.9403,0.3746,0.9791,0.925
1377457.13,27748.76,2,4,2,1,2,0.632,6,0,0.3016,29.78,0.0,0.65,0.8726,0.9259,0.3027,0.8493
569140.97,9696.62,4,5,3,2,1,0.695,21,0,0.2353,17.61,0.0,0.72,0.8395,0.9714,0.3182,0.8684
264328.89,2161.92,3,1,2,1,0,0.775,21,0,0.2544,44.83,0.0,0.68,0.6284,0.5441,0.5685,0.7555
840122.54,22503.79,2,5,3,1,1,0.632,14,0,0.3816,22.4,0.0,0.82,0.8965,0.8774,0.1542,0.8925
1673421.51,440562.93,4,2,1,1,0,0.909,1,1,0.1992,1.42,0.0,0.88,0.9217,0.4955,0.9248,0.9323
321259.53,584.41,2,1,1,1,1,0.983,14,0,0.1731,274.86,0.0,0.77,0.1376,0.2253,0.1601,0.9381
784230.82,3527.91,1,1,1,1,1,0.941,13,0,0.1752,222.29,0.0,0.93,0.2377,0.1135,0.093,0.967
1349006.83,68563.02,4,1,1,1,0,0.751,22,0,0.2115,7.38,0.0,0.87,0.9571,0.5252,0.9413,0.93
1171511.21,107312.08,5,2,1,1,0,0.9,21,0,0.323,3.28,0.0,0.9,0.8891,0.4689,0.99,0.9361
1276439.07,77475.27,3,3,1,2,1,0.685,19,0,0.2928,6.59,0.0,0.71,0.8007,0.8923,0.2832,0.8651
1529681.88,66307.93,4,2,1,1,0,0.754,4,1,0.2265,8.65,0.0,0.78,0.99,0.3668,0.8769,0.9064
341322.22,6140.68,3,3,2,2,1,0.682,13,0,0.2534,22.23,0.0,0.75,0.7877,0.9495,0.2382,0.8756
902380.72,118168.17,3,2,1,1,0,0.769,0,1,0.283,3.82,0.0,0.91,0.953,0.4637,0.9369,0.9377
975187.5,10934.04,2,1,1,1,0,0.702,14,0,0.2144,49.05,0.0,0.54,0.498,0.4187,0.5908,0.7128
2213234.86,130119.99,5,1,1,1,0,0.972,23,1,0.2471,5.1,0.0,0.67,0.964,0.4524,0.9114,0.8799
2035344.34,170617.27,4,1,1,1,0,0.721,20,0,0.2064,4.47,0.0,0.84,0.8754,0.3525,0.966,0.9217
321215.42,2192.84,3,1,2,1,0,0.568,2,1,0.2824,53.71,0.0,0.63,0.5214,0.5396,0.6582,0.7379
1346189.81,29563.61,2,3,3,2,1,0.588,9,0,0.2664,27.32,0.0,0.56,0.8942,0.9826,0.1526,0.8255
512869.15,1990.51,1,1,1,1,0,0.922,14,0,0.1726,257.66,0.0,0.87,0.2001,0.2611,0.2488,0.9573
680049.19,31194.87,4,1,1,1,0,0.73,20,0,0.1965,8.18,0.0,0.88,0.9294,0.4587,0.9695,0.9302
866388.87,6432.56,3,2,1,1,0,0.603,2,0,0.2691,49.39,0.0,0.58,0.55,0.4073,0.6101,0.7231
484947.95,6177.82,4,3,1,2,2,0.518,16,0,0.1696,23.55,0.0,0.66,0.883,0.9701,0.1809,0.8504
291628.4,9863.81,2,5,3,2,2,0.475,15,0,0.2147,17.74,0.0,0.86,0.7751,0.9208,0.254,0.9029
128642.13,258.41,2,1,1,1,1,0.982,10,0,0.0518,248.91,0.0,0.86,0.1367,0.1702,0.1417,0.954
647528.25,6347.45,2,1,2,1,0,0.502,16,0,0.1956,56.11,0.0,0.78,0.6536,0.5144,0.469,0.7853
1322564.23,24417.54,3,2,1,2,2,0.543,13,0,0.2614,21.67,0.0,0.53,0.8314,0.8885,0.1203,0.817
775812.45,14395.63,1,1,1,1,0,0.983,10,0,0.129,53.89,0.0,0.8,0.0888,0.1124,0.0976,0.944
1120774.75,25787.11,3,2,1,2,2,0.658,15,0,0.2931,17.39,0.0,0.56,0.8534,0.9179,0.2787,0.8268
2062981.74,153584.67,3,1,1,1,0,0.705,9,0,0.1827,6.72,0.0,0.72,0.9148,0.4406,0.8772,0.8937
214313.07,9115.19,3,2,3,1,1,0.502,19,0,0.3927,9.4,0.0,0.74,0.8543,0.9708,0.3291,0.8724
217448.44,12327.8,6,1,1,1,0,0.761,6,1,0.3391,4.41,0.0,0.79,0.9834,0.5838,0.8427,0.9095
321765.47,19428.14,3,1,1,1,0,0.961,9,1,0.3156,8.28,0.0,0.88,0.9881,0.4468,0.9604,0.9321
621675.2,5432.23,4,5,1,1,2,0.477,16,0,0.2407,34.33,0.0,0.7,0.8891,0.8838,0.2936,0.8623
1404051.62,58503.07,4,2,3,1,2,0.413,17,0,0.1682,7.2,0.0,0.74,0.7521,0.9459,0.2882,0.8731
30614.8,609.95,2,2,2,2,2,0.6,7,0,0.3797,30.12,0.0,0.67,0.8811,0.9526,0.221,0.8533
2209318.93,225533.56,3,1,1,1,0,0.973,6,0,0.2009,4.9,0.0,0.7,0.9753,0.4445,0.9505,0.8874
88388.38,766.97,4,3,1,2,1,0.65,12,0,0.18,34.57,0.0,0.83,0.8741,0.9183,0.1872,0.8962
2412894.76,110820.66,4,2,1,1,0,0.966,5,0,0.3205,8.16,0.0,0.79,0.8711,0.4592,0.9872,0.9098
170406.03,409.39,2,1,1,1,0,0.935,17,0,0.1694,208.12,0.0,0.94,0.1819,0.1097,0.1153,0.9699
1190350.01,117830.48,6,2,1,1,0,0.705,4,1,0.1637,2.53,0.0,0.93,0.9562,0.4789,0.8894,0.9438
2427268.46,399975.84,6,1,1,1,0,0.716,15,1,0.2921,1.52,0.0,0.72,0.9617,0.3913,0.9625,0.8921
305692.07,6323.97,1,1,1,1,0,0.979,9,0,0.0733,48.34,0.0,0.77,0.1819,0.1958,0.1743,0.9381
434618.35,72788.65,6,2,1,1,0,0.87,17,0,0.1312,1.49,0.0,0.68,0.8949,0.5478,0.867,0.8841
55726.01,148.84,2,1,1,1,1,0.96,12,0,0.1476,187.2,0.0,0.98,0.1071,0.274,0.1604,0.9764
790518.07,27000.94,2,1,2,1,0,0.661,21,0,0.2972,16.1,0.0,0.6,0.4776,0.5397,0.5698,0.7295
651449.02,28482.92,5,1,1,1,0,0.782,6,1,0.1075,6.86,0.0,0.84,0.9645,0.5429,0.8225,0.9221
341981.97,5184.66,3,2,1,1,0,0.51,22,0,0.1825,24.19,0.0,0.42,0.6383,0.6636,0.5376,0.6751
1287432.16,45209.26,5,1,1,1,0,0.759,7,0,0.3315,8.54,0.0,0.68,0.9301,0.5986,0.8639,0.8841
206927.9,27308.0,4,2,1,1,0,0.85,9,1,0.2194,2.84,0.0,0.9,0.9509,0.5188,0.8357,0.9361
2135979.09,255940.22,4,2,1,1,0,0.886,4,1,0.2538,3.13,0.0,0.63,0.9107,0.5941,0.935,0.8706
1397738.74,385957.02,4,2,1,1,0,0.809,21,1,0.2243,1.36,0.0,0.66,0.909,0.414,0.9845,0.8791
1210961.72,52357.56,3,5,1,1,1,0.402,9,0,0.366,9.25,0.0,0.7,0.824,0.9285,0.2076,0.8609
224633.6,4087.74,4,5,3,1,2,0.37,6,0,0.2078,16.49,0.0,0.57,0.8912,0.9694,0.3472,0.8277
194594.27,11936.15,3,2,1,1,0,0.71,17,0,0.1298,8.15,0.0,0.81,0.8867,0.4904,0.8026,0.9148
2170286.63,921400.53,3,1,1,1,0,0.907,12,1,0.3279,1.18,0.0,0.68,0.986,0.5568,0.9722,0.8832
948324.93,16261.35,3,5,1,1,1,0.599,14,0,0.3897,23.33,0.0,0.89,0.8222,0.9134,0.2239,0.9115
1267195.61,29338.51,4,5,2,1,2,0.494,17,0,0.3825,12.96,0.0,0.74,0.7882,0.8615,0.2865,0.8731
191110.13,2325.11,1,1,1,1,1,0.916,9,0,0.1776,82.19,0.0,0.99,0.1917,0.1333,0.2014,0.9789
419561.11,10654.09,2,5,2,2,1,0.409,18,0,0.3688,23.63,0.0,0.78,0.814,0.9829,0.2095,0.8822
780011.38,56736.2,2,4,3,2,1,0.456,17,0,0.1962,8.25,0.0,0.56,0.883,0.9732,0.1367,0.8264
345324.76,1410.97,2,1,1,1,1,0.997,12,0,0.1109,122.37,0.0,0.97,0.2379,0.1723,0.2394,0.9742
240696.36,3222.16,3,2,2,1,0,0.539,11,0,0.2943,27.39,0.0,0.69,0.6687,0.6719,0.5259,0.7585
155377.38,1345.98,1,1,1,1,0,0.916,9,0,0.0899,115.44,0.0,0.97,0.1796,0.2685,0.1861,0.9753
87778.07,21629.64,5,1,1,1,0,0.946,4,1,0.1421,1.22,0.0,0.88,0.9145,0.4607,0.99,0.9316
759142.09,16572.92,2,2,2,1,2,0.41,17,0,0.3476,27.48,0.0,0.54,0.7524,0.9555,0.1802,0.8192
549775.16,8745.68,2,1,1,1,0,0.789,12,0,0.2031,34.57,0.0,0.77,0.6727,0.4922,0.6453,0.7812
629707.32,5908.1,2,2,1,1,0,0.841,4,1,0.2147,58.62,0.0,0.45,0.5541,0.4835,0.6651,0.6847
876831.01,11680.3,4,4,1,2,2,0.677,8,0,0.3588,22.52,0.0,0.58,0.7693,0.917,0.1618,0.8295
1483536.06,109806.5,6,2,1,1,0,0.763,17,0,0.2289,3.38,0.0,0.65,0.9253,0.5903,0.9274,0.8751
1134398.69,67360.11,3,1,1,1,0,0.948,9,0,0.1111,8.42,0.0,0.82,0.952,0.5476,0.9124,0.9168
208794.22,20820.05,3,1,1,1,0,0.74,10,1,0.3418,5.01,0.0,0.84,0.925,0.4219,0.9398,0.9222
571080.69,10072.48,2,2,3,2,2,0.688,20,0,0.2419,34.02,0.0,0.71,0.7509,0.9295,0.2558,0.8657
234415.15,1702.89,3,1,2,1,0,0.662,22,0,0.2407,50.47,0.0,0.8,0.5513,0.6572,0.5842,0.7888
240674.73,4788.78,2,1,2,1,0,0.594,10,0,0.2044,27.64,0.0,0.52,0.5357,0.4843,0.4996,0.706
523708.32,1652.58,2,1,1,1,1,0.929,14,0,0.1339,158.45,0.0,0.89,0.2559,0.2421,0.1084,0.9601
363307.48,8444.43,3,5,3,2,1,0.391,16,0,0.2447,17.21,0.0,0.81,0.8264,0.9342,0.2557,0.8898
477420.05,140355.74,4,1,1,1,0,0.817,13,1,0.328,1.28,0.0,0.74,0.9188,0.457,0.99,0.8965
2454228.61,355168.6,4,1,1,1,0,0.921,15,0,0.1503,2.59,0.0,0.8,0.9416,0.5828,0.9168,0.9112
1499244.14,71483.28,4,2,1,1,0,0.918,7,0,0.1147,7.87,0.0,0.77,0.9369,0.5125,0.99,0.9041
1588070.34,282107.81,4,1,1,1,0,0.834,2,1,0.2965,2.11,0.0,0.67,0.9629,0.4728,0.984,0.8808
261259.74,2415.09,3,2,2,1,0,0.797,9,0,0.2006,39.67,0.0,0.78,0.5938,0.5432,0.6762,0.7828
1513743.54,95389.11,5,2,1,1,0,0.783,15,0,0.149,4.76,0.0,0.66,0.9164,0.5194,0.8538,0.8786
2006564.24,171382.16,3,1,1,1,0,0.818,1,1,0.1844,5.85,0.0,0.64,0.8918,0.3503,0.8684,0.8738
1463854.45,76207.47,2,2,3,1,2,0.371,7,0,0.3058,11.53,0.0,0.56,0.9063,0.9321,0.2812,0.825
349614.12,79897.89,3,2,1,1,0,0.863,22,0,0.2072,2.19,0.0,0.74,0.9688,0.5343,0.9165,0.8975
383318.37,13216.82,4,5,3,2,1,0.53,12,0,0.3021,8.7,0.0,0.8,0.7524,0.8983,0.18,0.8873
712369.18,14764.5,2,5,3,2,1,0.404,17,0,0.2766,28.95,0.0,0.74,0.7583,0.9847,0.3027,0.8728
1590441.15,112175.56,6,1,1,1,0,0.728,22,0,0.2967,3.54,0.0,0.74,0.9217,0.389,0.8807,0.8984
361175.25,2830.22,1,1,1,1,1,0.939,9,0,0.1323,127.61,0.0,0.94,0.2282,0.1291,0.2055,0.9696
773422.92,10267.67,4,5,3,1,2,0.677,15,0,0.1684,22.6,0.0,0.86,0.8618,0.9718,0.1556,0.9029
959135.67,7954.58,3,2,2,1,0,0.583,18,0,0.2844,44.21,0.0,0.56,0.476,0.4146,0.6908,0.7194
1375919.48,79575.41,4,2,1,1,0,0.817,11,1,0.2374,6.48,0.0,0.75,0.8989,0.5163,0.8979,0.8997
2198045.52,130151.83,4,1,1,1,0,0.923,2,1,0.2696,6.33,0.0,0.81,0.99,0.474,0.8394,0.9135
468503.82,3239.44,1,1,1,1,1,0.923,13,0,0.0734,144.62,0.0,0.88,0.0599,0.1989,0.2049,0.9592
1244203.68,16159.44,4,3,2,2,1,0.52,6,0,0.3552,23.1,0.0,0.68,0.7837,0.9217,0.1697,0.8576
242638.55,4606.41,2,2,1,1,1,0.698,6,0,0.2789,31.6,0.0,0.64,0.7941,0.9062,0.3288,0.846
2253609.3,162887.91,6,2,1,1,0,0.909,3,1,0.1696,3.46,0.0,0.91,0.99,0.5198,0.99,0.939
2047167.37,278693.64,5,2,1,1,0,0.789,0,1,0.104,2.2,0.0,0.7,0.99,0.4146,0.8803,0.8878
788623.0,2939.4,1,1,1,1,0,0.956,11,0,0.0712,268.29,0.0,0.86,0.0553,0.1195,0.1062,0.9555
1234754.67,24708.87,2,3,1,1,2,0.596,10,0,0.1596,29.98,0.0,0.53,0.8076,0.9546,0.1762,0.8172
1014992.92,347872.58,4,2,1,1,0,0.975,14,1,0.171,1.09,0.0,0.68,0.9241,0.4208,0.8406,0.8828
51557.68,820.41,4,5,3,1,2,0.417,21,0,0.1808,18.85,0.0,0.89,0.8937,0.9515,0.2703,0.9119
1485583.32,32701.73,2,5,3,2,2,0.366,8,0,0.1576,27.26,0.0,0.53,0.7508,0.9483,0.2728,0.8177
822201.86,27875.32,6,2,1,1,0,0.8,16,1,0.2568,7.37,0.0,0.78,0.9587,0.5727,0.8401,0.9069
2111987.44,276001.46,4,1,1,1,0,0.813,20,0,0.1428,2.87,0.0,0.83,0.8746,0.3552,0.8553,0.9187
962081.55,8314.08,4,2,1,2,1,0.403,15,0,0.2414,34.72,0.0,0.52,0.7687,0.9747,0.1444,0.8158
1515756.31,55832.2,6,1,1,1,0,0.734,3,1,0.2236,6.79,0.0,0.93,0.8911,0.489,0.9345,0.9425
925071.57,35152.1,6,1,1,1,0,0.849,14,0,0.2385,6.58,0.0,0.77,0.9116,0.4332,0.9158,0.9042
496154.02,10572.27,3,5,1,1,2,0.354,13,0,0.331,18.77,0.0,0.6,0.7524,0.87,0.3231,0.8372
309865.67,1650.48,1,1,1,1,1,0.926,15,0,0.1284,187.74,0.0,0.91,0.147,0.0855,0.0626,0.9646
429876.79,5453.96,2,2,1,1,0,0.738,11,0,0.1812,43.35,0.0,0.67,0.4846,0.4329,0.4893,0.7495
398220.65,7237.31,3,2,1,1,1,0.396,11,0,0.259,22.01,0.0,0.63,0.8679,0.9136,0.2622,0.8446
514213.55,8157.31,2,1,2,1,0,0.798,23,0,0.2962,34.67,0.0,0.55,0.5292,0.6748,0.6642,0.7153
805357.19,175253.98,6,2,1,1,0,0.77,16,0,0.2906,1.15,0.0,0.85,0.9482,0.5758,0.8851,0.9239
639482.93,2540.84,1,1,1,1,0,0.989,15,0,0.1823,251.68,0.0,0.8,0.2166,0.1829,0.0816,0.9445
1830477.23,86303.65,6,2,1,1,0,0.753,18,0,0.1398,5.3,0.0,0.62,0.9749,0.5646,0.9495,0.8693
179929.83,1189.12,3,1,1,1,0,0.546,7,1,0.2798,55.48,0.0,0.63,0.672,0.6605,0.5755,0.7402
494722.47,908.31,2,1,1,1,1,0.968,10,0,0.0823,272.33,0.0,0.97,0.2147,0.0937,0.1188,0.9751
408115.73,4293.9,2,2,1,1,0,0.847,21,0,0.265,52.28,0.0,0.4,0.6165,0.484,0.661,0.6709
696990.38,9137.13,2,2,2,1,0,0.637,16,0,0.1665,41.95,0.0,0.64,0.6118,0.6268,0.6721,0.7434
637922.37,8594.66,2,2,2,1,0,0.63,19,0,0.1247,40.82,0.0,0.7,0.6121,0.4231,0.5461,0.7603
988930.35,24439.01,2,5,3,1,2,0.351,9,0,0.3852,24.28,0.0,0.7,0.8399,0.981,0.2452,0.8621
1710097.54,116393.97,5,2,1,1,0,0.919,10,0,0.2303,4.41,0.0,0.88,0.9065,0.5067,0.9689,0.93
627215.44,8493.59,4,5,2,1,1,0.488,17,0,0.276,22.15,0.0,0.61,0.8018,0.8715,0.1761,0.8386
193818.66,18646.39,4,1,1,1,0,0.89,10,1,0.2637,3.9,0.0,0.72,0.9046,0.5849,0.9865,0.8924
747770.18,3573.12,1,1,1,1,1,0.919,9,0,0.1507,209.28,0.0,0.79,0.2409,0.1626,0.1762,0.9414
791915.82,7539.67,3,1,1,1,0,0.59,2,0,0.161,38.51,0.0,0.45,0.596,0.578,0.4766,0.6836
425018.73,21633.91,3,1,1,1,0,0.703,18,0,0.2655,9.82,0.0,0.87,0.9619,0.4277,0.8892,0.9297
507321.57,3541.14,2,1,1,1,0,0.91,16,0,0.0997,71.63,0.0,0.97,0.0825,0.1234,0.2156,0.974
1601419.04,118952.49,3,2,1,1,0,0.771,7,1,0.2386,6.73,0.0,0.62,0.9356,0.4327,0.9373,0.8697
2257982.76,512938.04,6,2,1,1,0,0.851,18,1,0.2012,1.1,0.0,0.95,0.9646,0.5174,0.941,0.9474
1245904.8,37779.47,6,1,1,1,0,0.709,3,1,0.1805,8.24,0.0,0.77,0.9692,0.3978,0.9039,0.9043
90222.2,313.24,2,1,1,1,1,0.993,16,0,0.1783,144.01,0.0,0.87,0.1822,0.2374,0.0744,0.9569
151009.06,3061.77,3,2,3,2,2,0.368,12,0,0.1858,19.73,0.0,0.58,0.9059,0.8613,0.1653,0.8297
740607.38,40289.23,4,2,1,1,0,0.831,8,0,0.3169,6.89,0.0,0.7,0.921,0.4428,0.8368,0.889
511030.99,2817.85,2,1,1,1,1,0.931,16,0,0.1641,90.68,0.0,0.94,0.2154,0.1709,0.198,0.9689
636623.04,37075.76,2,3,2,1,2,0.657,11,0,0.1506,10.3,0.0,0.68,0.9014,0.8633,0.34,0.8556
1811242.09,238771.99,3,1,1,1,0,0.795,7,0,0.1613,3.79,0.0,0.84,0.9567,0.4368,0.8888,0.9214
272461.96,19556.9,5,2,1,1,0,0.725,23,1,0.3259,4.18,0.0,0.7,0.919,0.3642,0.8137,0.8868
1143709.91,137060.03,4,2,1,1,0,0.761,22,0,0.1894,3.13,0.0,0.69,0.9404,0.5913,0.9478,0.8851
1163313.78,41086.69,5,2,1,1,0,0.903,8,1,0.2676,8.49,0.0,0.95,0.9545,0.5487,0.99,0.9469
765808.79,2190.86,2,1,1,1,1,0.94,9,0,0.0732,174.77,0.0,0.84,0.0986,0.1344,0.1764,0.9519
2354829.61,234159.03,6,2,1,1,0,0.942,12,0,0.2062,2.51,0.0,0.85,0.911,0.5903,0.852,0.9239
326891.22,2871.54,3,2,2,1,0,0.709,19,0,0.2821,41.74,0.0,0.59,0.6601,0.666,0.439,0.7264
1037473.26,58005.23,2,4,2,1,2,0.614,6,0,0.1879,10.73,0.0,0.53,0.915,0.9896,0.2665,0.8185
2062725.55,130040.94,3,2,1,1,0,0.861,23,1,0.3065,7.93,0.0,0.69,0.9445,0.4488,0.9765,0.8859
167551.41,7361.36,5,2,1,1,0,0.966,5,0,0.108,6.83,0.0,0.91,0.9023,0.5962,0.8991,0.9387
373300.08,1671.51,1,1,1,1,0,0.963,15,0,0.0716,223.33,0.0,1.0,0.238,0.1646,0.0843,0.98
421996.14,137366.12,3,2,1,1,0,0.802,6,0,0.3239,1.54,0.0,0.79,0.9315,0.5222,0.9204,0.9098
628649.38,1371.52,2,1,1,1,0,0.999,9,0,0.1085,229.18,0.0,0.9,0.2142,0.2417,0.1195,0.9629
887485.85,89517.03,3,1,1,1,0,0.777,7,1,0.1217,4.96,0.0,0.82,0.9336,0.5173,0.8966,0.9159
1348469.97,57099.15,6,2,1,1,0,0.841,18,1,0.2057,5.9,0.0,0.8,0.9169,0.5644,0.9513,0.9131
2191416.83,72733.15,6,1,1,1,0,0.752,14,0,0.3211,7.53,0.0,0.72,0.9256,0.4943,0.832,0.8932
674137.51,7430.19,3,2,2,1,0,0.805,18,1,0.2839,33.27,0.0,0.46,0.4957,0.5988,0.6462,0.6878
122857.96,255.81,2,1,1,1,1,0.914,12,0,0.1965,240.14,0.0,0.86,0.2243,0.2128,0.0714,0.954
521176.74,1112.62,2,1,1,1,0,0.924,16,0,0.0672,234.21,0.0,0.95,0.0508,0.1089,0.1568,0.9716
1600311.34,337913.2,6,2,1,1,0,0.914,13,0,0.2924,1.18,0.0,0.68,0.9407,0.575,0.9357,0.8837
171342.89,1049.46,2,1,1,1,0,0.971,13,0,0.1763,81.63,0.0,0.94,0.0899,0.2632,0.0506,0.9695
212597.84,44549.42,3,1,1,1,0,0.749,21,0,0.1436,2.39,0.0,0.69,0.8984,0.364,0.8184,0.8866
631630.44,5845.49,1,1,1,1,1,0.989,10,0,0.1897,108.05,0.0,0.92,0.189,0.2551,0.1641,0.9661
2444058.66,182079.21,3,1,1,1,0,0.918,12,1,0.3009,6.71,0.0,0.9,0.9607,0.4837,0.9463,0.9352
144762.77,325.83,2,1,1,1,1,0.938,14,0,0.1373,222.15,0.0,0.95,0.1005,0.0974,0.1824,0.9703
645467.38,2376.18,1,1,1,1,1,0.927,12,0,0.1049,271.64,0.0,0.78,0.2587,0.2308,0.1471,0.9407
519458.41,54795.08,3,1,1,1,0,0.839,6,0,0.1916,4.74,0.0,0.79,0.8927,0.5547,0.9877,0.9087
356208.88,9114.56,2,2,2,1,0,0.525,2,0,0.2952,21.49,0.0,0.52,0.6508,0.426,0.6731,0.7071
1980314.53,240671.47,4,2,1,1,0,0.897,18,1,0.3279,3.09,0.0,0.69,0.99,0.5065,0.9539,0.8862
579123.8,22982.22,6,1,1,1,0,0.957,15,0,0.1874,6.3,0.0,0.66,0.9103,0.3775,0.941,0.8785
2166632.84,111697.66,3,1,1,1,0,0.724,9,1,0.1012,9.7,0.0,0.77,0.99,0.3627,0.8579,0.9051
1081520.05,49377.84,2,3,1,2,2,0.515,16,0,0.3293,13.14,0.0,0.55,0.8697,0.9795,0.1396,0.8222
1415207.37,125385.92,5,1,1,1,0,0.753,15,0,0.2189,3.39,0.0,0.78,0.945,0.5865,0.8856,0.9078
683823.36,34599.1,3,2,1,1,0,0.914,13,1,0.1312,9.88,0.0,0.8,0.9851,0.3694,0.9819,0.9131
935840.73,9843.27,2,1,1,1,0,0.584,11,0,0.1704,52.29,0.0,0.43,0.5618,0.51,0.6057,0.6792
30957.16,686.96,4,2,1,1,1,0.449,16,0,0.3619,13.52,0.0,0.52,0.8095,0.9368,0.1988,0.8145
1410183.86,26405.13,3,5,3,2,1,0.396,21,0,0.1592,21.36,0.0,0.85,0.879,0.8948,0.1791,0.9018
1027873.55,26105.2,6,1,1,1,0,0.853,17,1,0.3062,9.84,0.0,0.72,0.9873,0.4581,0.9423,0.8922
269058.01,1885.52,3,1,1,1,0,0.725,10,0,0.1074,52.32,0.0,0.5,0.5302,0.521,0.6903,0.6996
464008.02,52995.41,3,1,1,1,0,0.717,14,0,0.1017,4.38,0.0,0.71,0.8804,0.4405,0.8596,0.8911
1028021.82,19403.19,3,5,2,2,1,0.448,18,0,0.1548,21.19,0.0,0.54,0.7802,0.9211,0.1888,0.8204
1412697.34,26140.73,2,3,3,2,2,0.669,18,0,0.2212,32.43,0.0,0.72,0.7818,0.8718,0.2972,0.8669
1134558.85,25710.29,4,3,1,2,2,0.449,13,0,0.2975,13.24,0.0,0.59,0.7967,0.9003,0.2987,0.834
2434804.09,183242.85,6,1,1,1,0,0.829,3,1,0.2509,3.32,0.0,0.94,0.8939,0.4223,0.8778,0.9458
158669.91,1612.67,2,2,1,1,0,0.734,17,0,0.2419,54.11,0.0,0.74,0.5675,0.5999,0.4708,0.771
123556.02,825.57,3,2,2,1,0,0.725,15,0,0.2037,54.88,0.0,0.42,0.5048,0.6262,0.647,0.6749
1179877.19,184867.79,4,1,1,1,0,0.968,5,1,0.1881,2.39,0.0,0.6,0.968,0.4526,0.9589,0.8642
757364.68,3825.25,1,1,1,1,0,0.94,11,0,0.1143,197.99,0.0,0.97,0.0553,0.1183,0.2166,0.975
157171.05,961.6,1,1,1,1,1,0.948,17,0,0.1806,163.45,0.0,0.75,0.0551,0.1072,0.1148,0.9348
32393.18,591.83,2,1,2,1,0,0.672,17,0,0.1154,30.1,0.0,0.53,0.6939,0.4785,0.6476,0.7092
323561.45,5538.57,4,4,2,2,1,0.456,11,0,0.3337,17.53,0.0,0.82,0.8885,0.8649,0.1574,0.8928
180782.89,2971.17,2,1,1,1,0,0.615,17,0,0.1168,33.47,0.0,0.47,0.5742,0.4042,0.4528,0.6917
880283.93,9374.07,3,1,2,1,0,0.784,7,0,0.2606,34.43,0.0,0.57,0.4859,0.424,0.5994,0.7206
1284635.81,15207.67,4,3,1,1,2,0.601,13,0,0.3867,25.34,0.0,0.53,0.8504,0.9241,0.3121,0.8175
716952.42,8445.59,3,3,2,1,2,0.641,9,0,0.1858,33.96,0.0,0.62,0.8946,0.8709,0.3185,0.841
994483.87,15686.61,4,2,2,1,1,0.553,8,0,0.3239,19.02,0.0,0.69,0.8509,0.9443,0.2485,0.8599
1334067.15,18208.92,4,2,1,2,1,0.621,6,0,0.2777,21.98,0.0,0.81,0.7659,0.8993,0.1259,0.8906
730841.29,1395.47,2,1,1,1,0,0.905,17,0,0.129,261.86,0.0,0.71,0.2143,0.1357,0.1947,0.9281
1493578.05,58275.87,4,5,3,2,2,0.572,16,0,0.2612,7.69,0.0,0.78,0.8566,0.9147,0.1973,0.8838
773793.08,8470.35,3,2,1,1,0,0.781,10,0,0.1728,33.5,0.0,0.55,0.4966,0.5431,0.6344,0.7155
992514.38,11030.99,4,5,1,2,2,0.472,6,0,0.3322,26.99,0.0,0.71,0.7668,0.9675,0.1485,0.8648
173723.39,10011.61,3,1,1,1,0,0.954,16,0,0.2786,8.68,0.0,0.76,0.9712,0.4099,0.9273,0.9021
1227046.74,120551.47,4,2,1,1,0,0.842,4,1,0.1744,3.82,0.0,0.78,0.99,0.5423,0.9678,0.9062
417028.56,6449.1,1,1,1,1,0,0.947,15,0,0.107,64.66,0.0,0.94,0.1734,0.2092,0.1595,0.9685
43173.23,134.49,2,1,1,1,1,0.929,10,0,0.0633,160.5,0.0,0.9,0.1712,0.0832,0.0905,0.9614
1354428.93,30376.59,2,3,2,2,1,0.675,16,0,0.2082,26.75,0.0,0.8,0.7602,0.9142,0.3112,0.8868
705661.85,13931.37,3,1,1,1,0,0.555,20,1,0.1098,18.57,0.0,0.49,0.6605,0.6723,0.5025,0.6964
253163.46,615.17,2,1,1,1,1,0.974,9,0,0.1179,205.77,0.0,0.79,0.0767,0.1603,0.1116,0.942
945233.25,11457.07,3,2,1,1,0,0.771,9,0,0.1441,30.25,0.0,0.67,0.4612,0.6328,0.5833,0.7525
2185814.86,211077.57,5,2,1,1,0,0.917,1,1,0.1341,3.11,0.0,0.7,0.9351,0.4395,0.9261,0.8883
514669.77,16728.53,5,2,1,1,0,0.742,21,0,0.34,9.23,0.0,0.83,0.9063,0.3781,0.8655,0.9203
775363.22,17036.51,1,1,1,1,0,0.92,11,0,0.0688,45.51,0.0,0.86,0.116,0.2476,0.0701,0.9548
492506.09,4077.77,1,1,1,1,1,0.981,15,0,0.0714,120.78,0.0,0.77,0.1377,0.2258,0.159,0.9382
729363.18,9950.74,4,3,1,2,1,0.485,10,0,0.3047,21.99,0.0,0.52,0.8449,0.9316,0.3166,0.8156
34669.07,237.95,2,1,1,1,1,0.958,17,0,0.1512,72.85,0.0,0.77,0.1454,0.2111,0.1466,0.939
2206907.77,83894.64,5,1,1,1,0,0.896,15,0,0.1386,7.89,0.0,0.92,0.9391,0.5639,0.9826,0.9413
34732.61,575.87,3,4,3,2,1,0.594,19,0,0.2873,24.13,0.0,0.71,0.8614,0.9336,0.1569,0.8652
544382.51,28542.67,4,2,1,1,0,0.972,14,0,0.1288,7.15,0.0,0.73,0.8826,0.5634,0.9058,0.8945
1448114.37,26778.98,2,4,1,2,2,0.394,10,0,0.3278,32.45,0.0,0.77,0.9188,0.9529,0.3022,0.8791
500259.61,898.12,2,1,1,1,1,0.994,15,0,0.0926,278.5,0.0,0.85,0.2067,0.1602,0.1574,0.9535
1097875.7,52845.99,6,2,1,1,0,0.977,15,0,0.1218,5.19,0.0,0.86,0.8523,0.547,0.9281,0.9272
628665.17,3150.07,1,1,1,1,0,0.917,9,0,0.121,199.57,0.0,0.78,0.1503,0.2692,0.214,0.9402
1968259.96,71499.39,6,2,1,1,0,0.926,7,0,0.1721,6.88,0.0,0.64,0.8514,0.3535,0.8341,0.8727
98009.9,1048.04,1,1,1,1,0,0.927,14,0,0.1435,93.52,0.0,0.8,0.1167,0.2167,0.0841,0.944
915912.7,29330.09,5,2,1,1,0,0.744,1,1,0.2309,9.37,0.0,0.87,0.9776,0.3688,0.888,0.9283
1480942.87,55176.0,6,2,1,1,0,0.919,12,1,0.3483,6.71,0.0,0.88,0.9761,0.4441,0.9317,0.9321
326315.66,6441.45,2,1,2,1,0,0.805,2,0,0.1024,27.86,0.0,0.67,0.5948,0.4232,0.6905,0.7503
985993.45,11822.24,4,4,1,1,1,0.689,12,0,0.2075,25.02,0.0,0.61,0.8293,0.986,0.337,0.8389
520744.04,1696.21,2,1,1,1,1,0.933,16,0,0.1232,153.5,0.0,0.97,0.2445,0.2115,0.216,0.9738
750600.7,57154.08,4,2,1,1,0,0.828,23,1,0.174,4.92,0.0,0.91,0.9426,0.413,0.9453,0.9382
1949011.57,434704.13,5,2,1,1,0,0.839,12,0,0.291,1.35,0.0,0.69,0.8631,0.5525,0.99,0.8845
661927.21,1646.46,2,1,1,1,1,0.935,12,0,0.1949,201.02,0.0,0.85,0.2149,0.205,0.1734,0.9531
61697.62,1004.26,1,1,1,1,0,0.905,15,0,0.1789,61.44,0.0,0.96,0.2483,0.1173,0.23,0.9729
270190.76,3035.54,4,5,3,1,1,0.498,8,0,0.1616,26.7,0.0,0.7,0.8735,0.8656,0.2953,0.8626
1492494.32,94929.31,6,1,1,1,0,0.878,13,0,0.2213,3.93,0.0,0.89,0.9194,0.4875,0.9061,0.9341
117122.06,4859.73,4,1,1,1,0,0.921,1,1,0.1163,9.04,0.0,0.72,0.9708,0.5094,0.9743,0.8921
2344724.23,85899.01,5,2,1,1,0,0.749,9,1,0.1397,8.19,0.0,0.66,0.9146,0.4558,0.9486,0.8783
602870.1,6266.44,3,2,2,1,0,0.842,19,0,0.254,35.28,0.0,0.65,0.5184,0.512,0.5518,0.7462
1157946.97,31234.08,6,2,1,1,0,0.714,10,0,0.2168,9.27,0.0,0.61,0.8751,0.5233,0.819,0.8668
28051.61,625.25,2,3,2,2,2,0.644,15,0,0.1858,26.92,0.0,0.78,0.8531,0.9675,0.2945,0.8835
843944.06,12898.45,2,1,2,1,0,0.733,1,0,0.1119,35.99,0.0,0.7,0.5791,0.643,0.6047,0.7608
145488.81,637.01,2,1,1,1,0,0.933,10,0,0.1661,114.2,0.0,0.81,0.2429,0.2358,0.1812,0.9457
986198.36,10301.23,4,5,2,2,2,0.447,9,0,0.3517,28.72,0.0,0.64,0.8166,0.9818,0.263,0.8461
251286.07,32130.6,3,1,1,1,0,0.77,11,0,0.2056,3.91,0.0,0.68,0.8746,0.3849,0.8019,0.8844
469951.05,61419.44,4,1,1,1,0,0.796,9,0,0.1618,2.87,0.0,0.74,0.9514,0.4099,0.8219,0.8984
1996455.78,135810.97,6,2,1,1,0,0.919,23,1,0.2496,3.68,0.0,0.68,0.985,0.4368,0.9126,0.8829
775577.57,34572.72,4,2,1,1,0,0.796,19,0,0.1618,8.41,0.0,0.82,0.9342,0.354,0.9244,0.9175
2013370.91,153786.59,6,2,1,1,0,0.814,5,1,0.1966,3.27,0.0,0.84,0.9641,0.3636,0.9505,0.9226
786153.22,2938.42,1,1,1,1,0,0.987,12,0,0.1149,267.54,0.0,0.96,0.1475,0.1477,0.2433,0.9736
172423.45,1119.67,1,1,1,1,1,0.911,12,0,0.1898,153.99,0.0,0.92,0.2577,0.0891,0.1163,0.9659
1965945.33,188766.99,6,2,1,1,0,0.932,21,0,0.187,2.6,0.0,0.92,0.9791,0.5044,0.9179,0.9407
51986.95,608.29,3,3,3,2,2,0.535,20,0,0.2474,34.19,0.0,0.67,0.9158,0.9464,0.3158,0.8543
826834.22,35219.81,4,2,1,1,0,0.948,1,1,0.1803,8.8,0.0,0.61,0.9079,0.4043,0.9388,0.8671
984671.38,51830.93,6,1,1,1,0,0.723,13,0,0.2899,4.75,0.0,0.69,0.8544,0.4142,0.9566,0.8848
365902.14,13097.85,6,1,1,1,0,0.881,14,0,0.1396,6.98,0.0,0.62,0.9509,0.3828,0.8908,0.8683
426878.82,13309.54,2,2,1,1,0,0.801,23,1,0.1543,17.64,0.0,0.68,0.4812,0.5198,0.5657,0.7532
523524.64,2196.11,1,1,1,1,0,0.966,17,0,0.1287,238.39,0.0,0.71,0.0648,0.2479,0.1074,0.9275
1618995.26,66106.05,5,2,1,1,0,0.818,14,0,0.2633,7.35,0.0,0.77,0.9494,0.3866,0.99,0.9046
28161.35,133.5,1,1,1,1,0,0.927,11,0,0.052,210.95,0.0,0.86,0.0507,0.265,0.1502,0.9543
885584.23,22451.24,6,1,1,1,0,0.734,8,0,0.1112,9.86,0.0,0.94,0.8972,0.5154,0.9134,0.945
701339.54,53207.05,4,1,1,1,0,0.918,19,0,0.2195,4.94,0.0,0.81,0.8586,0.5661,0.8834,0.9138
743183.2,9489.35,1,1,1,1,0,0.907,16,0,0.1193,78.32,0.0,0.88,0.0631,0.1489,0.2387,0.959
300550.33,1615.1,1,1,1,1,0,0.915,11,0,0.1387,186.09,0.0,0.76,0.0819,0.2015,0.0946,0.9376
100436.9,564.07,1,1,1,1,1,0.983,16,0,0.0858,178.06,0.0,0.81,0.1204,0.2339,0.2444,0.9455
86163.7,21708.13,3,2,1,1,0,0.934,16,0,0.2745,1.98,0.0,0.92,0.882,0.3862,0.8714,0.94
675715.45,7236.45,2,1,2,1,0,0.613,0,0,0.258,51.36,0.0,0.5,0.5025,0.5327,0.4576,0.7011
466091.43,2536.99,1,1,1,1,0,0.973,15,0,0.1003,183.72,0.0,0.84,0.2529,0.2137,0.154,0.9503
179032.46,2443.88,3,5,1,1,2,0.39,17,0,0.2399,29.3,0.0,0.59,0.8068,0.9668,0.2943,0.8334
1179190.21,17030.29,4,5,2,1,1,0.684,11,0,0.173,20.77,0.0,0.88,0.7721,0.9492,0.2176,0.9092
620829.72,2684.66,2,1,1,1,1,0.903,17,0,0.077,115.63,0.0,0.93,0.1722,0.1675,0.0862,0.9678
952194.72,22658.57,3,4,1,2,1,0.475,16,0,0.292,16.81,0.0,0.87,0.8809,0.8818,0.3023,0.9064
1104107.18,31573.68,6,1,1,1,0,0.742,3,1,0.2254,8.74,0.0,0.85,0.9333,0.5653,0.946,0.9235
900198.63,23547.7,6,1,1,1,0,0.816,5,0,0.3224,9.56,0.0,0.82,0.9026,0.3779,0.9578,0.9176
1535449.49,51564.02,6,2,1,1,0,0.851,16,0,0.1449,7.44,0.0,0.93,0.9477,0.4116,0.8556,0.9423
516854.79,104432.04,4,1,1,1,0,0.971,4,1,0.1301,1.86,0.0,0.8,0.9507,0.5595,0.9493,0.9113
2460516.94,78506.97,6,1,1,1,0,0.931,13,0,0.1492,7.84,0.0,0.78,0.8738,0.5939,0.9747,0.9076
813530.13,11287.79,2,1,1,1,0,0.609,15,0,0.2576,39.64,0.0,0.6,0.5241,0.5421,0.4376,0.7298
366769.51,7186.79,1,1,1,1,1,0.913,14,0,0.1194,51.03,0.0,0.83,0.0892,0.1809,0.1343,0.95
45400.55,471.99,4,3,1,2,2,0.681,14,0,0.3246,28.86,0.0,0.62,0.8699,0.8713,0.1967,0.8401
1592628.31,56465.37,5,2,1,1,0,0.847,7,1,0.2592,8.46,0.0,0.84,0.99,0.4435,0.923,0.9205
1195480.55,54111.72,4,1,1,1,0,0.791,5,1,0.3233,8.28,0.0,0.71,0.9073,0.5195,0.8749,0.8914
858246.05,19166.78,3,1,1,1,0,0.76,3,0,0.28,16.42,0.0,0.41,0.5397,0.6338,0.4788,0.6741
74604.37,4645.03,4,1,1,1,0,0.905,20,0,0.2821,6.02,0.0,0.75,0.9065,0.5114,0.9529,0.9
603608.0,1794.11,2,1,1,1,0,0.931,11,0,0.1765,168.22,0.0,0.92,0.1897,0.1318,0.244,0.9647
2103720.22,83575.86,4,2,1,1,0,0.82,14,0,0.1676,9.44,0.0,0.78,0.933,0.5901,0.9277,0.9068
948952.34,29074.07,6,1,1,1,0,0.842,11,1,0.3464,8.16,0.0,0.81,0.8961,0.5256,0.9215,0.9143
158705.97,1084.13,1,1,1,1,1,0.96,14,0,0.1793,146.39,0.0,0.95,0.127,0.1384,0.1631,0.9718
406174.4,26655.74,6,1,1,1,0,0.832,14,0,0.1341,3.81,0.0,0.81,0.8883,0.463,0.9215,0.9152
1218855.05,53328.3,4,5,2,2,1,0.465,9,0,0.3929,6.86,0.0,0.89,0.9186,0.9874,0.1543,0.9108
325755.37,4734.13,1,1,1,1,0,0.938,14,0,0.0765,68.81,0.0,0.77,0.2012,0.0904,0.1517,0.9387
2037310.51,834068.51,3,2,1,1,0,0.808,15,1,0.1013,1.22,0.0,0.6,0.9195,0.4198,0.9252,0.8647
481091.22,8167.85,2,1,1,1,0,0.822,6,0,0.2503,32.4,0.0,0.69,0.5168,0.4493,0.6542,0.7562
797521.51,3914.15,1,1,1,1,1,0.97,9,0,0.0706,203.75,0.0,0.7,0.0695,0.156,0.1158,0.9261
111020.49,1648.44,3,1,2,1,0,0.657,22,0,0.2254,24.69,0.0,0.4,0.692,0.5588,0.6172,0.6714
1437938.2,14377.92,4,3,2,1,1,0.369,12,0,0.2208,30.0,0.0,0.6,0.7511,0.974,0.1929,0.8356
294074.87,13706.46,4,2,1,1,0,0.86,6,0,0.2945,8.05,0.0,0.72,0.9774,0.5337,0.9206,0.8921
1623019.21,91616.93,4,1,1,1,0,0.864,18,1,0.1646,6.64,0.0,0.82,0.9513,0.5732,0.9304,0.9165
954716.86,12387.7,3,2,2,1,0,0.764,17,0,0.1963,28.26,0.0,0.49,0.6742,0.4009,0.4812,0.6968
351176.47,4928.91,4,4,3,1,2,0.361,11,0,0.2528,21.37,0.0,0.6,0.7918,0.9361,0.3449,0.8372
982230.34,8625.15,3,1,2,1,0,0.696,8,0,0.1127,41.76,0.0,0.47,0.6715,0.651,0.4766,0.6912
2083032.02,270148.54,3,1,1,1,0,0.93,17,0,0.1395,3.86,0.0,0.88,0.8527,0.4343,0.8713,0.9321
471501.67,24281.49,3,1,1,1,0,0.845,14,1,0.1728,9.71,0.0,0.65,0.9277,0.5872,0.8661,0.8767
522725.29,16892.29,6,1,1,1,0,0.807,5,1,0.1668,7.74,0.0,0.73,0.8918,0.4888,0.9747,0.896
1553784.77,160161.75,5,2,1,1,0,0.788,22,0,0.1526,2.91,0.0,0.91,0.8886,0.555,0.8566,0.9384
551725.72,1007.01,2,1,1,1,0,0.918,13,0,0.0942,273.94,0.0,0.83,0.1392,0.1024,0.2093,0.9489
748381.1,27591.4,3,5,2,2,2,0.404,14,0,0.1976,10.85,0.0,0.6,0.7803,0.8915,0.349,0.8363
914316.45,12928.37,3,4,1,1,1,0.496,14,0,0.1527,28.29,0.0,0.82,0.7677,0.9172,0.3499,0.892
2046814.62,130044.83,4,2,1,1,0,0.977,10,0,0.2607,5.9,0.0,0.94,0.9638,0.5688,0.9496,0.9452
1129128.31,267112.07,6,1,1,1,0,0.958,5,0,0.1843,1.06,0.0,0.8,0.8857,0.5777,0.9012,0.9126
136229.79,1284.92,2,1,2,1,0,0.642,23,0,0.2706,58.31,0.0,0.51,0.568,0.478,0.4803,0.7033
518692.46,7757.28,4,5,2,1,1,0.684,13,0,0.2966,20.06,0.0,0.66,0.8032,0.862,0.2653,0.8529
954060.49,13366.89,3,5,2,1,1,0.621,15,0,0.2414,28.55,0.0,0.51,0.899,0.8793,0.2539,0.8123
244689.37,4605.9,2,1,1,1,0,0.561,10,0,0.1053,29.22,0.0,0.6,0.4735,0.6499,0.602,0.7286
2076255.39,105588.08,5,2,1,1,0,0.771,19,0,0.1147,5.9,0.0,0.82,0.9776,0.4709,0.8703,0.9167
263760.86,2496.17,2,2,1,1,0,0.534,22,0,0.1712,58.12,0.0,0.75,0.6134,0.549,0.5116,0.7762
1469802.55,53053.1,6,1,1,1,0,0.752,20,0,0.2075,6.93,0.0,0.92,0.8927,0.3668,0.9142,0.9397
1483861.3,17842.18,3,3,2,1,2,0.683,13,0,0.1892,33.27,0.0,0.66,0.7763,0.9835,0.1609,0.8526
146334.57,2641.63,2,3,1,2,1,0.643,12,0,0.245,33.24,0.0,0.75,0.806,0.9525,0.158,0.8746
612000.11,31640.26,3,2,3,1,1,0.505,15,0,0.2071,7.74,0.0,0.79,0.8804,0.8663,0.2799,0.8846
239813.33,2285.39,3,1,2,1,0,0.508,18,0,0.1827,38.48,0.0,0.69,0.4694,0.416,0.5614,0.7557
2350872.0,84850.81,5,1,1,1,0,0.764,19,1,0.1904,8.31,0.0,0.63,0.99,0.4493,0.8225,0.8715
1337415.54,57247.85,3,3,2,1,2,0.688,19,0,0.2025,9.34,0.0,0.86,0.7647,0.9085,0.1417,0.9037
64322.61,1536.65,3,2,2,1,0,0.645,2,0,0.181,15.35,0.0,0.57,0.6295,0.4666,0.6165,0.7214
868323.35,8059.04,2,2,1,1,0,0.615,4,0,0.283,59.26,0.0,0.74,0.4712,0.6622,0.5225,0.7713
891009.93,112063.51,5,2,1,1,0,0.862,6,0,0.164,2.39,0.0,0.72,0.8902,0.4859,0.8527,0.8924
484828.73,48407.25,2,3,3,2,2,0.678,7,0,0.2987,6.01,0.0,0.71,0.8396,0.9374,0.3486,0.8653
982231.24,17777.13,2,2,1,1,0,0.776,11,0,0.2266,30.39,0.0,0.65,0.6759,0.4665,0.6153,0.7446
216625.62,8482.89,4,5,2,1,1,0.674,6,0,0.1847,7.66,0.0,0.66,0.7637,0.9571,0.164,0.8518
68477.9,384.3,1,1,1,1,1,0.933,17,0,0.1387,178.19,0.0,0.95,0.0623,0.127,0.1634,0.9708
819028.72,13345.87,2,2,2,1,0,0.54,6,0,0.2373,33.75,0.0,0.64,0.47,0.44,0.6744,0.7432
537238.32,28292.54,3,1,1,1,0,0.781,23,1,0.3183,9.49,0.0,0.89,0.9575,0.5263,0.9639,0.9339
753952.19,17527.28,3,5,1,1,1,0.6,6,0,0.1612,17.21,0.0,0.63,0.8621,0.9599,0.2662,0.8441
196372.16,1111.3,1,1,1,1,0,0.917,13,0,0.1431,176.71,0.0,0.83,0.14,0.1268,0.0999,0.9487
388698.19,3438.89,2,1,1,1,1,0.922,15,0,0.0771,56.52,0.0,0.75,0.1511,0.1066,0.2454,0.9351
247606.19,3915.94,3,1,1,1,0,0.655,1,0,0.2103,23.18,0.0,0.46,0.5687,0.6307,0.5626,0.6888
1062823.11,358656.54,3,1,1,1,0,0.863,19,0,0.1715,1.48,0.0,0.78,0.8509,0.5524,0.99,0.9064
816446.83,8968.43,4,2,2,2,2,0.583,20,0,0.3482,27.31,0.0,0.53,0.9,0.9087,0.3321,0.817
797172.7,20355.9,2,1,2,1,0,0.506,10,0,0.2124,21.54,0.0,0.75,0.5868,0.5951,0.458,0.7737
595681.8,10370.63,3,1,1,1,0,0.646,10,1,0.2318,21.06,0.0,0.69,0.6093,0.4805,0.5137,0.7576
1314262.29,11285.51,4,5,3,2,1,0.374,13,0,0.2915,34.94,0.0,0.89,0.8364,0.9295,0.1849,0.9117
1783553.23,310432.11,6,1,1,1,0,0.813,5,0,0.1632,1.44,0.0,0.95,0.9604,0.4141,0.9037,0.9476
44133.36,2828.38,2,3,1,1,2,0.67,6,0,0.3917,9.36,0.0,0.51,0.8103,0.9219,0.3001,0.812
591447.19,1668.31,2,1,1,1,0,0.982,15,0,0.1541,177.26,0.0,0.8,0.26,0.2588,0.1631,0.9444
259357.68,5661.11,2,2,1,1,1,0.417,17,0,0.2736,27.49,0.0,0.75,0.7771,0.8689,0.243,0.8752
512119.5,13905.47,3,2,3,1,2,0.354,14,0,0.297,14.73,0.0,0.67,0.9138,0.9239,0.3241,0.855
1132349.34,46190.03,4,2,1,1,0,0.95,18,1,0.3008,9.19,0.0,0.87,0.9679,0.4799,0.9621,0.9277
461466.92,1866.51,1,1,1,1,0,0.902,13,0,0.0757,247.23,0.0,0.95,0.2503,0.117,0.2404,0.9704
1360847.14,12659.75,4,4,2,2,1,0.371,8,0,0.3279,32.25,0.0,0.58,0.9096,0.8895,0.2057,0.8307
174839.12,633.8,1,1,1,1,1,0.962,13,0,0.1686,275.86,0.0,0.97,0.0719,0.2723,0.0969,0.9752
787320.56,43593.04,3,5,1,1,2,0.491,13,0,0.153,7.22,0.0,0.75,0.8444,0.9362,0.1204,0.8752
1315591.38,52961.18,2,2,1,2,2,0.392,7,0,0.3708,14.9,0.0,0.51,0.9117,0.9349,0.2418,0.8137
215279.16,2103.58,3,2,2,1,0,0.685,15,0,0.2611,37.52,0.0,0.66,0.5695,0.4634,0.499,0.749
362648.66,8683.68,3,1,2,1,0,0.552,2,0,0.2317,15.31,0.0,0.72,0.6372,0.6266,0.6271,0.7673
1347005.02,12895.66,4,2,3,1,1,0.354,12,0,0.1787,31.34,0.0,0.6,0.8935,0.9306,0.3155,0.8372
285405.47,1250.73,1,1,1,1,0,0.994,16,0,0.1853,228.19,0.0,0.81,0.0614,0.1306,0.0602,0.9466
2129920.27,99416.24,4,2,1,1,0,0.905,12,1,0.2745,8.03,0.0,0.69,0.99,0.4508,0.9457,0.8853
181316.69,2358.45,2,2,2,1,0,0.786,8,0,0.2521,42.28,0.0,0.46,0.4977,0.5534,0.5824,0.6894
484620.89,3972.47,3,1,1,1,0,0.717,12,0,0.1353,44.73,0.0,0.74,0.5991,0.6422,0.5397,0.7722
800006.75,20256.02,2,3,3,1,1,0.463,7,0,0.3337,23.7,0.0,0.89,0.772,0.9428,0.2391,0.9122
30045.46,408.17,3,2,1,1,0,0.534,10,0,0.2245,26.99,0.0,0.75,0.4587,0.4075,0.6972,0.7742
121149.23,1884.26,1,1,1,1,0,0.923,9,0,0.0862,64.3,0.0,0.82,0.2349,0.0857,0.1114,0.9475
947604.74,20195.44,2,2,3,2,2,0.444,20,0,0.3829,28.15,0.0,0.61,0.8496,0.8988,0.1445,0.8386
1203359.89,234918.99,3,1,1,1,0,0.966,3,1,0.164,2.56,0.0,0.64,0.9266,0.5491,0.978,0.8729
821675.59,12102.73,4,3,2,2,1,0.63,7,0,0.2035,20.37,0.0,0.83,0.8066,0.9658,0.1699,0.8951
301514.09,56121.35,5,1,1,1,0,0.702,12,0,0.3248,1.61,0.0,0.67,0.94,0.5278,0.8397,0.8797
1677948.88,625870.5,3,1,1,1,0,0.744,10,0,0.1656,1.34,0.0,0.69,0.8886,0.5102,0.9185,0.8845
1981165.06,98900.6,6,2,1,1,0,0.741,7,0,0.2732,5.01,0.0,0.65,0.8843,0.4016,0.9322,0.8762
667267.62,21504.26,6,2,1,1,0,0.703,2,1,0.1021,7.76,0.0,0.62,0.9185,0.5765,0.911,0.8681
609987.74,3334.63,1,1,1,1,1,0.907,15,0,0.1246,182.93,0.0,0.78,0.156,0.0981,0.2318,0.9407
446172.05,1058.61,2,1,1,1,1,0.962,16,0,0.1223,210.73,0.0,0.9,0.2106,0.2086,0.1283,0.9627
170334.36,2161.92,3,4,3,2,1,0.41,19,0,0.292,31.52,0.0,0.77,0.8047,0.9235,0.2952,0.8798
974980.32,11829.04,2,1,1,1,0,0.555,3,0,0.1873,45.33,0.0,0.72,0.6584,0.6216,0.5193,0.7653
928919.59,69110.4,6,2,1,1,0,0.716,10,0,0.3153,3.36,0.0,0.68,0.9684,0.4067,0.8384,0.8829
568256.38,10914.89,3,2,2,1,0,0.663,4,0,0.1127,19.09,0.0,0.48,0.6107,0.6542,0.6361,0.6941
2068069.36,120235.63,5,2,1,1,0,0.752,5,0,0.1131,5.16,0.0,0.77,0.9452,0.4826,0.9649,0.905
44556.8,632.72,3,2,1,2,1,0.502,14,0,0.2235,28.17,0.0,0.81,0.8213,0.9635,0.2469,0.8896
996033.82,66534.12,3,2,1,1,0,0.875,13,0,0.1293,7.49,0.0,0.82,0.8791,0.3619,0.8732,0.9163
569653.03,2227.74,1,1,1,1,1,0.944,17,0,0.1638,255.71,0.0,0.82,0.2213,0.2503,0.1203,0.9482
2288401.69,124083.58,5,2,1,1,0,0.806,23,1,0.2948,5.53,0.0,0.81,0.8933,0.4612,0.8555,0.9145
42317.79,455.66,2,1,1,1,0,0.595,2,0,0.2909,51.08,0.0,0.72,0.6236,0.6591,0.4649,0.7658
2115207.56,160231.87,6,1,1,1,0,0.909,8,0,0.1482,3.3,0.0,0.62,0.9391,0.5953,0.8537,0.8699
149439.26,1825.03,1,1,1,1,1,0.985,16,0,0.0968,81.88,0.0,0.93,0.1593,0.1428,0.2485,0.9675
460354.78,11805.13,3,2,1,1,2,0.694,13,0,0.3392,15.6,0.0,0.75,0.7702,0.9676,0.342,0.8744
1079890.09,30123.8,6,1,1,1,0,0.706,22,0,0.1139,8.96,0.0,0.66,0.9528,0.4131,0.9232,0.8788
331781.52,2532.32,1,1,1,1,1,0.949,13,0,0.159,131.02,0.0,0.81,0.1935,0.1616,0.1757,0.9466
708717.85,3885.3,1,1,1,1,1,0.956,14,0,0.0527,182.41,0.0,0.87,0.1596,0.0886,0.1879,0.9561
